Location,date,avg_power,max_power,avg_wind_speed_100m,avg_wind_speed_10m,avg_temperature_2m,avg_relative_humidity_2m,avg_wind_gust_10m
1,2013-01-02,0.19414588600000002,0.316495886,4.944882750333333,2.800805835666667,32.25460022,85.70587145666667,5.3281817406666665
1,2013-01-03,0.23035421933333333,0.590495886,4.356132750458333,2.5787225023333336,36.61710022,98.49753812333334,4.969848407166666
1,2013-01-04,0.8680292193333333,0.928995886,12.382382753083334,7.844555835666667,19.758766886666667,62.872538123333335,15.924015070000001
1,2013-01-05,0.6980375526666666,0.798195886,8.505716083916667,5.063722502333333,10.221266887666667,57.78920479000001,10.324015071666667
1,2013-01-06,0.32276671933333334,0.485695886,6.9857160836666665,3.595389169,5.408766889833333,62.372538123333335,6.699015073999999
1,2013-01-07,0.569745886,0.755795886,7.902799417375,4.790389169,8.733766889,60.66420479000001,9.1281817385
1,2013-01-08,0.6052500526666666,0.919295886,7.942382750833333,4.861222502333333,11.637933555000002,55.28920479000001,9.694848405
1,2013-01-09,0.5784042193333333,0.808795886,7.876549417375,4.458305835666667,20.912933553333332,53.91420479000001,8.932348406000001
1,2013-01-10,0.8747833859999999,0.922795886,12.864466085791667,7.394972502541666,33.517100219999996,84.70587145666667,15.699015070666666
1,2013-01-11,0.834358386,0.912795886,9.986966085166666,5.758722502333334,34.18376688666667,76.99753812333334,12.994848404333334
1,2013-01-12,0.332733386,0.729395886,6.477382750583334,3.889139169,26.433766886666664,83.33087145666667,8.082348406166666
1,2013-01-13,0.21419171933333334,0.535495886,4.636966083666667,2.7437225023333336,16.15460022,65.70587145666667,5.615681740333334
1,2013-01-14,0.10878755266666668,0.256095886,4.090716083666667,2.285389169,21.658766886666665,60.45587145666667,4.544848407333333
1,2013-01-15,0.102870886,0.299395886,4.239466083666667,2.492889169,23.37960022,71.91420479,4.6198484073333335
1,2013-01-16,0.32639171933333333,0.550195886,5.275716083666667,2.8124725023333332,29.20460022,72.58087145666667,5.232348407333333
1,2013-01-17,0.39986255266666665,0.820095886,6.701549417,3.516639169,34.04210022,96.12253812333334,6.761515073999999
1,2013-01-18,0.3750792193333334,0.594395886,6.501966083666667,3.8424725023333335,35.09626688666667,92.83087145666667,7.519848406833333
1,2013-01-19,0.208920886,0.553695886,4.868632750333334,2.827472502333334,32.358766886666665,90.28920479,5.740681740666666
1,2013-01-20,0.09558755266666667,0.206495886,4.9390494170000006,2.737472502333333,32.97126688666666,93.95587145666667,5.144848407333334
1,2013-01-21,0.13655005266666667,0.176495886,5.831549417000001,2.7958058356666666,40.242100220000005,96.78920479,5.128181740666666
1,2013-01-22,0.066745886,0.102495886,3.559049417,2.0387225023333335,38.90876688666667,98.49753812333334,3.7198484073333336
1,2013-01-23,0.13267921933333335,0.222995886,5.257382750333334,2.6499725023333336,36.612933553333335,96.37253812333334,4.790681740666667
1,2013-01-24,0.08157505266666666,0.143595886,4.184049417,2.384139169,34.19210022,95.24753812333334,4.590681740666667
1,2013-01-25,0.14098338600000002,0.146595886,3.308632750333333,2.038305835666667,34.06710022,95.24753812333334,4.319848407333333
1,2013-01-26,0.5646708859999999,0.873395886,7.661966083666667,4.656639169,33.00043355333333,85.83087145666667,9.149015072166668
1,2013-01-27,0.8468167193333334,0.911995886,9.119466084416667,5.645389169,28.908766886666665,71.03920479,11.419848404833333
1,2013-01-28,0.563633386,0.707595886,8.051132750333332,4.9058058356666665,27.500433553333334,71.12253812333334,10.032348405833334
1,2013-01-29,0.276570886,0.472395886,5.404466083666667,3.3383058356666666,21.875433553333334,60.997538123333335,6.719848407000001
1,2013-01-30,0.36089171933333336,0.578395886,5.350299417,3.266639169,19.06710022,50.66420479000001,6.403181740666667
1,2013-01-31,0.18355005266666669,0.476295886,5.598216083666666,3.4428891690000003,26.583766886666666,76.33087145666667,6.7740150735
1,2013-02-01,0.5932000526666666,0.896595886,7.968632750333334,4.709139169,27.45043355333333,69.24753812333334,9.478181739166667
1,2013-02-02,0.6796625526666666,0.826595886,8.241966084041666,5.244972502333334,18.371266886666668,62.83087145666667,10.444848404833333
1,2013-02-03,0.6310292193333333,0.831095886,8.007799417,5.144139169,16.287933553333335,54.45587145666667,10.3615150725
1,2013-02-04,0.607145886,0.821395886,7.861132750333333,4.764555835666667,21.708766886666666,50.997538123333335,9.361515072333333
1,2013-02-05,0.5990625526666666,0.716095886,7.781966083916667,4.702055835666667,27.862933553333335,54.66420479000001,9.4865150725
1,2013-02-06,0.3153125526666667,0.448495886,4.626549417,2.8024725023333334,29.100433553333332,65.41420479,5.4823484071666675
1,2013-02-07,0.43563755266666665,0.592795886,8.041549417625001,4.485389169,33.84210022,93.99753812333334,8.615681739666668
1,2013-02-08,0.428695886,0.689895886,6.189882750708333,4.009139169,24.612933553333335,60.91420479000001,8.524015073166668
1,2013-02-09,0.5908417193333334,0.858795886,7.773632751083333,5.107055835666666,16.833766886666666,49.997538123333335,10.440681738833334
1,2013-02-10,0.5676167193333334,0.823395886,7.706549417125,4.6524725023333335,22.521266886666666,54.622538123333335,9.411515072166667
1,2013-02-11,0.18268755266666667,0.498195886,4.436549417,2.4012225023333333,32.517100219999996,80.08087145666667,4.936515074
1,2013-02-12,0.480170886,0.823795886,8.204882751583334,5.044555835666666,31.196266886666667,83.74753812333334,9.9906817385
1,2013-02-13,0.4305250526666667,0.801995886,7.341132750708333,4.384139169,29.22960022,62.497538123333335,8.932348405499999
1,2013-02-14,0.7417333859999999,0.848795886,9.229466084291667,5.414139168999999,35.24626688666667,66.37253812333334,10.828181738333333
1,2013-02-15,0.7554167193333333,0.844695886,8.371966083916666,5.276639169,25.85460022,67.78920479,10.469848404666667
1,2013-02-16,0.19726255266666667,0.525795886,5.224466083666667,3.5770558356666666,22.050433553333335,55.747538123333335,7.519848406166666
1,2013-02-17,0.28915421933333335,0.613895886,6.428216083666666,3.5712225023333333,31.62960022,63.622538123333335,6.753181740666666
1,2013-02-18,0.7159167193333333,0.861095886,9.293632751208333,4.887472502333333,47.796266886666665,70.78920479,9.307348405499999
1,2013-02-19,0.29688755266666667,0.603995886,6.137799417,3.3228891689999998,40.93793355333333,74.99753812333334,6.311515074
1,2013-02-20,0.31274171933333333,0.747695886,5.790299417,3.2483058356666668,37.28376688666666,76.66420479,6.211515074
1,2013-02-21,0.473708386,0.832195886,7.335716083916666,3.777889169,45.28376688666666,80.49753812333334,7.169848407
1,2013-02-22,0.430270886,0.739495886,7.913632750958333,4.477889169,53.237933553333335,84.24753812333334,8.4823484055
1,2013-02-23,0.5437458860000001,0.806995886,7.369882750708332,4.552472502333333,48.55460022,80.24753812333334,9.6906817385
1,2013-02-24,0.5321250526666667,0.734095886,6.147382750458333,3.3324725023333333,44.546266886666665,92.03920479,8.182348406666668
1,2013-02-25,0.7907042193333332,0.875095886,10.341132751958332,6.609555835666666,33.40876688666666,65.83087145666667,13.799015070166666
1,2013-02-26,0.608845886,0.786995886,8.795716084791666,5.352889169,30.433766886666664,55.20587145666667,10.903181738333332
1,2013-02-27,0.2935000526666667,0.575195886,5.76404941725,3.2803891689999998,36.69626688666667,66.49753812333334,7.0865150735
1,2013-02-28,0.6604750526666666,0.820695886,7.568632750333333,4.096639169,43.70460022,89.24753812333334,8.649015072833334
1,2013-03-01,0.7420375526666666,0.807695886,6.425716084166666,4.027055835666666,37.84210022,89.62253812333334,9.165681738666667
1,2013-03-02,0.387670886,0.678395886,5.883632750583334,4.069972502333333,20.79210022,54.247538123333335,8.686515071833332
1,2013-03-03,0.34698755266666664,0.549095886,7.085299417000001,4.516639169,19.387933553333333,49.66420479000001,9.303181739000001
1,2013-03-04,0.16112921933333332,0.466095886,4.428216083666666,2.6966391689999996,18.183766886833332,59.20587145666667,5.624015074
1,2013-03-05,0.784583386,0.854595886,8.580299417,5.065805835666667,28.45043355333333,52.747538123333335,9.961515072
1,2013-03-06,0.7785917193333334,0.860595886,9.172382751583333,5.059972502333333,46.63793355333333,76.87253812333334,9.753181738833334
1,2013-03-07,0.842508386,0.853595886,11.588632752583335,6.7791391690000005,49.87960022000001,65.70587145666667,14.449015070833333
1,2013-03-08,0.792395886,0.812795886,14.619882753333334,8.99913916925,38.93793355333333,38.830871456666664,18.678181736666666
1,2013-03-09,0.40862921933333335,0.809995886,7.313216084291667,4.469972502333333,30.996266886666664,46.20587145666667,9.474015072166667
1,2013-03-10,0.781983386,0.829995886,9.612799418625,6.315805835666667,19.225433553333335,44.91420479000001,12.990681737833334
1,2013-03-11,0.6891042193333333,0.802795886,8.186966083916667,5.3466391689999995,18.375433553333334,38.455871456666664,11.244848404833334
1,2013-03-12,0.231470886,0.524995886,4.916549417,3.2558058356666666,18.887933553333333,44.70587145666667,7.169848406500001
1,2013-03-13,0.2035542193333333,0.421095886,4.5640494170000006,3.0545558356666667,21.062933553333334,62.91420479000001,6.403181740666667
1,2013-03-14,0.7316917193333333,0.876095886,9.700716085041668,6.226639168999999,18.11710022,50.497538123333335,12.6073484045
1,2013-03-15,0.8371750526666667,0.874595886,10.099049418625,6.437889169000001,22.737933553333335,45.83087145666667,13.240681736666666
1,2013-03-16,0.5181417193333333,0.780195886,7.292799417,4.407889169,27.992100219999998,49.66420479000001,9.019848405666666
1,2013-03-17,0.2389042193333333,0.368995886,5.095299417,3.298305835666667,31.571266886666667,58.95587145666667,6.90318174
1,2013-03-18,0.125233386,0.204695886,4.245299417,2.6837225023333335,34.27960022,84.78920479,5.453181740666667
1,2013-03-19,0.14248755266666666,0.278095886,4.761132750333333,2.6445558356666665,35.396266886666666,73.91420479,5.644848407333334
1,2013-03-20,0.21191255266666667,0.452695886,4.577382750333333,2.7420558356666667,40.43376688666667,78.99753812333334,5.453181740666667
1,2013-03-21,0.5477250526666667,0.818395886,7.935716084541667,4.989555835666667,36.65876688666667,60.372538123333335,9.878181738333334
1,2013-03-22,0.40796255266666664,0.806295886,5.7348827504583335,3.8374725023333336,22.94210022,52.33087145666667,8.444848405333333
1,2013-03-23,0.3181500526666667,0.470795886,6.030299416999999,3.6308058356666666,31.19210022,43.372538123333335,7.515681739666667
1,2013-03-24,0.4625917193333333,0.681695886,7.6052994172499995,4.396639169,44.833766886666666,79.33087145666667,10.344848405333334
1,2013-03-25,0.584495886,0.742195886,7.479049417,4.462055835666667,35.521266886666666,92.37253812333334,8.732348407166667
1,2013-03-26,0.4695625526666667,0.763595886,6.458632750333333,3.506639169,44.087933553333336,91.33087145666667,6.8073484073333335
1,2013-03-27,0.26056671933333336,0.529295886,5.438632750333333,3.3012225023333333,46.90876688666666,91.12253812333334,6.632348407333333
1,2013-03-28,0.28505421933333336,0.508595886,5.374049416999999,3.4328891689999996,39.16293355333333,78.08087145666667,7.111515073833334
1,2013-03-29,0.24475421933333333,0.549495886,6.0865494170000005,3.6545558356666668,38.12960022,70.91420479,7.3823484065
1,2013-03-30,0.779383386,0.833795886,8.985716084291667,5.184972502333333,35.25043355333333,87.08087145666667,10.307348405
1,2013-03-31,0.6028542193333334,0.779895886,7.156966083666667,4.431222502333333,35.13793355333333,91.78920479,8.853181740166667
1,2013-04-01,0.147245886,0.489795886,4.816549417,2.9512225023333336,41.41710022,66.41420479,6.174015074
1,2013-04-02,0.3440667193333333,0.492695886,5.011132750333333,2.812055835666667,46.271266886666666,59.03920479000001,5.882348407333333
1,2013-04-03,0.6778875526666667,0.798695886,7.473216083666667,4.173722502333333,46.50043355333333,78.37253812333334,8.324015072666667
1,2013-04-04,0.4952667193333333,0.760795886,7.4915494176249995,4.4803891689999995,44.708766886666666,89.41420479,9.049015072333333
1,2013-04-05,0.371845886,0.767495886,7.2752994179999995,4.244555835666667,39.88793355333333,81.53920479,8.499015072666667
1,2013-04-06,0.751058386,0.770295886,14.229882753333333,8.521639169,34.56710022,93.70587145666667,16.761515069999998
1,2013-04-07,0.334295886,0.763995886,10.237382752208333,6.414139168999999,36.421266886666665,55.33087145666667,13.440681737833332
1,2013-04-08,0.263233386,0.556995886,5.457382750333333,3.0624725023333332,45.112933553333335,49.78920479000001,6.165681740666667
1,2013-04-09,0.7141875526666667,0.766595886,9.341966084166666,5.267055835666667,59.38376688666667,50.372538123333335,10.665681738833333
1,2013-04-10,0.7073208860000001,0.783395886,9.182382751708333,5.527055835708333,61.333766886666666,63.16420479000001,13.194848403833333
1,2013-04-11,0.3503667193333333,0.697395886,6.112799417125,4.129139169,48.40876688666666,73.62253812333334,9.336515072
1,2013-04-12,0.42882921933333334,0.674995886,5.261966083666667,3.397472502333333,42.96293355333333,63.16420479000001,7.486515072833334
1,2013-04-13,0.13985421933333333,0.233895886,3.1319660836666667,2.0708058356666665,41.462933553333336,63.247538123333335,4.269848407333334
1,2013-04-14,0.144033386,0.414695886,5.357799417,3.1495558356666664,45.77543355333333,57.78920479000001,6.294848407333333
1,2013-04-15,0.6981500526666666,0.775595886,9.6615494185,5.549139169,62.208766886666666,61.33087145666667,12.299015071166666
1,2013-04-16,0.685483386,0.852895886,8.998632751083333,5.409555835666667,60.81710021999999,71.66420479,12.303181738
1,2013-04-17,0.142383386,0.402895886,4.434466083666667,2.8208058356666665,42.81710022000001,73.83087145666667,6.269848407333334
1,2013-04-18,0.16172088599999998,0.345795886,6.533216083916667,4.0116391689999995,46.69210022000001,67.12253812333334,8.2906817395
1,2013-04-19,0.2894542193333333,0.380295886,7.939882750583333,4.7149725023333335,56.396266886666666,69.03920479,9.969848405833334
1,2013-04-20,0.23970421933333333,0.358395886,8.005716083791667,4.5708058356666665,46.487933553333335,92.66420479,9.9073484055
1,2013-04-21,0.12692088599999998,0.280395886,7.913632750333334,5.0428891689999995,46.07126688666667,72.49753812333334,10.3531817385
1,2013-04-22,0.15600421933333333,0.206795886,4.630716083666667,3.0095558356666667,44.82126688666667,60.872538123333335,6.540681740166666
1,2013-04-23,0.15727505266666666,0.252895886,5.943632750333333,3.6537225023333337,46.97543355333334,62.66420479000001,7.436515073333333
1,2013-04-24,0.17654171933333332,0.421695886,5.571549417,3.2628891689999997,49.57543355333333,65.95587145666667,6.765681740666667
1,2013-04-25,0.386745886,0.662795886,7.141549417,4.051222502333333,53.71293355333333,77.45587145666667,8.386515073166667
1,2013-04-26,0.0388042215,0.192295886,8.714882750958333,5.214139169,62.74210022,73.95587145666667,10.628181739
1,2013-04-27,0.5096250526666667,0.824895886,10.447799419,6.3866391689999995,61.362933553333335,66.41420479,13.461515070333334
1,2013-04-28,0.5795333859999999,0.737295886,7.661549417374999,4.8849725023333335,54.24210022,56.78920479000001,10.574015071666667
1,2013-04-29,0.4840542193333333,0.633395886,5.932799417000001,3.8628891690000002,42.27960022,62.28920479000001,8.5448484065
1,2013-04-30,0.5694375526666667,0.887295886,7.492799417375,4.199972502333334,41.45460022,91.33087145666667,9.499015072333334
1,2013-05-01,0.6159875526666666,0.841895886,7.957799417375,4.796639169,55.84210022,78.16420479,10.624015071166667
1,2013-05-02,0.7856875526666666,0.838495886,10.534882751583334,6.660389168999999,45.083766886666666,76.37253812333334,13.657348403999999
1,2013-05-03,0.17373755266666668,0.488995886,4.939466083666667,3.0053891690000003,45.85460022,60.58087145666667,6.7031817405
1,2013-05-04,0.37837921933333335,0.879295886,5.412382750333333,3.268722502333333,42.31710022,79.58087145666667,6.149015074
1,2013-05-05,0.8818667193333334,0.901195886,9.151966084666666,5.671639169,41.304600220000005,86.95587145666667,11.511515071166668
1,2013-05-06,0.8735125526666666,0.899695886,10.900716085666666,6.787055835666667,46.10460022,59.247538123333335,14.044848404
1,2013-05-07,0.534383386,0.867095886,7.184049417,4.509139169,42.63793355333333,48.28920479000001,9.653181738333332
1,2013-05-08,0.2785042193333333,0.472195886,5.297799416999999,3.5183058356666668,40.85043355333334,55.20587145666667,7.6156817395
1,2013-05-09,0.12550005266666667,0.205195886,3.8127994170000004,2.3091391690000003,43.737933553333335,57.28920479000001,5.165681740666667
1,2013-05-10,0.18236255266666668,0.248995886,4.4648827503333335,2.589139169,49.79210022,53.33087145666667,5.553181740666667
1,2013-05-11,0.11466671933333333,0.208395886,5.252799416999999,3.2858058356666664,49.40460022,64.16420479,6.8531817403333335
1,2013-05-12,0.063670886,0.129995886,4.454882750333334,2.828722502333333,50.99626688666667,63.33087145666667,5.853181740666667
1,2013-05-13,0.07581671933333334,0.212795886,2.752799417,1.720389169,53.36710022,63.66420479000001,4.124015074
1,2013-05-14,0.36914171933333334,0.585995886,5.8886327503333336,3.770389169,50.16293355333334,64.74753812333334,7.6281817389999995
1,2013-05-15,0.15048755266666666,0.441695886,4.341966083666667,2.4662225023333333,53.07126688666667,59.66420479000001,5.374015074
1,2013-05-16,0.6466958859999999,0.885695886,7.679049417125,4.304139169,64.61710022,63.247538123333335,9.0615150725
1,2013-05-17,0.831795886,0.877995886,10.466549418875,6.276639169,75.11710022,55.45587145666667,12.6656817375
1,2013-05-18,0.8769875526666667,0.913295886,11.001549418875001,6.9041391690000005,70.54210022,57.622538123333335,14.969848403333332
1,2013-05-19,0.5586250526666666,0.749495886,7.131132750333333,4.626639169,44.69210022000001,66.41420479,9.878181739
1,2013-05-20,0.7873167193333334,0.940395886,8.176549417125,4.908722502333333,51.57126688666667,55.372538123333335,10.249015071833334
1,2013-05-21,0.5073042193333334,0.918595886,7.739466083666667,4.580805835666667,60.22960022,83.74753812333334,9.511515072666667
1,2013-05-22,0.7644917193333334,0.877495886,8.081132750583334,5.1003891690000005,56.396266886666666,58.83087145666667,10.707348405333335
1,2013-05-23,0.25080005266666666,0.579895886,4.259049417,2.5408058356666667,59.82960022,75.91420479,6.199015073833333
1,2013-05-24,0.262883386,0.388195886,6.691132750333334,4.080805835666667,57.921266886666665,80.87253812333334,8.403181739333332
1,2013-05-25,0.161908386,0.330795886,4.701966083666666,2.928722502333333,54.13376688666667,93.53920479,5.907348407166666
1,2013-05-26,0.18231671933333335,0.265195886,5.000299417,3.2908058356666667,55.646266886666666,82.91420479,6.678181740666666
1,2013-05-27,0.09766671933333333,0.163395886,3.3798827503333335,2.1553891689999998,59.79626688666667,74.28920479,4.886515074
1,2013-05-28,0.3196167193333333,0.518295886,5.201966083666666,3.0078891690000003,64.42543355333333,71.66420479,6.278181740666667
1,2013-05-29,0.7072167193333333,0.875995886,7.471966083916667,4.366222502333334,64.44210022,59.58087145666667,9.365681739166666
1,2013-05-30,0.7952125526666666,0.912195886,7.212799416999999,4.264139169,60.34626688666666,58.78920479000001,9.544848405666666
1,2013-05-31,0.5876292193333333,0.747695886,7.1677994174999995,4.347055835666667,58.50460022000001,60.83087145666667,9.1490150725
1,2013-06-01,0.29820005266666666,0.445795886,5.674882750458334,3.546639169,58.00876688666667,56.20587145666667,7.724015072666667
1,2013-06-02,0.08912088600000001,0.184695886,3.868632750333333,2.4445558356666663,57.38376688666667,56.872538123333335,5.757348407333333
1,2013-06-03,0.076933386,0.169495886,4.197382750333333,2.456222502333333,60.99210022,53.41420479000001,5.624015073833333
1,2013-06-04,0.2926667193333333,0.484495886,5.824466083666667,3.506639169,65.02126688666667,77.62253812333334,8.303181739333334
1,2013-06-05,0.5927875526666667,0.688495886,6.697799417,4.309972502333333,56.60043355333334,77.62253812333334,9.090681739166667
1,2013-06-06,0.617045886,0.699895886,7.61529941725,4.677889169,54.333766886666666,81.08087145666667,9.736515072
1,2013-06-07,0.2709917193333333,0.604095886,4.776966083666667,3.0416391689999998,60.73376688666667,65.95587145666667,6.253181740666666
1,2013-06-08,0.255870886,0.544995886,4.618216083666667,2.656639169,63.22126688666666,59.95587145666667,5.636515074000001
1,2013-06-09,0.256995886,0.512595886,4.628216083666667,2.7049725023333333,64.95876688666667,62.372538123333335,5.999015074
1,2013-06-10,0.527758386,0.839795886,7.899882751583333,4.875389169,73.55043355333333,57.28920479000001,9.711515071833334
1,2013-06-11,0.5335667193333333,0.637695886,8.399466084291667,4.993305835666667,78.67960022,52.83087145666667,10.449015071333333
1,2013-06-12,0.6808292193333333,0.815495886,7.624049416999999,4.537472502333333,78.86710022,61.33087145666667,9.657348405833334
1,2013-06-13,0.206795886,0.339895886,4.566966083666666,2.941639169,68.04626688666667,72.78920479,7.011515073833333
1,2013-06-14,0.22519588599999998,0.361595886,5.469882750333333,3.203305835666667,69.26293355333333,71.28920479,6.957348407333334
1,2013-06-15,0.3056000526666667,0.518095886,3.7090494169999997,2.195389169,71.61710022,74.49753812333334,5.511515073999999
1,2013-06-16,0.296233386,0.485895886,5.356966083666666,2.962889169,71.69210022,68.49753812333334,5.961515074
1,2013-06-17,0.30708755266666665,0.735895886,5.882382750333334,3.2612225023333337,70.39210022,83.70587145666667,8.186515073333334
1,2013-06-18,0.6005500526666666,0.948495886,9.057799418125,5.546639169,71.67126688666667,70.20587145666667,11.899015071666668
1,2013-06-19,0.2949000526666667,0.627595886,5.020716083666667,3.2170558356666668,65.01293355333333,74.16420479,7.282348406833333
1,2013-06-20,0.41215421933333335,0.829595886,6.656132750458333,4.109555835666667,61.15876688666666,77.37253812333334,9.403181738833334
1,2013-06-21,0.13073755266666667,0.504395886,3.9719660836666666,2.371639169,61.87543355333333,73.16420479,5.132348407333334
1,2013-06-22,0.39999588599999997,0.870895886,7.611966083666666,4.259555835666666,69.90876688666667,79.62253812333334,9.432348406000001
1,2013-06-23,0.09861671933333332,0.165795886,5.450716083666666,3.2283058356666667,69.36293355333333,78.45587145666667,7.599015073333334
1,2013-06-24,0.37252921933333333,0.759795886,5.479882750333334,3.425805835666667,63.208766886666666,71.33087145666667,7.386515073166667
1,2013-06-25,0.7042875526666666,0.907995886,7.268216083666666,4.503305835666667,59.95043355333333,68.99753812333334,9.424015072166666
1,2013-06-26,0.5375792193333333,0.678195886,6.938632750333333,4.340389169,58.63376688666667,69.58087145666667,9.119848405499999
1,2013-06-27,0.28272921933333334,0.363495886,6.389049417,3.919555835666667,59.675433553333335,63.247538123333335,8.194848405833334
1,2013-06-28,0.3011292193333333,0.567695886,7.007799417,4.156222502333333,64.80460022,64.16420479,8.390681739166666
1,2013-06-29,0.5813792193333334,0.769995886,8.139882750833333,4.832055835666667,71.40460022,73.99753812333334,11.511515071666667
1,2013-06-30,0.317620886,0.445195886,6.578632750333334,3.985805835666667,72.51710022,76.87253812333334,8.3073484065
1,2013-07-01,0.4666667193333333,0.789595886,4.991966083666667,3.2912225023333335,68.74210022,81.58087145666667,7.974015072333334
1,2013-07-02,0.540445886,0.879795886,5.928216083666666,3.876222502333333,68.62960022,74.24753812333334,8.769848405666666
1,2013-07-03,0.17419171933333333,0.576095886,3.414466083666667,2.2220558356666666,65.42960022,72.87253812333334,4.819848407333334
1,2013-07-04,0.042183385999999996,0.104895886,3.754466083666667,2.3562225023333334,65.96710022,66.53920479,4.857348407333333
1,2013-07-05,0.061170886,0.301995886,3.1061327503333334,1.937889169,69.26293355333333,60.08087145666667,4.190681740666666
1,2013-07-06,0.362408386,0.556095886,4.724466083666667,2.772472502333333,74.40460022,65.95587145666667,5.657348407333333
1,2013-07-07,0.28272505266666664,0.719595886,5.550716083666667,3.4149725023333333,69.80043355333333,81.24753812333334,7.87818174
1,2013-07-08,0.2755417193333333,0.588795886,5.986966083666666,3.650389169,65.59210022,61.91420479000001,7.611515073166667
1,2013-07-09,0.6141375526666667,0.800095886,6.708216083666667,3.9162225023333335,69.29626688666667,59.08087145666667,8.2240150725
1,2013-07-10,0.3004792193333333,0.492195886,4.522382750333333,2.798305835666667,67.62543355333334,85.49753812333334,6.011515073833333
1,2013-07-11,0.206658386,0.241295886,3.2357160836666665,1.9653891689999998,70.92543355333333,83.78920479,4.603181740666667
1,2013-07-12,0.33271255266666666,0.482895886,4.729466083666667,2.6912225023333334,71.88793355333333,88.91420479,5.8490150734999995
1,2013-07-13,0.05001671933333333,0.150795886,4.003632750333334,2.7766391689999996,70.61293355333333,88.58087145666667,6.094848406666667
1,2013-07-14,0.28267505266666665,0.614895886,5.841132750333333,3.7699725023333333,66.83793355333334,80.83087145666667,7.753181739333333
1,2013-07-15,0.119733386,0.181495886,5.274882750333333,3.1987225023333337,69.57543355333333,67.66420479,6.528181740666667
1,2013-07-16,0.26766255266666666,0.565095886,5.544466083666666,3.3862225023333337,65.80043355333333,82.62253812333334,6.944848406999999
1,2013-07-17,0.111495886,0.314495886,3.7107160836666666,2.4133058356666663,65.29210022,74.95587145666667,5.124015074
1,2013-07-18,0.17404171933333334,0.382795886,3.987799417,2.344139169,71.73376688666666,69.49753812333334,4.561515074
1,2013-07-19,0.23392921933333333,0.498995886,4.173632750333334,2.4253891690000002,72.15043355333334,72.45587145666667,5.0573484073333335
1,2013-07-20,0.40343338599999995,0.807395886,6.436132750333333,3.737472502333333,73.50043355333334,77.28920479,8.457348406
1,2013-07-21,0.26045421933333335,0.521695886,3.890299417,2.285805835666667,73.93793355333334,72.49753812333334,4.861515074
1,2013-07-22,0.12905005266666666,0.164995886,4.200716083666667,2.511222502333333,72.04626688666667,81.28920479,5.269848407333334
1,2013-07-23,0.09437921933333333,0.331395886,2.934466083666667,1.9662225023333333,70.24626688666667,82.62253812333334,4.819848407333333
1,2013-07-24,0.5990958860000001,0.725595886,8.009882750833333,5.051639169,62.53793355333334,76.87253812333334,10.386515072
1,2013-07-25,0.3328625526666667,0.676695886,4.074049417,2.4858058356666666,65.22960022,72.33087145666667,5.211515074
1,2013-07-26,0.595520886,0.850995886,6.270716083666667,3.629972502333333,68.45043355333333,79.45587145666667,7.8115150731666665
1,2013-07-27,0.19392088600000001,0.400495886,4.305716083666667,2.4849725023333336,68.03376688666667,82.03920479,5.503181740666666
1,2013-07-28,0.6876958860000001,0.883495886,7.449466083666667,4.420805835666667,64.83793355333333,70.66420479,9.057348405666668
1,2013-07-29,0.38675838599999995,0.726895886,5.989466083666667,3.454555835666667,68.15043355333333,62.91420479000001,6.8865150735
1,2013-07-30,0.23387088599999997,0.383295886,5.404466083666667,3.0441391689999997,71.29210022,59.08087145666667,6.040681740499999
1,2013-07-31,0.215745886,0.465495886,3.7511327503333334,2.3716391690000003,72.57543355333333,71.99753812333334,5.2240150739999995
1,2013-08-01,0.05487505266666667,0.089095886,3.9744660836666665,2.3420558356666668,73.92960022,68.95587145666667,4.719848407333333
1,2013-08-02,0.073845886,0.125695886,3.4727994169999996,1.9662225023333333,71.49210022,75.95587145666667,4.907348407333333
1,2013-08-03,0.10983338599999999,0.251495886,3.895299417,2.387889169,68.93376688666667,87.62253812333334,5.319848407333334
1,2013-08-04,0.590408386,0.763895886,8.847382750708332,5.5603891690000005,66.25043355333334,78.33087145666667,11.707348404000001
1,2013-08-05,0.5469417193333334,0.796795886,7.429466084416667,4.7774725023333335,62.69210021999999,64.91420479,9.978181738
1,2013-08-06,0.148645886,0.231595886,4.205716083666666,2.482472502333333,63.51710022,79.33087145666667,5.619848407
1,2013-08-07,0.08842088599999999,0.119095886,3.541132750333333,2.187889169,62.35043355333334,84.45587145666667,4.574015074
1,2013-08-08,0.22786671933333333,0.483295886,5.420299417,3.035389169,67.42126688666667,65.20587145666667,6.003181740666666
1,2013-08-09,0.37038338600000004,0.766695886,4.414049417,2.643722502333333,70.25460022,63.41420479000001,5.278181740666667
1,2013-08-10,0.08835421933333333,0.356895886,4.372799417,2.567889169,70.25043355333334,65.12253812333334,4.961515074
1,2013-08-11,0.24421671933333333,0.634395886,5.224049417,3.002055835666667,67.09210022,81.37253812333334,6.774015073666667
1,2013-08-12,0.21671255266666667,0.383795886,4.989466083666667,2.9758058356666663,64.10043355333333,82.62253812333334,6.261515073999999
1,2013-08-13,0.155358386,0.301795886,3.9852994170000002,2.397472502333333,65.45460022,74.12253812333334,4.8698484073333335
1,2013-08-14,0.20696255266666666,0.370595886,4.001966083666667,2.2070558356666665,68.04626688666667,70.66420479,4.344848407333333
1,2013-08-15,0.11385838599999999,0.252295886,3.3761327503333334,2.1574725023333334,67.99626688666667,75.74753812333334,4.549015074000001
1,2013-08-16,0.08747921933333334,0.426195886,3.807799417,2.337889169,67.92960022,77.03920479,4.924015074000001
1,2013-08-17,0.5312250526666666,0.757995886,7.575299417,4.142055835666667,69.78793355333333,85.37253812333334,8.186515073499999
1,2013-08-18,0.6793292193333333,0.930795886,8.646132751208333,5.316222502333333,69.39626688666667,77.28920479,10.899015071666668
1,2013-08-19,0.3283375526666667,0.536295886,5.956132750333333,3.5520558356666663,67.12543355333334,73.08087145666667,7.257348406166667
1,2013-08-20,0.28762505266666666,0.365395886,4.854049417,2.7445558356666666,71.03793355333333,67.45587145666667,5.390681740666667
1,2013-08-21,0.41172921933333334,0.518895886,5.711966083666667,3.1199725023333333,75.41710022,72.12253812333334,6.311515074
1,2013-08-22,0.7219708859999999,0.799795886,8.8027994175,5.157472502333333,69.54210022,75.91420479,11.2990150715
1,2013-08-23,0.40691255266666665,0.697995886,6.335299417000001,3.8033058356666665,62.425433553333335,70.28920479,7.911515072666667
1,2013-08-24,0.16564171933333333,0.247095886,4.562382750333334,2.772472502333333,56.84626688666666,76.70587145666667,5.707348407333334
1,2013-08-25,0.12456671933333334,0.191795886,3.836132750333333,2.4537225023333336,58.03376688666666,71.74753812333334,4.799015074000001
1,2013-08-26,0.046075052666666665,0.075095886,2.9140494169999998,1.9770558356666665,59.16293355333334,68.91420479,3.9531817406666665
1,2013-08-27,0.08939171933333334,0.174795886,4.259049417,2.559139169,63.34210022,73.12253812333334,5.053181740666667
1,2013-08-28,0.12800421933333334,0.247695886,5.198632750333333,3.011639169,64.77960022,84.87253812333334,6.032348407333333
1,2013-08-29,0.096145886,0.130795886,3.9207160836666666,2.4603891690000004,64.59210022,89.91420479,5.253181740666666
1,2013-08-30,0.24368755266666667,0.508695886,3.8582160836666666,2.4708058356666665,66.40460022,79.66420479,5.111515074
1,2013-08-31,0.501033386,0.640695886,6.942799417,4.364555835666667,58.612933553333335,72.74753812333334,9.253181738833334
1,2013-09-01,0.13559171933333333,0.250595886,4.366549417,2.672889169,54.78793355333334,72.66420479,5.428181740666666
1,2013-09-02,0.25463755266666666,0.431095886,5.529882750333333,3.271639169,59.65043355333333,72.74753812333334,6.615681740666667
1,2013-09-03,0.445495886,0.597695886,6.949049417,4.000805835666667,62.12126688666667,72.99753812333334,8.053181739833333
1,2013-09-04,0.6251542193333334,0.966695886,8.625299417875,4.896639169,65.09626688666667,75.83087145666667,10.507348405166667
1,2013-09-05,0.26920421933333333,0.364395886,5.323216083666667,3.146639169,57.20460022,80.45587145666667,6.803181739999999
1,2013-09-06,0.182383386,0.299095886,3.806549417,2.304139169,55.171266886666665,77.03920479,4.665681740666667
1,2013-09-07,0.3669792193333334,0.571195886,6.221549416999999,3.8203891690000003,54.775433553333336,82.87253812333334,8.0281817395
1,2013-09-08,0.43601255266666666,0.549095886,5.307382750333333,3.178722502333333,52.30876688666667,81.20587145666667,6.344848407333333
1,2013-09-09,0.20957505266666665,0.424395886,3.6915494169999996,2.3445558356666667,52.90043355333333,73.08087145666667,4.690681740666666
1,2013-09-10,0.045112552666666667,0.065395886,2.665299417,1.874139169,55.37126688666667,73.74753812333334,3.849015074
1,2013-09-11,0.029820886,0.110295886,3.303216083666667,1.9908058356666665,59.42960022,75.28920479,4.032348407333333
1,2013-09-12,0.192645886,0.204795886,3.140299417,1.8524725023333335,61.62960021999999,74.45587145666667,3.699015074
1,2013-09-13,0.19106671933333333,0.196195886,3.7173827503333334,2.2124725023333336,64.62543355333334,80.87253812333334,4.190681740666666
1,2013-09-14,0.12224588600000001,0.185495886,4.077382750333333,2.385389169,67.13793355333333,80.58087145666667,4.694848407333334
1,2013-09-15,0.180308386,0.382295886,4.8573827503333336,2.6799725023333334,68.34626688666667,74.70587145666667,5.328181740666667
1,2013-09-16,0.3988917193333333,0.666895886,5.889049417,3.2274725023333333,69.84626688666667,72.33087145666667,6.319848406999999
1,2013-09-17,0.5019292193333333,0.888695886,6.040716083666666,3.299972502333333,72.35043355333333,69.37253812333334,6.411515074
1,2013-09-18,0.21975421933333336,0.412695886,4.5136327503333336,2.6949725023333335,62.47543355333334,79.62253812333334,5.569848407333333
1,2013-09-19,0.11422921933333334,0.122395886,4.366132750333334,2.6508058356666666,63.833766886666666,90.95587145666667,5.2240150739999995
1,2013-09-20,0.132895886,0.372995886,4.9527994170000005,2.6770558356666663,70.52126688666667,84.16420479,5.294848407333333
1,2013-09-21,0.443145886,0.634195886,4.981132750333333,2.8012225023333333,74.80460022,79.16420479,5.757348407333333
1,2013-09-22,0.35461255266666664,0.542695886,4.334049417,2.303305835666667,75.70876688666667,75.78920479,4.765681740666667
1,2013-09-23,0.338795886,0.576895886,4.686132750333333,2.4699725023333334,76.66710022,69.41420479,4.728181740666667
1,2013-09-24,0.30996671933333336,0.602795886,4.659466083666667,2.339555835666667,76.72126688666667,68.53920479,4.415681740666667
1,2013-09-25,0.32655838600000003,0.810995886,3.3294660836666665,1.7566391689999998,74.31293355333334,76.91420479,3.6073484073333333
1,2013-09-26,0.16704171933333334,0.339395886,4.491966083666667,2.344139169,76.60460022,65.08087145666667,4.644848407333334
1,2013-09-27,0.466995886,0.631795886,6.605299417,3.8983058356666667,65.94210022,70.58087145666667,8.044848406833333
1,2013-09-28,0.4060875526666667,0.487995886,4.961549417,3.014139169,56.09626688666666,66.41420479,6.265681740333334
1,2013-09-29,0.6279500526666667,0.741095886,8.243216083791667,4.977472502333334,54.32543355333333,77.99753812333334,10.486515071833333
1,2013-09-30,0.20499171933333335,0.505795886,4.189049417,2.4987225023333335,52.01710022,68.99753812333334,5.211515074
1,2013-10-01,0.19410421933333333,0.426695886,4.359466083666667,2.4674725023333335,52.79626688666667,73.03920479,4.749015074
1,2013-10-02,0.36437088599999995,0.578595886,5.986132750333333,3.1828891689999996,59.57960022,67.08087145666667,5.961515074
1,2013-10-03,0.6919167193333333,0.899095886,8.183216083666666,4.537055835666666,67.80043355333333,64.53920479,8.8906817395
1,2013-10-04,0.6896792193333333,0.887295886,8.190716084291667,4.853305835666666,68.00043355333334,74.95587145666667,10.107348405166666
1,2013-10-05,0.43090838600000003,0.560195886,5.833632750333333,3.3737225023333335,58.858766886666665,66.49753812333334,7.144848406666667
1,2013-10-06,0.10916671933333333,0.361395886,3.006549417,1.7966391689999999,59.24626688666667,83.83087145666667,4.865681740666667
1,2013-10-07,0.7448583860000001,0.880495886,10.513632751833333,6.331222502333333,70.04626688666667,75.37253812333334,13.6448484035
1,2013-10-08,0.464233386,0.928595886,6.911549417625,4.170389169,65.50876688666666,71.16420479,8.861515072833333
1,2013-10-09,0.14796671933333333,0.356395886,3.247799417,1.8987225023333334,63.85043355333334,81.24753812333334,4.065681740666666
1,2013-10-10,0.40046671933333333,0.585295886,5.916549417,3.471222502333333,57.925433553333335,74.41420479,7.024015074
1,2013-10-11,0.7817875526666667,0.873295886,8.391966083916666,4.807472502333334,51.771266886666666,87.58087145666667,9.399015072333333
1,2013-10-12,0.19736671933333336,0.516395886,5.351132750333334,3.062055835666667,54.26710022,84.62253812333334,6.1823484073333335
1,2013-10-13,0.20185421933333333,0.276195886,4.702382750333333,2.7624725023333334,60.083766886666666,82.58087145666667,5.544848406666667
1,2013-10-14,0.319733386,0.812795886,5.835299417375,3.1499725023333336,58.71293355333333,93.58087145666667,6.282348406833333
1,2013-10-15,0.8330417193333334,0.967195886,11.029882752333334,6.618305835666667,57.08793355333333,80.37253812333334,14.582348403666666
1,2013-10-16,0.321233386,0.576595886,5.1957160836666665,2.8887225023333336,45.75876688666667,64.58087145666667,5.857348407333333
1,2013-10-17,0.834945886,0.934195886,9.1290494175,5.142055835666667,54.612933553333335,62.08087145666667,10.099015072333334
1,2013-10-18,0.8723875526666666,0.965295886,8.820716084416667,4.988722502333333,57.47543355333334,56.41420479000001,9.7406817385
1,2013-10-19,0.722495886,0.949595886,8.461966084416666,4.720389169,56.79626688666667,49.91420479000001,9.490681738166666
1,2013-10-20,0.5764250526666667,0.823295886,7.515716083666667,3.810389169,58.07960022,51.747538123333335,7.336515073166667
1,2013-10-21,0.6869167193333333,0.912895886,7.831549417000001,4.169555835666666,62.10460022,69.53920479,7.961515074
1,2013-10-22,0.9033958859999999,0.943795886,9.29779941775,5.2895558356666665,64.55876688666667,64.45587145666667,10.315681738166667
1,2013-10-23,0.7793125526666667,0.963895886,9.02529941775,5.1974725023333335,61.708766886666666,75.49753812333334,10.5615150725
1,2013-10-24,0.9490250526666667,0.969495886,11.676549419749998,7.227472502333334,47.36710022,84.49753812333334,14.953181736666666
1,2013-10-25,0.4653750526666667,0.940995886,6.9202994175,4.155389169,41.09210022,80.66420479,8.190681739
1,2013-10-26,0.090545886,0.496095886,3.477799417,1.876639169,41.77960022,76.53920479,3.8031817406666666
1,2013-10-27,0.6554250526666666,0.932295886,7.168632750333334,4.117055835666666,47.26710022,82.74753812333334,8.3490150735
1,2013-10-28,0.29062921933333336,0.385595886,6.199466083666667,3.7491391689999998,40.492100220000005,71.74753812333334,7.499015073
1,2013-10-29,0.124783386,0.335495886,4.245716083666667,2.4520558356666666,38.862933553333335,81.58087145666667,4.8490150739999995
1,2013-10-30,0.6304375526666667,0.685895886,8.715299417875,5.146639169,38.46710022,77.78920479,10.2490150715
1,2013-10-31,0.5557000526666667,0.709495886,8.479466084291667,5.123722502333334,37.671266886666665,71.08087145666667,10.528181738333334
1,2013-11-01,0.2640375526666667,0.353495886,5.2582160836666665,2.9687225023333332,37.53793355333333,76.33087145666667,5.819848406999999
1,2013-11-02,0.2157875526666667,0.352495886,5.438216083666667,3.116222502333333,47.50876688666667,94.03920479,6.969848407333333
1,2013-11-03,0.297733386,0.560195886,5.189882750333333,3.107055835666667,40.72960022,77.62253812333334,6.3198484065
1,2013-11-04,0.4072667193333333,0.891895886,6.410299417,3.678722502333333,42.16710022,79.99753812333334,7.1948484058333335
1,2013-11-05,0.39779171933333335,0.607095886,6.051966083666667,3.5137225023333336,50.97126688666666,94.95587145666667,7.940681739833334
1,2013-11-06,0.48847505266666663,0.735595886,5.026132750333333,3.364139169,38.34626688666666,67.83087145666667,6.978181740166666
1,2013-11-07,0.05674171933333333,0.152295886,3.3598827503333335,2.205389169,35.91293355333333,71.95587145666667,4.103181740666667
1,2013-11-08,0.33381255266666665,0.467295886,5.7669660836666665,3.139972502333333,34.28793355333333,74.58087145666667,5.936515074
1,2013-11-09,0.7815167193333333,0.957795886,9.039049418374999,5.359555835666666,31.925433553333335,73.45587145666667,10.624015071666667
1,2013-11-10,0.430670886,0.839695886,5.916549417,3.8808058356666666,20.887933553333333,49.497538123333335,7.953181739833333
1,2013-11-11,0.3276667193333333,0.607195886,5.498216083666667,3.171222502333333,26.67126688666667,59.997538123333335,6.249015073333333
1,2013-11-12,0.18585005266666665,0.238595886,2.8827994169999998,1.5383058356666668,32.25876688666667,71.16420479,2.761515074
1,2013-11-13,0.11972921933333334,0.212895886,3.6452994170000004,2.1324725023333335,35.03793355333333,83.12253812333334,4.028181740666667
1,2013-11-14,0.35729171933333337,0.825595886,4.432382750333333,2.607889169,36.85460022,79.45587145666667,4.882348407333334
1,2013-11-15,0.852745886,0.928095886,9.170716084291668,5.354555835666667,39.79210022,84.91420479,10.594848405
1,2013-11-16,0.7218542193333333,0.972995886,9.360299418624999,5.7720558356666665,35.79210022,74.62253812333334,11.8448484045
1,2013-11-17,0.5273792193333333,0.815895886,5.899882750958334,3.546639169,33.546266886666665,74.74753812333334,7.103181739500001
1,2013-11-18,0.641533386,0.967395886,7.082799417375,4.127889169,38.93376688666667,92.66420479,8.874015072666667
1,2013-11-19,0.7397042193333333,0.939795886,9.3715494175,5.860805835666667,31.98376688666667,69.12253812333334,12.019848404166666
1,2013-11-20,0.6961042193333333,0.953095886,8.926549417875,5.180805835666667,35.954600219999996,62.53920479000001,10.161515071833334
1,2013-11-21,0.7885375526666666,0.978995886,10.492799418625,6.332472502333334,40.18793355333333,59.372538123333335,12.857348404166666
1,2013-11-22,0.31368755266666665,0.448995886,5.709882750333333,3.516222502333333,28.996266886666664,56.997538123333335,7.190681740666666
1,2013-11-23,0.44214588600000004,0.614695886,6.845299417,3.8220558356666667,31.054600219999998,64.74753812333334,7.3406817405
1,2013-11-24,0.9106208859999999,0.969795886,10.658216085666666,6.015389169,41.767100219999996,62.03920479000001,11.7573484045
1,2013-11-25,0.6822667193333333,0.882495886,8.483216084041667,5.260805835666667,41.18376688666667,67.87253812333334,10.690681737833332
1,2013-11-26,0.602333386,0.958995886,7.495716084291666,4.514139169,33.28793355333333,61.70587145666667,9.228181738666667
1,2013-11-27,0.45617921933333333,0.764995886,5.539882750333334,2.9253891690000002,33.62543355333333,78.12253812333334,5.611515074
1,2013-11-28,0.9425292193333333,0.975395886,10.835299419625,6.152889169000001,50.12126688666667,61.33087145666667,12.349015070666667
1,2013-11-29,0.41026671933333336,0.873695886,6.190716083791667,3.4862225023333333,35.954600219999996,65.62253812333334,7.224015073166666
1,2013-11-30,0.7485792193333333,0.889895886,8.655716084166666,4.914972502333334,39.45460022,72.87253812333334,9.815681739333334
1,2013-12-01,0.18747505266666667,0.387095886,4.599466083666667,2.4662225023333333,36.204600219999996,72.70587145666667,4.4948484073333335
1,2013-12-02,0.3176250526666667,0.426095886,5.844882750333333,3.0249725023333336,39.24626688666667,71.12253812333334,5.486515074
1,2013-12-03,0.21837505266666665,0.500495886,4.489466083666667,2.5199725023333333,37.10043355333334,81.28920479,4.594848407333333
1,2013-12-04,0.8614375526666667,0.964895886,11.408216085666666,6.232055835666666,45.27543355333333,70.12253812333334,12.161515071333334
1,2013-12-05,0.9647917193333333,0.974395886,13.924049420000001,8.684972502375,40.546266886666665,60.997538123333335,18.594848403333334
1,2013-12-06,0.8730708859999999,0.967195886,10.517799418874999,6.533305835666667,28.062933553333334,58.497538123333335,13.599015070166667
1,2013-12-07,0.603758386,0.824595886,7.812382750333334,4.8503891690000005,25.025433553333333,63.997538123333335,9.644848405500001
1,2013-12-08,0.49171255266666664,0.709995886,8.101132751208334,4.980805835666667,25.73376688666667,66.70587145666667,10.369848405166666
1,2013-12-09,0.168070886,0.368095886,5.024882750333333,3.1545558356666668,26.571266886666667,75.74753812333334,6.286515073666667
1,2013-12-10,0.515458386,0.793195886,7.214466083666667,4.444555835666667,24.025433553333333,75.78920479,8.840681739333332
1,2013-12-11,0.30867505266666667,0.600595886,4.9457160836666665,3.0524725023333334,21.400433553333333,70.16420479,6.315681740666666
1,2013-12-12,0.8881917193333333,0.958995886,10.540716085541666,6.691639168999999,15.921266886666666,58.622538123333335,13.549015070333333
1,2013-12-13,0.2889875526666667,0.768595886,4.821966083666667,2.956222502333333,15.637933554333335,71.33087145666667,6.061515074
1,2013-12-14,0.27084171933333334,0.406895886,6.4327994171250005,3.3399725023333335,13.742100220833334,73.91420479,7.032348407000001
1,2013-12-15,0.6315917193333332,0.859895886,8.321549417625,4.837055835666667,19.14210022,76.41420479,9.457348405333333
1,2013-12-16,0.219370886,0.538295886,4.288216083666667,2.535805835666667,21.60876688666667,75.49753812333334,5.090681740666667
1,2013-12-17,0.15419171933333334,0.245795886,5.100716083666667,3.126639169,26.687933553333334,79.20587145666667,6.136515074000001
1,2013-12-18,0.48358755266666664,0.815295886,6.856132750458333,3.705389169,33.85460022,95.03920479,6.907348407
1,2013-12-19,0.9436917193333333,0.978695886,11.337382753333332,6.667472502333333,37.56293355333333,72.78920479,13.34901507
1,2013-12-20,0.32776671933333335,0.827495886,5.095716083666667,3.206222502333333,27.033766886666665,62.33087145666667,6.807348406666667
1,2013-12-21,0.09316255266666666,0.271195886,3.1744660836666667,1.9608058356666664,27.092100220000003,74.33087145666667,3.8198484073333336
1,2013-12-22,0.22063338600000001,0.436595886,4.080299417,2.389139169,30.56710022,89.58087145666667,4.636515074
1,2013-12-23,0.257208386,0.526795886,5.880299417,3.597055835666667,28.09626688666667,79.95587145666667,7.019848407166667
1,2013-12-24,0.221783386,0.506095886,3.695716083666667,2.2866391690000003,19.512933553333333,69.78920479,4.857348407333333
1,2013-12-25,0.9009083859999999,0.956695886,9.963632751708333,5.880805835666667,13.533766887833332,73.37253812333334,11.903181736833334
1,2013-12-26,0.6917167193333333,0.882795886,8.347799417,4.658722502333333,1.3754335573333334,69.16420479,9.244848406166666
1,2013-12-27,0.47937921933333333,0.837295886,6.579882750333333,3.2583058356666665,2.0046002235000002,73.41420479,6.440681740666666
1,2013-12-28,0.24024171933333335,0.271495886,4.548632750333334,2.3370558356666664,2.2754335568333333,79.58087145666667,4.261515074
1,2013-12-29,0.22496671933333334,0.386595886,5.146966083666666,2.782472502333333,8.608766889166667,74.58087145666667,5.336515074
1,2013-12-30,0.7032375526666667,0.898595886,7.845299417124999,4.382055835666667,10.092100222333334,74.12253812333334,8.699015072833333
1,2013-12-31,0.552970886,0.764495886,6.656966083666667,3.7912225023333335,6.300433556333334,67.91420479,7.219848406833333
1,2014-01-01,0.9047667193333333,0.959795886,8.393632750333333,4.962889168999999,7.142100222500001,67.03920479,9.503181738833334
1,2014-01-02,0.9547792193333334,0.979495886,10.666549419125,6.410389168999999,12.146266888333335,68.41420479,12.590681737333334
1,2014-01-03,0.6729917193333333,0.902295886,8.033632750583333,4.854555835666667,12.179600221500001,62.747538123333335,9.665681738666667
1,2014-01-04,0.9402917193333334,0.968695886,9.431132750958334,5.959139169,4.067100224,60.95587145666667,11.799015070833333
1,2014-01-05,0.883345886,0.956495886,9.611132750958333,5.977472502333334,0.9754335573333334,60.78920479000001,11.9823484035
1,2014-01-06,0.5289458859999999,0.823595886,7.026132750333333,4.2495558356666665,0.992100224,59.747538123333335,8.486515072833333
1,2014-01-07,0.914770886,0.973495886,9.866132752333334,5.676639169,14.450433554999998,62.122538123333335,10.9698484045
1,2014-01-08,0.842445886,0.910395886,9.496132751208334,5.748305835666667,31.883766886666667,80.70587145666667,11.490681737333333
1,2014-01-09,0.24262921933333334,0.600695886,4.739466083666667,2.866222502333333,25.92126688666667,77.20587145666667,5.4948484073333335
1,2014-01-10,0.827320886,0.968895886,10.008632752083333,5.884555835666667,35.69626688666667,90.99753812333334,11.090681738
1,2014-01-11,0.9104375526666666,0.967195886,11.738632753333334,7.026639169,53.00876688666667,91.03920479,14.024015069999999
1,2014-01-12,0.913645886,0.980095886,10.675716085666666,6.703722502333334,25.162933553333332,75.62253812333334,13.540681737
1,2014-01-13,0.8144750526666668,0.962695886,7.476132750958333,4.909139169,12.183766887666666,51.33087145666667,10.086515071333332
1,2014-01-14,0.247520886,0.431095886,5.408632750333333,3.232889169,11.708766888166666,59.58087145666667,6.174015074
1,2014-01-15,0.4151375526666667,0.659195886,5.464466083666667,3.4499725023333334,17.40460022,68.12253812333334,7.069848406833334
1,2014-01-16,0.31240421933333334,0.687695886,4.320299417,2.7083058356666663,16.817100220166665,76.45587145666667,5.1406817406666665
1,2014-01-17,0.6720000526666666,0.920695886,9.058632751333333,5.377055835666667,16.537933554666665,67.24753812333334,10.211515071666666
1,2014-01-18,0.8247000526666667,0.910795886,9.241966084666666,5.485805835666667,25.29210022,65.99753812333334,10.886515071166668
1,2014-01-19,0.8153792193333333,0.864995886,9.770716084666667,5.661639169,31.712933553333333,59.247538123333335,11.019848404833333
1,2014-01-20,0.45110005266666664,0.923795886,7.828216084416667,4.337889169,36.333766886666666,67.95587145666667,8.6156817395
1,2014-01-21,0.17181671933333334,0.333795886,3.9248827503333334,2.297055835666667,32.65460022,93.53920479,3.9031817406666662
1,2014-01-22,0.679770886,0.918995886,7.316132750333334,3.6824725023333333,38.92960022,96.78920479,7.0656817405000005
1,2014-01-23,0.5840750526666666,0.757395886,8.29529941725,4.850805835666667,32.083766886666666,84.66420479,9.6990150715
1,2014-01-24,0.19039588600000001,0.561595886,4.139882750333333,2.9237225023333333,20.29626688666667,68.20587145666667,6.444848406833334
1,2014-01-25,0.17767921933333333,0.525395886,4.146132750333334,2.5799725023333333,24.475433553333332,69.87253812333334,4.999015074
1,2014-01-26,0.6901375526666667,0.974295886,9.240299418,5.187472502333333,36.775433553333336,64.87253812333334,9.919848405333333
1,2014-01-27,0.9277250526666667,0.973295886,11.186966085666667,6.489972502333334,43.03793355333334,55.95587145666667,13.178181737666668
1,2014-01-28,0.306345886,0.689595886,5.427799417,3.075805835666667,29.63793355333333,73.45587145666667,6.128181740666666
1,2014-01-29,0.6886000526666667,0.966595886,7.329049417,4.757055835666667,21.992100219999998,70.20587145666667,9.499015071833332
1,2014-01-30,0.6538542193333333,0.892795886,6.523216083666667,4.112055835666666,15.86710022,56.122538123333335,8.349015074
1,2014-01-31,0.936295886,0.982795886,10.328632751958333,6.039972502333334,28.962933553333333,62.53920479000001,11.999015070833332
1,2014-02-01,0.8356375526666667,0.956195886,9.0152994175,5.6053891689999995,22.54210022,61.08087145666667,11.249015071333334
1,2014-02-02,0.5447792193333333,0.856295886,7.5169660836666665,4.909555835666667,13.337933553833333,45.997538123333335,10.053181738333334
1,2014-02-03,0.5491125526666667,0.898595886,7.376132750333333,4.577055835666667,20.871266886666664,60.53920479000001,9.215681739333332
1,2014-02-04,0.785958386,0.908295886,8.055299417125001,4.970805835666666,20.7921002205,73.62253812333334,10.036515072166667
1,2014-02-05,0.7447750526666667,0.921395886,7.244882750333333,4.179555835666666,10.5671002215,65.12253812333334,8.457348406
1,2014-02-06,0.4104167193333333,0.577195886,4.607799417,2.781639169,13.071266888166667,66.99753812333334,5.7906817403333335
1,2014-02-07,0.15711255266666665,0.218095886,4.260299417,2.4966391690000003,14.783766887166665,72.33087145666667,4.886515074
1,2014-02-08,0.38634588599999997,0.553295886,7.01654941725,4.065805835666667,11.962933554833334,70.87253812333334,7.8865150726666675
1,2014-02-09,0.15253338600000002,0.345195886,3.9415494169999996,2.1824725023333333,16.2921002205,84.62253812333334,4.194848407333334
1,2014-02-10,0.10283755266666667,0.143995886,3.8323827503333336,2.310389169,16.650433553333333,85.12253812333334,4.107348407333333
1,2014-02-11,0.20096255266666666,0.453795886,5.993632750458333,3.421222502333334,21.429600219999998,86.20587145666667,6.5865150735
1,2014-02-12,0.28568338600000004,0.728495886,5.467799416999999,3.0137225023333336,12.446266887999998,74.91420479,5.803181740666667
1,2014-02-13,0.1782500526666667,0.585495886,5.474466083791666,3.0253891690000003,15.071266887999998,71.87253812333334,5.707348407333334
1,2014-02-14,0.8487083860000001,0.972995886,9.066966083916666,4.771639169,33.07543355333333,74.49753812333334,9.411515073
1,2014-02-15,0.718983386,0.965995886,8.523632750583333,5.014972502333333,40.983766886666665,85.62253812333334,9.936515071833334
1,2014-02-16,0.668120886,0.825495886,6.677382750333333,4.181222502333333,26.029600220000003,65.78920479,8.365681739166666
1,2014-02-17,0.5072000526666667,0.739195886,6.915716083666666,4.184139169,26.646266886666666,66.99753812333334,8.190681739333334
1,2014-02-18,0.5079917193333333,0.928895886,7.5098827508333335,4.502055835666667,30.808766886666664,71.41420479,9.086515072833334
1,2014-02-19,0.5700542193333333,0.896995886,5.354049417125,2.9366391689999998,34.90460022,86.99753812333334,6.324015073333334
1,2014-02-20,0.7430500526666667,0.928195886,9.50154941825,4.859139169,54.525433553333336,92.24753812333334,11.0281817385
1,2014-02-21,0.34376671933333336,0.736595886,5.354466083666666,3.409555835666667,33.63376688666667,80.20587145666667,7.165681740499999
1,2014-02-22,0.248145886,0.357695886,5.593632750333334,3.459139169,28.550433553333335,73.33087145666667,6.978181740666667
1,2014-02-23,0.651295886,0.805895886,8.490299417000001,4.872889169,36.13376688666667,92.91420479,9.5531817395
1,2014-02-24,0.241358386,0.519095886,5.869882750583333,3.5045558356666664,32.00043355333333,79.83087145666667,7.107348407
1,2014-02-25,0.9057458860000001,0.978695886,13.256132753333333,8.217472502333333,38.20043355333333,68.95587145666667,16.653181736666667
1,2014-02-26,0.6567542193333333,0.939795886,7.6815494175,4.387472502333334,35.82543355333333,59.122538123333335,9.0448484055
1,2014-02-27,0.8589875526666667,0.937195886,9.036549417625,4.864972502333333,44.03376688666666,56.747538123333335,9.536515072666667
1,2014-02-28,0.38386671933333333,0.960995886,7.2844660836666675,4.074555835666667,42.86710022,68.37253812333334,8.107348407333333
1,2014-03-01,0.5843000526666667,0.906795886,7.432799417000001,4.447055835666666,32.34626688666667,84.66420479,8.674015072166666
1,2014-03-02,0.6340042193333334,0.901795886,8.207382750958333,5.093722502333333,31.050433553333335,72.87253812333334,10.519848404666666
1,2014-03-03,0.350983386,0.473395886,6.181549416999999,3.6028891690000004,28.07960022,67.20587145666667,7.2073484064999995
1,2014-03-04,0.292733386,0.348095886,5.717799416999999,3.3162225023333334,27.92960022,64.49753812333334,6.594848406833333
1,2014-03-05,0.313933386,0.481895886,5.205716083666666,3.1258058356666667,26.64210022,75.70587145666667,6.461515074
1,2014-03-06,0.47249171933333334,0.770095886,5.630299417,3.4878891690000002,29.300433553333335,78.91420479,7.057348406833333
1,2014-03-07,0.5250417193333333,0.973995886,6.664882750458333,4.149139169,28.904600220000003,86.45587145666667,8.128181739166667
1,2014-03-08,0.8242958859999999,0.966195886,9.265716085291666,5.634555835666667,26.85876688666667,85.16420479,11.557348404666667
1,2014-03-09,0.582570886,0.862995886,7.076966083666666,4.082472502333333,27.717100220000003,78.99753812333334,8.344848405833334
1,2014-03-10,0.154008386,0.349295886,5.076549417,2.8220558356666667,23.26293355333333,73.70587145666667,5.486515074
1,2014-03-11,0.06172505266666667,0.166295886,3.712799417,2.382055835666667,21.933766887,78.62253812333334,4.465681740666667
1,2014-03-12,0.144945886,0.225895886,4.222382750333334,2.366222502333333,21.458766887,82.08087145666667,4.6198484073333335
1,2014-03-13,0.574770886,0.829795886,8.061132750333334,4.562472502333333,24.375433553333334,79.33087145666667,9.244848405666668
1,2014-03-14,0.6929125526666667,0.911795886,8.172799417,4.624972502333334,25.462933553333333,70.08087145666667,9.628181738666667
1,2014-03-15,0.5981792193333334,0.909995886,8.362799417125,4.836639169000001,24.992100219999998,72.08087145666667,9.678181738166666
1,2014-03-16,0.5615208859999999,0.868595886,7.334882750458333,4.097055835666667,20.533766886666665,67.12253812333334,8.415681739166667
1,2014-03-17,0.30319171933333333,0.668995886,4.367382750333333,2.3208058356666665,26.050433553333335,69.58087145666667,4.569848407333333
1,2014-03-18,0.43561671933333335,0.773195886,6.147799417000001,3.5424725023333337,32.07543355333333,66.70587145666667,6.774015074
1,2014-03-19,0.5954417193333333,0.768595886,6.8277994170000005,4.157472502333333,24.721266886666665,68.83087145666667,8.219848405833334
1,2014-03-20,0.8861417193333333,0.944495886,8.392799417,5.135389169,25.779600220000003,69.78920479,10.253181738833334
1,2014-03-21,0.7649292193333334,0.823895886,7.519882750333333,4.610805835666667,27.04210022,70.78920479,9.153181738999999
1,2014-03-22,0.4409917193333333,0.720195886,5.899466083666667,3.5662225023333334,28.51293355333333,65.58087145666667,7.099015073166666
1,2014-03-23,0.5112625526666666,0.821095886,6.499466083666667,3.9208058356666666,26.38793355333333,71.62253812333334,7.674015072666666
1,2014-03-24,0.7184667193333333,0.853995886,7.478216083666666,4.520389169,25.279600220000003,65.78920479,9.040681738833333
1,2014-03-25,0.532470886,0.873495886,6.893632750333333,4.200805835666666,26.946266886666667,55.122538123333335,8.586515072833334
1,2014-03-26,0.8503000526666668,0.933695886,9.25279941775,5.4716391689999995,37.63376688666667,58.08087145666667,10.944848404666667
1,2014-03-27,0.8416333859999999,0.942195886,8.775716084791666,4.951639169,41.55876688666667,87.78920479,9.707348405166666
1,2014-03-28,0.12402921933333333,0.411195886,3.4957160836666668,1.979139169,35.76293355333333,81.74753812333334,4.399015074
1,2014-03-29,0.37681255266666663,0.706395886,4.361132750333334,2.635389169,36.32543355333333,86.87253812333334,5.1823484073333335
1,2014-03-30,0.656558386,0.928995886,6.9423827503333335,4.162055835666666,32.62126688666667,56.66420479000001,8.732348405833333
1,2014-03-31,0.8649250526666666,0.965295886,10.063632751708333,5.964972502333333,36.32543355333333,71.33087145666667,11.949015071333333
1,2014-04-01,0.5357000526666666,0.743595886,6.1177994170000005,3.784555835666666,28.621266886666664,50.372538123333335,8.169848406
1,2014-04-02,0.21948755266666667,0.336795886,4.324882750333333,2.687055835666667,32.179600220000005,52.622538123333335,5.690681740666666
1,2014-04-03,0.45056671933333337,0.922295886,6.839882750708333,4.059555835666667,33.458766886666666,77.24753812333334,7.9448484065
1,2014-04-04,0.19862921933333333,0.470495886,10.187382752083332,6.452889169125,28.85460022,68.37253812333334,13.582348404500001
1,2014-04-05,0.38005005266666664,0.482695886,5.726132750333334,3.578722502333333,28.037933553333332,53.66420479000001,7.3198484058333335
1,2014-04-06,0.6236833860000001,0.894495886,8.076549417875,5.088722502333334,29.95460022,61.78920479000001,10.844848405333332
1,2014-04-07,0.37808755266666666,0.560795886,5.984882750333333,3.8428891689999998,24.550433553333335,61.372538123333335,7.928181739333334
1,2014-04-08,0.13520421933333335,0.243295886,4.544466083666666,2.9428891690000003,26.20043355333333,57.16420479000001,6.303181740333334
1,2014-04-09,0.030354219333333335,0.066095886,3.3661327503333336,2.120389169,29.675433553333335,66.03920479,4.424015074000001
1,2014-04-10,0.10777505266666666,0.254795886,5.905716083666667,3.491222502333333,34.929600220000005,59.122538123333335,7.053181739833334
1,2014-04-11,0.3418625526666667,0.422995886,6.676966083666667,3.9445558356666663,36.47960022,67.28920479,7.924015073166667
1,2014-04-12,0.662495886,0.941995886,8.852799417750001,5.287472502375,45.75876688666667,75.45587145666667,10.949015072333333
1,2014-04-13,0.6369875526666667,0.887795886,6.972382750333334,4.084139169,35.47543355333333,91.28920479,7.869848407166667
1,2014-04-14,0.3796000526666667,0.957395886,12.736549419874999,7.672055835666666,29.07543355333333,89.45587145666667,15.06151507
1,2014-04-15,0.38456255266666667,0.720395886,10.523216085791667,6.283722502333333,30.66710022,87.49753812333334,12.899015071
1,2014-04-16,0.6871292193333334,0.723595886,7.122799417125001,4.522472502333334,32.91293355333333,84.49753812333334,9.0490150715
1,2014-04-17,0.6920458859999999,0.880495886,8.905299417625,5.450389169,29.32543355333333,72.83087145666667,11.361515071666666
1,2014-04-18,0.319008386,0.710195886,4.816966083666666,2.7395558356666663,31.475433553333332,77.66420479,5.936515074
1,2014-04-19,0.644670886,0.912895886,7.682382750333333,4.688305835666667,34.27960022,63.83087145666667,9.690681738833334
1,2014-04-20,0.16626255266666665,0.358095886,4.4890494169999995,2.845805835666667,37.25043355333333,60.33087145666667,5.949015073999999
1,2014-04-21,0.08220421933333334,0.113695886,3.551549417,2.2037225023333336,42.06293355333333,48.16420479000001,4.549015074
1,2014-04-22,0.12470005266666667,0.386395886,4.080716083666666,2.362472502333333,44.75043355333333,48.747538123333335,4.878181740666666
1,2014-04-23,0.315670886,0.683095886,5.876549417,3.303722502333333,51.087933553333336,56.03920479000001,6.6198484073333335
1,2014-04-24,0.344245886,0.581995886,4.634882750333333,2.6095558356666664,53.18793355333333,75.08087145666667,5.303181740666667
1,2014-04-25,0.6077792193333333,0.820095886,6.042382750333334,3.787889169,41.579600219999996,84.87253812333334,7.915681739166668
1,2014-04-26,0.20690838599999997,0.335895886,4.586549417,2.690805835666666,44.958766886666666,64.20587145666667,5.549015074
1,2014-04-27,0.3805500526666667,0.764395886,4.846549417,2.9583058356666663,43.425433553333335,71.03920479,6.107348407333333
1,2014-04-28,0.8687792193333334,0.959495886,7.780299416999999,4.929972502333333,36.150433553333336,65.62253812333334,10.194848405166667
1,2014-04-29,0.350008386,0.616495886,5.256132750333333,3.3316391690000002,39.462933553333336,55.872538123333335,7.115681739833334
1,2014-04-30,0.22144171933333334,0.609195886,5.500716083666667,3.1462225023333334,51.50043355333333,48.497538123333335,6.249015074
1,2014-05-01,0.8364375526666666,0.945995886,8.769466083916667,4.697055835666666,66.29626688666667,41.372538123333335,9.353181738833333
1,2014-05-02,0.7985708859999999,0.919195886,8.2027994175,4.894139169,69.42960022,57.66420479000001,10.440681738333334
1,2014-05-03,0.25610005266666663,0.676195886,3.727799417,2.2708058356666667,52.55460022,87.95587145666667,5.794848407333333
1,2014-05-04,0.5117333869999999,0.958095886,10.533216085041667,6.321639169208333,56.97543355333334,77.70587145666667,13.924015071833333
1,2014-05-05,-4.11e-06,-4.11e-06,6.288216083666666,3.6016391690000003,60.01293355333333,59.997538123333335,7.390681739833333
1,2014-05-06,0.22062088683333334,0.387795886,6.389049417,3.689555835666667,50.11710022,61.95587145666667,7.636515073000001
1,2014-05-07,0.28473338600000003,0.508595886,4.762382750333333,2.709139169,52.108766886666665,56.41420479000001,5.811515074
1,2014-05-08,0.6441417193333333,0.878895886,6.798632750333333,3.7866391690000003,61.82543355333333,54.91420479000001,7.678181740166667
1,2014-05-09,0.9385167193333334,0.975895886,9.3327994185,5.497055835666667,66.33376688666667,53.03920479000001,11.682348404999999
1,2014-05-10,0.8506542193333333,0.920895886,8.64154941775,5.489555835666667,56.987933553333335,70.87253812333334,11.636515071
1,2014-05-11,0.20818755266666666,0.589595886,4.117799417,2.7608058356666665,40.612933553333335,60.497538123333335,6.303181740666666
1,2014-05-12,0.098395886,0.185795886,4.483216083666666,2.9037225023333337,45.24626688666667,63.997538123333335,6.378181740666666
1,2014-05-13,0.04678755266666667,0.189995886,3.377799417,1.9937225023333334,52.34626688666666,55.122538123333335,4.503181740666666
1,2014-05-14,0.19080838600000002,0.294995886,5.3832160836666665,3.056639169,63.68376688666667,78.91420479,6.469848407166666
1,2014-05-15,0.23266671933333335,0.362195886,5.051966083666667,3.029139169,56.55460022,78.28920479,7.140681739833333
1,2014-05-16,0.16781671933333334,0.326695886,3.586966083666667,2.0299725023333335,61.35043355333334,61.33087145666667,4.449015074
1,2014-05-17,0.610483386,0.724495886,7.36904941725,4.453305835666667,53.208766886666666,64.49753812333334,9.182348405333334
1,2014-05-18,0.5954542193333333,0.755095886,8.160299417125,4.797055835666667,55.175433553333335,46.45587145666667,10.024015072
1,2014-05-19,0.4978417193333333,0.866795886,6.614882750333333,4.021222502333333,60.18793355333333,84.20587145666667,8.286515073333334
1,2014-05-20,0.15398755266666667,0.452295886,4.2494660836666664,2.8845558356666667,52.62543355333333,79.62253812333334,6.532348407333333
1,2014-05-21,0.073333386,0.167295886,3.5607160836666663,2.2241391690000003,51.67960022,65.70587145666667,4.686515074
1,2014-05-22,0.3277750526666667,0.563595886,3.6911327503333333,2.439139169,56.67960022,77.49753812333334,5.215681740666667
1,2014-05-23,0.6130250526666666,0.674495886,4.459882750333333,2.5928891689999998,62.97543355333334,67.53920479,5.282348407333333
1,2014-05-24,0.28896255266666665,0.537495886,5.073216083666667,2.6449725023333333,69.91293355333333,54.03920479000001,5.357348407333333
1,2014-05-25,0.5853500526666667,0.877595886,6.675299417000001,3.639139169,73.55876688666667,53.03920479000001,7.261515073666666
1,2014-05-26,0.297870886,0.482095886,4.8765494170000006,2.7570558356666663,73.27126688666667,65.03920479,5.715681740666667
1,2014-05-27,0.18367921933333334,0.252695886,4.330299417,2.4028891690000003,75.16710022,70.12253812333334,5.511515073999999
1,2014-05-28,0.140083386,0.375995886,2.853632750333333,1.847889169,73.36710022,69.62253812333334,4.465681740666667
1,2014-05-29,0.3216167193333333,0.553095886,5.275299417,3.0608058356666668,70.30460022,68.08087145666667,6.361515074
1,2014-05-30,0.7201167193333333,0.862595886,7.692799417375,4.500389169,73.32543355333333,68.49753812333334,9.511515071833333
1,2014-05-31,0.7216417193333333,0.833495886,8.53654941775,5.293305835666667,75.76710022,71.62253812333334,11.703181737666666
1,2014-06-01,0.38327505266666667,0.870495886,5.356132750333334,3.595805835666667,63.24210022,81.16420479,7.6948484065
1,2014-06-02,0.488295886,0.689495886,4.916132750333333,3.376222502333333,54.300433553333335,73.33087145666667,7.644848407166666
1,2014-06-03,0.24787921933333334,0.541795886,5.070299417,3.093305835666667,62.34626688666666,76.99753812333334,6.6490150733333335
1,2014-06-04,0.3941000536666666,0.912495886,8.668632751333332,5.5099725023333335,60.68376688666667,64.66420479,12.269848404500001
1,2014-06-05,0.018129222333333334,0.132995886,6.166132750333333,3.957889169,53.47543355333334,71.24753812333334,8.349015073
1,2014-06-06,0.13753755266666667,0.253795886,4.508632750333333,2.7695558356666665,55.22543355333334,64.49753812333334,6.090681740666667
1,2014-06-07,0.20970421933333336,0.295695886,4.988632750333333,3.0124725023333334,63.82126688666667,67.83087145666667,6.582348407333334
1,2014-06-08,0.161545886,0.245595886,4.191966083666666,2.572889169,61.22960022,68.45587145666667,5.540681740666667
1,2014-06-09,0.19245005266666668,0.360495886,4.7636327503333336,2.5870558356666664,59.90460022,76.33087145666667,5.115681740666667
1,2014-06-10,0.2967042193333333,0.486395886,6.171966083666667,3.5070558356666663,61.85043355333334,64.70587145666667,7.249015073
1,2014-06-11,0.5177875526666667,0.860295886,6.6298827503333335,3.8108058356666668,62.175433553333335,51.91420479000001,7.8323484064999995
1,2014-06-12,0.30569171933333333,0.517295886,5.241549417,3.0820558356666665,67.97126688666667,68.74753812333334,6.682348406833333
1,2014-06-13,0.6990750526666667,0.915795886,8.373632751083333,5.069972502333333,69.86293355333333,65.99753812333334,10.928181738666666
1,2014-06-14,0.5562833859999999,0.969895886,5.819466083666666,3.4549725023333333,66.28793355333333,54.91420479000001,7.282348407
1,2014-06-15,0.135645886,0.386595886,3.885716083666667,2.247889169,65.40043355333334,57.997538123333335,4.978181740666667
1,2014-06-16,0.7045375526666667,0.767495886,3.820716083666667,2.1912225023333334,70.76293355333333,72.91420479,4.644848407333334
1,2014-06-17,0.583645886,0.695195886,6.259049417,3.7058058356666668,80.72543355333333,64.99753812333334,7.599015073166666
1,2014-06-18,0.47610421933333336,0.720295886,8.054049417125,4.882055835666667,75.73793355333333,77.83087145666667,10.682348404999999
1,2014-06-19,0.24224171933333336,0.401195886,4.488632750333333,2.8849725023333335,63.925433553333335,69.99753812333334,6.1198484073333335
1,2014-06-20,0.062333386,0.170595886,2.6207160836666668,1.7470558356666668,61.93793355333333,66.28920479,4.0781817406666665
1,2014-06-21,0.24968338599999998,0.436895886,6.3469660836666675,3.949139169,61.23376688666667,65.87253812333334,8.115681739833333
1,2014-06-22,0.294033386,0.592295886,6.813632750333333,4.121639169,63.03793355333334,60.83087145666667,8.582348406500001
1,2014-06-23,0.12610005266666666,0.205795886,4.246549417,2.8108058356666668,65.90876688666667,88.41420479,6.324015074000001
1,2014-06-24,0.16918338600000002,0.333295886,5.368632750333333,3.3383058356666666,60.95460022,86.08087145666667,6.932348406666667
1,2014-06-25,0.25306255266666666,0.406995886,5.1748827503333334,3.206222502333333,58.64210022,62.45587145666667,6.7115150733333335
1,2014-06-26,0.251920886,0.309495886,5.428216083666666,3.230389169,64.72960022,65.08087145666667,6.674015074
1,2014-06-27,0.097058386,0.200695886,4.4648827503333335,2.7758058356666666,67.28793355333333,89.74753812333334,5.732348407333333
1,2014-06-28,0.14097505266666668,0.344795886,4.858216083666666,3.2491391689999998,71.65043355333334,70.70587145666667,6.811515073833333
1,2014-06-29,0.399770886,0.844795886,6.264882750458334,3.6845558356666666,78.48376688666667,66.62253812333334,7.49068174
1,2014-06-30,0.5856542193333333,0.768795886,8.185299417125,4.921639169,84.44626688666666,69.24753812333334,10.0031817385
1,2014-07-01,0.7081875526666667,0.877195886,8.081966083916667,4.931639169,82.48793355333333,68.37253812333334,10.2323484055
1,2014-07-02,0.22842921933333335,0.578795886,4.572382750333333,2.9762225023333335,76.38376688666666,71.78920479,6.669848407333333
1,2014-07-03,0.18217921933333334,0.292595886,4.1957160836666665,2.6374725023333334,75.87543355333334,63.95587145666667,5.574015073999999
1,2014-07-04,0.06791255266666667,0.189095886,3.5957160836666664,2.0408058356666667,79.09210022,60.20587145666667,4.382348407333334
1,2014-07-05,0.2587875526666667,0.471595886,5.583632750333333,3.3178891690000003,78.14210022,76.87253812333334,7.2490150736666665
1,2014-07-06,0.5307167193333333,0.891895886,6.8294660836666665,4.269139169,63.65876688666666,54.91420479000001,9.057348405833332
1,2014-07-07,0.14085421933333334,0.410995886,3.365716083666667,2.038305835666667,66.76293355333333,57.03920479000001,4.340681740666667
1,2014-07-08,0.2747750526666667,0.570895886,5.586132750333333,3.091639169,71.78793355333333,53.66420479000001,6.224015074
1,2014-07-09,0.5807125526666667,0.745695886,7.000716083666667,3.984972502333333,76.66293355333333,52.95587145666667,8.1698484065
1,2014-07-10,0.2975542193333333,0.491395886,4.858632750333333,3.060389169,71.46710022,57.45587145666667,6.494848406833333
1,2014-07-11,0.20857921933333334,0.269795886,4.842382750333333,2.9778891689999996,69.06710022,58.58087145666667,6.128181740666666
1,2014-07-12,0.16149171933333334,0.225795886,3.9211327503333333,2.1753891690000002,71.95043355333333,55.91420479000001,4.524015074
1,2014-07-13,0.249133386,0.309495886,5.179466083666667,3.1203891689999996,77.65043355333333,55.497538123333335,6.569848406833334
1,2014-07-14,0.051100052666666666,0.126995886,3.570716083666667,2.1708058356666666,73.27543355333334,85.78920479,4.403181740666667
1,2014-07-15,0.022904219333333333,0.032595886,2.965716083666667,1.9224725023333333,75.71710022,77.41420479,4.482348407333333
1,2014-07-16,0.08625005266666667,0.255895886,4.306132750333333,2.6187225023333336,76.45460022,79.91420479,6.219848407000001
1,2014-07-17,0.342820886,0.601595886,5.770716083666667,3.516639169,67.81293355333334,64.28920479,7.236515073166667
1,2014-07-18,0.125108386,0.296095886,3.9669660836666663,2.502889169,64.32543355333333,68.74753812333334,5.411515074
1,2014-07-19,0.206058386,0.429395886,5.085299417,2.907472502333333,70.21293355333334,58.997538123333335,5.944848407333333
1,2014-07-20,0.501858386,0.605395886,6.855716083666667,4.044139169,72.15043355333333,74.99753812333334,8.240681739833333
1,2014-07-21,0.399570886,0.764095886,6.311549416999999,3.954555835666667,69.56710022,86.66420479,8.386515072666667
1,2014-07-22,0.343645886,0.683195886,5.501966083666667,3.1699725023333336,64.44626688666666,91.45587145666667,6.374015073833333
1,2014-07-23,0.2804542193333333,0.538295886,2.9886327503333336,1.9195558356666667,69.15043355333334,84.37253812333334,4.949015074
1,2014-07-24,0.15886255266666668,0.186495886,2.2886327503333335,1.509139169,70.16293355333333,91.41420479,3.603181740666667
1,2014-07-25,0.12255005266666667,0.199195886,3.5694660836666667,2.2608058356666665,72.63376688666666,72.12253812333334,4.824015073833333
1,2014-07-26,0.4142625526666666,0.462195886,6.408216083666667,3.7674725023333333,70.34210022,65.28920479,8.153181739333332
1,2014-07-27,0.2513667193333333,0.465595886,5.580299417,3.3828891690000003,66.11710022,73.49753812333334,7.274015073166667
1,2014-07-28,0.27620421933333333,0.411195886,5.114882750333334,3.3087225023333335,65.95043355333333,69.95587145666667,6.653181739833333
1,2014-07-29,0.06852505266666667,0.206595886,3.9102994169999996,2.456222502333333,67.93793355333334,72.62253812333334,5.303181740666667
1,2014-07-30,0.034533386,0.037795886,2.4982160836666667,1.6349725023333335,68.98376688666667,74.41420479,3.674015074
1,2014-07-31,0.049587552666666666,0.122695886,3.5286327503333332,2.3249725023333334,68.51293355333333,76.70587145666667,4.694848407333334
1,2014-08-01,0.13731255266666667,0.364995886,4.811549417,2.8070558356666666,70.37543355333334,71.58087145666667,5.532348407333333
1,2014-08-02,0.3523917193333333,0.608995886,5.849882750333333,3.4070558356666667,70.95460022,77.78920479,7.244848406333333
1,2014-08-03,0.09032921933333334,0.231895886,3.791132750333333,2.2845558356666666,70.47126688666667,85.53920479,5.603181740666667
1,2014-08-04,0.14487921933333334,0.484495886,4.590299417,2.5708058356666665,74.89626688666667,70.95587145666667,5.349015074
1,2014-08-05,0.5866000526666667,0.707995886,7.8157160836666675,4.521639169,80.75460022,60.83087145666667,9.124015072499999
1,2014-08-06,0.26289588599999997,0.559195886,5.777799417,3.371639169,75.44626688666666,77.49753812333334,7.3656817405
1,2014-08-07,0.052700052666666664,0.140595886,3.154466083666667,2.0399725023333333,70.83793355333334,85.83087145666667,4.590681740666667
1,2014-08-08,0.11300005266666667,0.256895886,3.965716083666667,2.419139169,69.42960022,83.74753812333334,6.065681740666666
1,2014-08-09,0.35004171933333333,0.502595886,5.2827994170000006,3.098722502333333,70.65460022,82.37253812333334,6.799015073333333
1,2014-08-10,0.05635005266666667,0.177295886,3.6777994169999997,2.461639169,69.60043355333333,70.03920479,5.028181740666667
1,2014-08-11,0.0060500526666666665,0.012395886,2.945716083666667,1.9041391689999998,69.42126688666667,75.87253812333334,4.0781817406666665
1,2014-08-12,0.02324171933333333,0.058095886,3.3161327503333333,2.174972502333333,69.33376688666667,84.41420479,4.761515074
1,2014-08-13,0.015591719333333332,0.038995886,2.2169660836666667,1.7145558356666666,70.60460022,81.66420479,3.6573484073333336
1,2014-08-14,0.09773755266666667,0.216895886,5.924466083666666,3.292889169,75.61293355333333,66.53920479,6.557348407166667
1,2014-08-15,0.21769171933333334,0.327995886,4.998632750333333,2.888305835666667,75.15876688666667,72.70587145666667,5.915681740666667
1,2014-08-16,0.19315838600000002,0.403395886,4.134466083666667,2.4524725023333334,71.60043355333333,91.28920479,5.440681740666666
1,2014-08-17,0.08669171933333335,0.127295886,4.231132750333333,2.5645558356666665,70.77960022,89.53920479,5.1406817406666665
1,2014-08-18,0.064020886,0.091295886,4.622799417,2.8574725023333336,69.66710022,86.62253812333334,5.940681740666666
1,2014-08-19,0.03240421933333333,0.062395886,2.885716083666667,1.7595558356666665,70.15460022,84.87253812333334,3.9073484073333336
1,2014-08-20,0.13512921933333333,0.275195886,3.996132750333333,2.3720558356666666,69.98376688666667,79.95587145666667,4.9115150739999995
1,2014-08-21,0.639208386,0.797395886,6.887382750833333,4.202889169,68.95876688666667,88.87253812333334,8.732348405833333
1,2014-08-22,0.559295886,0.883495886,6.911966083666666,4.3224725023333335,64.10460022,70.91420479,9.124015071833334
1,2014-08-23,0.5115458860000001,0.764795886,6.455716083666666,3.589555835666667,67.66293355333333,60.78920479000001,7.069848406666666
1,2014-08-24,0.6676083859999999,0.780795886,6.9423827503333335,3.953722502333333,68.27543355333334,63.20587145666667,7.8156817395000004
1,2014-08-25,0.47275005266666664,0.626995886,7.454882750333334,4.219139169,69.02543355333334,86.28920479,8.769848406
1,2014-08-26,0.155308386,0.288395886,4.303632750333334,2.567889169,73.43376688666667,81.49753812333334,5.419848407333333
1,2014-08-27,0.532995886,0.684995886,8.405716083916667,4.884139169,77.51293355333333,78.70587145666667,10.2240150725
1,2014-08-28,0.36856255266666665,0.842995886,8.045716084541667,5.004555835666667,78.09626688666667,74.78920479,10.7198484045
1,2014-08-29,0.273733386,0.361895886,6.6211327503333335,4.159972502333333,71.06293355333334,80.41420479,8.694848406166667
1,2014-08-30,0.18996255266666665,0.270995886,4.393216083666666,2.785389169,61.025433553333336,77.99753812333334,5.815681740666666
1,2014-08-31,0.278495886,0.590195886,4.567799417,2.705389169,65.47543355333333,78.62253812333334,5.315681740666666
1,2014-09-01,0.4300875536666666,0.897395886,6.844049417,3.8978891690000004,72.10043355333333,84.33087145666667,8.3823484065
1,2014-09-02,0.12938338683333334,0.416195886,6.199466083666667,3.6241391689999998,75.40876688666667,81.66420479,7.5740150735
1,2014-09-03,0.21935838600000002,0.573595886,4.946549417,3.0208058356666663,74.79626688666667,85.74753812333334,7.1198484065
1,2014-09-04,0.18955005266666666,0.526695886,4.835716083666667,2.8199725023333335,75.66710022,86.28920479,6.4698484065
1,2014-09-05,0.6964750526666666,0.902795886,7.40029941725,4.387472502333334,77.71710022,78.20587145666667,10.336515072
1,2014-09-06,0.24610005266666668,0.395695886,5.321966083666667,3.2445558356666666,63.300433553333335,83.66420479,6.469848407333333
1,2014-09-07,0.22047505266666667,0.641595886,5.3677994170000005,3.0999725023333333,60.84626688666666,72.49753812333334,6.157348407333333
1,2014-09-08,0.648045886,0.940395886,7.4144660836666665,4.420389169,59.862933553333335,69.37253812333334,8.882348406
1,2014-09-09,0.7529208860000001,0.853895886,8.763216083666666,5.443722502333333,58.25043355333333,67.16420479,11.061515071166667
1,2014-09-10,0.365108386,0.729695886,6.116132750333333,3.6949725023333335,58.20460022,86.16420479,7.328181740000001
1,2014-09-11,0.07681671933333332,0.117695886,3.305716083666667,1.8812225023333333,62.47960022,79.78920479,4.0156817406666665
1,2014-09-12,0.024291719333333333,0.049295886,3.028216083666667,1.991639169,63.75043355333333,81.28920479,4.019848407333334
1,2014-09-13,0.07412921933333333,0.086795886,3.6761327503333336,2.187055835666667,67.37960022,88.16420479,4.3281817406666665
1,2014-09-14,0.053895886000000004,0.069995886,2.9386327503333334,1.8358058356666664,69.38376688666666,89.03920479,3.6573484073333336
1,2014-09-15,0.044633386,0.074495886,3.6569660836666666,2.2187225023333332,68.38376688666666,84.45587145666667,4.574015074
1,2014-09-16,0.10117505266666667,0.304995886,3.874882750333333,2.2599725023333335,70.20043355333333,82.12253812333334,4.394848407333334
1,2014-09-17,0.28587505266666663,0.524195886,3.7836327503333336,2.067055835666667,73.64210022,77.28920479,4.094848407333333
1,2014-09-18,0.19011671933333332,0.451095886,4.348216083666666,2.744139169,65.18793355333334,80.74753812333334,5.974015074
1,2014-09-19,0.06310005266666667,0.091795886,3.600299417,2.1712225023333334,61.97543355333334,82.41420479,4.690681740666666
1,2014-09-20,0.18282505266666668,0.616695886,5.664882750333334,3.2749725023333336,63.82126688666667,90.37253812333334,6.349015073833333
1,2014-09-21,0.8267042193333333,0.934095886,11.891966086416666,7.2166391690000005,70.51293355333333,68.45587145666667,15.340681736666667
1,2014-09-22,0.11356255266666666,0.459595886,4.172799417,2.6753891690000002,53.22960022,67.37253812333334,5.990681740166667
1,2014-09-23,0.08692505266666667,0.305595886,3.9423827503333335,2.2245558356666666,55.07960022,76.78920479,4.4531817406666665
1,2014-09-24,0.6863542193333334,0.867095886,8.201966083916666,4.849972502333333,62.12543355333333,82.78920479,9.728181738333333
1,2014-09-25,0.382920886,0.577995886,7.388632750458334,4.493305835666667,68.38376688666666,89.20587145666667,9.294848405833333
1,2014-09-26,0.6321542193333333,0.749995886,8.244466083916667,5.033722502333333,59.37126688666667,69.41420479,10.540681737833333
1,2014-09-27,0.45385005266666667,0.595995886,5.9719660836666675,3.3678891689999997,54.31710022000001,66.41420479,6.5865150735
1,2014-09-28,0.4640375526666667,0.582195886,6.965299417000001,3.9908058356666665,54.10460022,75.16420479,7.932348406833333
1,2014-09-29,0.2665417193333333,0.659395886,5.619882750333333,3.2874725023333333,49.77960022,63.497538123333335,6.749015073166667
1,2014-09-30,0.106495886,0.253895886,2.816966083666667,1.7058058356666665,48.150433553333336,86.37253812333334,3.474015074
1,2014-10-01,0.3544042193333334,0.458095886,6.059049417,3.5420558356666665,52.11710022,91.12253812333334,7.6406817405
1,2014-10-02,0.23955421933333332,0.305895886,4.935716083666667,2.939972502333333,56.15460022,87.99753812333334,6.965681740333333
1,2014-10-03,0.522383386,0.975295886,7.834049418,4.624139169,61.583766886666666,83.91420479,8.886515072166667
1,2014-10-04,0.7244625526666667,0.911195886,8.396132751208333,5.1524725023333335,55.79210022,71.58087145666667,11.782348404666665
1,2014-10-05,0.3952792193333334,0.475695886,5.5673827503333335,3.2149725023333335,50.837933553333336,83.62253812333334,6.394848407166666
1,2014-10-06,0.28397505266666667,0.582295886,6.159882750333334,3.558305835666667,61.833766886666666,91.24753812333334,8.215681739666666
1,2014-10-07,0.397670886,0.619895886,5.299049417,3.2241391690000003,53.42126688666667,86.28920479,6.507348407333333
1,2014-10-08,0.381920886,0.720495886,6.850299417,3.931639169,67.51710022,88.41420479,8.403181739833334
1,2014-10-09,0.6688792193333333,0.948195886,7.556132750333333,4.281222502333334,72.17543355333333,83.91420479,8.599015072833334
1,2014-10-10,0.7036125526666667,0.856995886,8.543632750958333,5.039139168999999,71.17126688666667,80.66420479,10.440681738333334
1,2014-10-11,0.8134708860000001,0.959195886,10.32529941875,6.726222502333333,52.97960022,67.62253812333334,13.844848403333332
1,2014-10-12,0.482870886,0.621495886,6.946966083666666,4.462889168999999,43.21710022,59.45587145666667,9.2615150715
1,2014-10-13,0.289895886,0.502695886,5.751549417,3.411222502333333,41.69626688666667,63.33087145666667,6.865681740166667
1,2014-10-14,0.5656250526666667,0.861895886,6.259882750333333,3.4883058356666665,47.45043355333333,68.83087145666667,6.794848407333333
1,2014-10-15,0.7692750526666666,0.880995886,8.776132751208333,5.171222502333333,43.36710022,70.78920479,10.361515072000001
1,2014-10-16,0.8240917193333334,0.921095886,9.258632751083333,5.466222502333333,43.71710022,57.372538123333335,10.915681738000002
1,2014-10-17,0.44763755266666666,0.642595886,9.212799418125,5.694555835666667,41.079600219999996,60.83087145666667,11.790681737833333
1,2014-10-18,0.5300917193333333,0.802695886,7.367799417625,4.285805835666666,39.429600220000005,55.45587145666667,8.515681739
1,2014-10-19,0.837558386,0.961495886,10.379882751958332,6.140805835666666,48.733766886666665,61.872538123333335,12.474015070666667
1,2014-10-20,0.6466125526666666,0.944995886,8.219466084291666,4.896639169,42.429600220000005,73.16420479,10.628181738166667
1,2014-10-21,0.419033386,0.705195886,6.526966083666667,3.940389169,37.10043355333333,62.247538123333335,8.011515073166667
1,2014-10-22,0.2674417193333333,0.569995886,5.5969660836666675,3.0408058356666667,42.90876688666666,67.12253812333334,5.890681740666667
1,2014-10-23,0.602320886,0.700295886,8.20529941725,4.869555835666667,42.94626688666667,72.16420479,9.644848405666666
1,2014-10-24,0.29804171933333334,0.422795886,4.679049417,2.9799725023333337,37.896266886666666,74.66420479,5.978181740499999
1,2014-10-25,0.17718338600000003,0.473295886,3.2494660836666664,2.1395558356666666,38.50043355333333,76.95587145666667,3.7948484073333333
1,2014-10-26,0.194895886,0.527495886,4.8744660836666664,2.9049725023333335,42.858766886666665,79.37253812333334,5.3698484073333335
1,2014-10-27,0.4270375526666667,0.735195886,6.1107160836666665,3.564139169,40.458766886666666,90.03920479,6.911515074
1,2014-10-28,0.17858755266666668,0.528095886,3.9277994169999997,2.492889169,40.550433553333335,88.74753812333334,4.878181740666666
1,2014-10-29,0.6728125526666666,0.776695886,8.154882750583333,4.861222502333333,42.171266886666665,70.49753812333334,9.7615150725
1,2014-10-30,0.3391000526666667,0.709395886,5.962382750708333,3.4887225023333333,43.59626688666666,81.33087145666667,6.978181739833333
1,2014-10-31,0.31522505266666667,0.597395886,6.067799417,3.308305835666667,48.87960021999999,82.28920479,7.22818174
1,2014-11-01,0.370233386,0.711595886,6.155716083666667,3.4462225023333333,42.72126688666666,87.45587145666667,6.540681740166666
1,2014-11-02,0.3385542193333333,0.587995886,6.199049417,3.594972502333333,40.62126688666667,91.33087145666667,7.157348407333334
1,2014-11-03,0.34241671933333334,0.688195886,5.905299416999999,3.5924725023333335,38.13793355333333,74.95587145666667,7.0156817395
1,2014-11-04,0.626083386,0.724295886,7.150299417125001,4.272889169,40.66710022,76.53920479,8.215681738333332
1,2014-11-05,0.4996792193333333,0.723095886,7.254466083666666,4.1349725023333335,46.74210022,79.91420479,8.336515072500001
1,2014-11-06,0.685295886,0.725595886,10.925299419,6.662055835666667,48.52960022,84.12253812333334,13.632348404166668
1,2014-11-07,0.6878125526666666,0.727595886,9.964466085166666,6.257055835666667,39.29210022,66.45587145666667,12.824015070833333
1,2014-11-08,0.274220886,0.522395886,4.439882750333333,2.8112225023333335,35.233766886666665,72.41420479,5.815681740333333
1,2014-11-09,0.41435421933333333,0.722195886,6.652382750958334,4.041639169,33.44210022,85.74753812333334,7.7823484065
1,2014-11-10,0.49509171933333335,0.732195886,8.777382751583334,5.298722502333333,27.708766886666666,66.12253812333334,10.832348404666668
1,2014-11-11,0.201233386,0.283095886,5.6332160836666665,3.2316391689999997,30.279600220000003,68.91420479,6.286515073833333
1,2014-11-12,0.125208386,0.227095886,4.364466083666667,2.4662225023333333,33.77960022,72.20587145666667,4.707348407333334
1,2014-11-13,0.44527505266666667,0.703495886,6.689049417,4.237889169,28.01293355333333,64.91420479,8.494848405499999
1,2014-11-14,0.426345886,0.546095886,4.490716083666666,2.8699725023333333,24.592100220000003,62.78920479000001,6.074015073999999
1,2014-11-15,0.4122167193333333,0.557695886,5.7323827503333336,3.0874725023333336,30.29210022,83.41420479,5.924015073666666
1,2014-11-16,0.495420886,0.692195886,7.921132750333334,4.635389169,32.93793355333333,86.45587145666667,9.132348405833334
1,2014-11-17,0.31045421933333334,0.520895886,4.905299417,2.9612225023333334,31.029600220000003,73.49753812333334,5.986515074
1,2014-11-18,0.14125005266666665,0.284195886,4.535299417,2.660805835666667,29.217100220000003,73.16420479,4.957348407333334
1,2014-11-19,0.2931375526666667,0.523395886,4.7236327503333335,2.7370558356666668,30.437933553333334,81.20587145666667,5.240681740666667
1,2014-11-20,0.5405125526666666,0.728195886,7.584049417375,4.767889169,26.95043355333333,66.74753812333334,9.507348405666667
1,2014-11-21,0.4709625526666667,0.708895886,8.196549417625,5.220389169,23.208766886666666,57.747538123333335,10.790681737833333
1,2014-11-22,0.2881917193333333,0.492995886,5.386966083666667,3.346639169,21.658766886666665,55.03920479000001,6.644848407166666
1,2014-11-23,0.7026917193333334,0.724995886,8.957799417875,5.079555835666667,34.550433553333335,69.20587145666667,9.857348405833333
1,2014-11-24,0.6499042193333333,0.723595886,8.580299417,4.694555835666667,41.083766886666666,90.53920479,9.0031817395
1,2014-11-25,0.716795886,0.748495886,5.7582160836666665,3.5587225023333335,37.51293355333333,81.83087145666667,7.1490150735
1,2014-11-26,0.7247000526666666,0.730295886,10.850716086166665,6.398305835666666,31.51710022,88.53920479,12.682348403833332
1,2014-11-27,0.7017958860000001,0.716995886,8.749882750333333,5.175389169,27.400433553333333,71.45587145666667,10.561515071
1,2014-11-28,0.6457042193333333,0.695795886,8.174882750333333,4.869139169,28.212933553333333,75.49753812333334,9.824015071666667
1,2014-11-29,0.12282505266666667,0.368195886,3.8623827503333334,2.3608058356666666,27.26293355333333,81.28920479,4.782348407333333
1,2014-11-30,0.13827921933333334,0.224595886,2.3332160836666667,1.4808058356666667,30.271266886666666,89.74753812333334,2.757348407333333
1,2014-12-01,0.5282542193333334,0.704995886,7.278216083916667,4.160389169,32.62126688666667,90.41420479,8.032348405666667
1,2014-12-02,0.5535792193333333,0.707795886,7.525299417125001,4.078305835666667,43.15043355333333,92.28920479,8.490681739333334
1,2014-12-03,0.6585875526666667,0.698695886,7.0448827503333336,4.239139169,31.554600219999998,79.95587145666667,8.30318174
1,2014-12-04,0.18759171933333332,0.443395886,4.335716083666667,2.717472502333333,26.771266886666666,71.49753812333334,5.353181740666667
1,2014-12-05,0.39520421933333333,0.704095886,5.891549417,3.531639169,27.550433553333335,63.66420479000001,6.844848407333333
1,2014-12-06,0.5503250526666666,0.696895886,7.644049417000001,4.583305835666667,27.35460022,72.41420479,9.232348405666666
1,2014-12-07,0.24679171933333333,0.426795886,4.774049417,3.014972502333333,22.346266886666665,59.997538123333335,6.161515073833333
1,2014-12-08,0.5375792193333333,0.631295886,5.889882750333332,3.5208058356666663,22.525433553333333,61.20587145666667,6.886515073833333
1,2014-12-09,0.414845886,0.691395886,6.199882750333334,3.3508058356666663,23.933766886666664,75.28920479,6.41568174
1,2014-12-10,0.24622088600000003,0.466995886,5.424882750333333,3.2120558356666664,26.45043355333333,75.74753812333334,6.107348407333333
1,2014-12-11,0.46174588600000005,0.665495886,6.811132750333333,4.095389169,28.07960022,77.12253812333334,8.019848406833333
1,2014-12-12,0.6980917193333332,0.832295886,6.2669660836666665,3.6203891689999996,29.425433553333335,83.74753812333334,7.169848406333333
1,2014-12-13,0.38812505266666664,0.647795886,3.711132750333333,2.1449725023333333,33.017100219999996,88.53920479,3.944848407333333
1,2014-12-14,0.11917921933333332,0.161895886,4.324882750333333,2.126639169,34.35043355333333,93.28920479,3.8281817406666665
1,2014-12-15,0.1762000526666667,0.318595886,5.755716083666666,2.8695558356666666,33.583766886666666,88.83087145666667,5.378181740666666
1,2014-12-16,0.3275375526666667,0.593795886,5.439882750583333,2.9174725023333337,32.66710022,84.58087145666667,5.299015073666666
1,2014-12-17,0.661820886,0.767195886,8.255299417125,4.835805835666666,30.45460022,71.95587145666667,9.578181739
1,2014-12-18,0.231783386,0.574995886,5.488632750333333,3.159139169,28.533766886666665,71.83087145666667,6.165681740666667
1,2014-12-19,0.6661375526666666,0.820695886,8.163216083666667,4.330389169,34.396266886666666,68.12253812333334,8.194848407333334
1,2014-12-20,0.2662292193333333,0.675295886,5.996966083666667,2.764972502333333,36.546266886666665,86.53920479,5.065681740666666
1,2014-12-21,0.6579000526666666,0.945395886,7.531549417,4.546639169,34.112933553333335,90.87253812333334,8.807348405166666
1,2014-12-22,0.3876792193333333,0.767095886,5.5898827503333335,3.6312225023333333,27.19210022,72.58087145666667,7.3990150735
1,2014-12-23,0.09599588600000002,0.231995886,4.230716083666667,2.5420558356666665,30.41710022,83.20587145666667,4.836515074
1,2014-12-24,0.277270886,0.527795886,7.448632750708334,4.507055835666667,29.492100219999998,76.91420479,9.003181739333334
1,2014-12-25,0.13425005266666667,0.325095886,3.9994660836666664,2.303722502333333,26.458766886666666,73.99753812333334,4.290681740666667
1,2014-12-26,0.115470886,0.349795886,4.024049417,2.220389169,29.471266886666665,86.37253812333334,4.019848407333334
1,2014-12-27,0.6650833859999999,0.701195886,10.180299418375,5.809139169000001,33.833766886666666,85.37253812333334,11.199015071333333
1,2014-12-28,0.461770886,0.696595886,9.56154941775,5.600805835666667,44.35043355333334,86.37253812333334,11.799015070666668
1,2014-12-29,0.33897921933333336,0.486295886,4.4111327503333335,3.0283058356666666,23.962933553333333,67.78920479,6.386515073999999
1,2014-12-30,0.6219417193333333,0.709595886,7.026132750333333,4.1628891690000005,29.350433553333332,63.997538123333335,8.169848406666667
1,2014-12-31,0.3870667193333333,0.696295886,6.664466083666667,3.4583058356666663,32.00043355333333,86.49753812333334,6.944848406833334
1,2015-01-01,0.4753042193333334,0.692895886,6.344049417,4.163305835666667,25.32960022,77.95587145666667,8.6573484055
1,2015-01-02,0.141183386,0.414695886,4.477382750333334,2.7003891689999997,24.57960022,78.37253812333334,5.590681740333333
1,2015-01-03,0.6664042193333334,0.694995886,8.698632750833333,5.226639169,29.60460022,74.37253812333334,10.386515071833333
1,2015-01-04,0.45174171933333335,0.687395886,7.249882750958334,4.052472502333333,35.546266886666665,72.83087145666667,7.744848405833333
1,2015-01-05,0.406033386,0.702995886,6.26904941775,3.641222502333333,34.97126688666666,85.70587145666667,6.794848406166667
1,2015-01-06,0.49292505266666664,0.694095886,6.559882750333333,3.988305835666667,29.225433553333332,70.08087145666667,8.090681739833334
1,2015-01-07,0.627383386,0.703195886,11.674466085791666,6.874972502333333,33.41293355333333,78.41420479,14.219848403999999
1,2015-01-08,0.4340167193333333,0.703895886,7.60279941775,4.423305835666667,37.21710022,94.12253812333334,9.190681738833334
1,2015-01-09,0.6980292193333333,0.702295886,10.086132751958333,6.414972502333334,25.29210022,62.78920479000001,12.965681737166667
1,2015-01-10,0.540995886,0.712695886,7.929466083791667,5.189139169,18.825433553333333,59.58087145666667,10.582348404666666
1,2015-01-11,0.2519417193333333,0.270495886,2.898632750333334,1.9183058356666667,22.32543355333333,57.66420479000001,4.461515074
1,2015-01-12,0.331070886,0.426295886,4.614466083666667,2.9933058356666664,24.54210022,64.87253812333334,5.969848407333333
1,2015-01-13,0.2582125526666667,0.355195886,5.217799417,3.2137225023333333,21.287933553333332,71.08087145666667,6.403181740666667
1,2015-01-14,0.09819171933333333,0.164195886,4.368632750333333,2.699139169,22.687933553333334,74.66420479,5.015681740666667
1,2015-01-15,0.29841671933333336,0.571095886,7.140299417624999,4.472055835666667,28.287933553333332,75.45587145666667,8.732348406333333
1,2015-01-16,0.5856542193333333,0.703595886,6.236132750583334,4.239139169,21.75460022,59.16420479000001,8.878181738333334
1,2015-01-17,0.36370838600000005,0.534395886,4.335299417,2.7620558356666667,21.679600219999998,69.83087145666667,5.236515074000001
1,2015-01-18,0.21826671933333333,0.341395886,5.617382750333333,3.3878891689999997,24.433766886666664,67.74753812333334,6.774015073666667
1,2015-01-19,0.656695886,0.837795886,7.420299417,4.845389169,17.325433553333333,67.78920479,9.678181738166666
1,2015-01-20,0.912095886,0.956195886,10.590716086041667,6.717889169,7.7212668896666665,58.03920479000001,13.290681736666668
1,2015-01-21,0.424983386,0.871695886,6.095716083666667,3.777055835666667,7.154600223,64.41420479,7.624015073
1,2015-01-22,0.3614000526666667,0.677695886,8.129049417,4.742889169,17.8629335545,67.99753812333334,9.136515073
1,2015-01-23,0.408133386,0.704595886,7.656966083791667,4.283305835666667,33.77960022,91.91420479,8.440681739166667
1,2015-01-24,0.5372042193333334,0.703995886,7.11404941725,4.4753891690000005,24.308766886666664,73.16420479,8.944848406
1,2015-01-25,0.6355250526666667,0.704695886,9.74279941825,6.307889169,13.242100221000001,58.122538123333335,12.88651507
1,2015-01-26,0.19255005266666667,0.395695886,4.904466083666667,3.100389169,8.296266888666667,55.45587145666667,6.311515074
1,2015-01-27,0.5058875526666666,0.707495886,7.020716083666667,4.4058058356666665,8.583766889,56.66420479000001,8.786515072166667
1,2015-01-28,0.4975500526666667,0.698495886,6.974049417875,4.065805835666667,12.883766887999998,74.70587145666667,8.053181738833333
1,2015-01-29,0.6245000526666666,0.775495886,9.1002994185,5.544139169,9.904600221833332,72.74753812333334,11.269848404333333
1,2015-01-30,0.8703750526666667,0.904695886,11.042799419,6.566222502333333,-3.891233109333333,65.24753812333334,13.224015071333334
1,2015-01-31,0.7283792193333333,0.859395886,8.532382750833333,4.749139169,-3.3495664428333334,68.83087145666667,9.644848405166668
1,2015-02-01,0.16708338599999997,0.422195886,4.341549417,2.3299725023333333,-0.8870664439999999,71.58087145666667,4.132348407333334
1,2015-02-02,0.4724292193333333,0.769995886,8.114049417125,4.450805835666666,26.754600220333334,80.16420479,8.944848406
1,2015-02-03,0.8676333860000001,0.970595886,8.889466083791666,4.669972502333334,42.983766886666665,90.83087145666667,8.982348406333333
1,2015-02-04,0.7453583859999999,0.961395886,9.518632751958334,5.137472502333334,47.237933553333335,90.53920479,10.144848405166668
1,2015-02-05,0.26913755266666667,0.704095886,5.641549417,3.7895558356666665,27.271266886666666,77.58087145666667,8.382348407
1,2015-02-06,0.18771255266666667,0.244895886,4.674049417,2.997889169,28.35460022,88.49753812333334,6.403181740666667
1,2015-02-07,0.13235838600000002,0.538595886,7.340716084666667,4.431222502333333,32.800433553333335,91.87253812333334,8.928181739166666
1,2015-02-08,0.920633386,0.965095886,13.341549419875,8.630805835666667,16.142100220166665,56.45587145666667,17.694848403333335
1,2015-02-09,0.4245500526666666,0.969195886,5.530299416999999,3.527055835666667,13.762933554833333,57.122538123333335,7.36568174
1,2015-02-10,0.21563755266666665,0.260995886,3.5232160836666666,2.299139169,19.17126688666667,63.622538123333335,4.899015074
1,2015-02-11,0.4490667193333333,0.836695886,6.3277994170000005,3.9899725023333334,25.23376688666667,75.37253812333334,7.919848406500001
1,2015-02-12,0.6291375526666666,0.957695886,9.258632751583333,5.4178891689999995,28.621266886666664,88.33087145666667,11.0698484045
1,2015-02-13,0.6610750526666667,0.699795886,11.242799419374998,6.917472502333333,22.654600220000003,75.41420479,14.349015070166667
1,2015-02-14,0.640245886,0.682295886,7.177799417,3.6570558356666667,28.47126688666667,78.45587145666667,7.336515074
1,2015-02-15,0.46431255266666666,0.701895886,11.163632752583332,6.8624725023333335,26.10876688666667,75.95587145666667,13.853181737166667
1,2015-02-16,0.16472505266666668,0.398495886,4.521549417,2.794555835666667,21.437933553333334,71.83087145666667,5.715681740666667
1,2015-02-17,0.4239417193333333,0.784095886,5.708632750333333,3.3253891689999997,20.262933553333333,78.24753812333334,6.461515074
1,2015-02-18,0.4886125526666667,0.732095886,4.944466083666667,3.152055835666667,16.521266886833335,74.12253812333334,6.461515074
1,2015-02-19,0.3536292193333333,0.372695886,3.340299417,2.5149725023333334,11.954600221833333,73.24753812333334,3.9531817406666665
1,2015-02-20,0.6839875526666667,0.931695886,7.889466083916666,4.574555835666667,24.546266887,81.58087145666667,8.936515072
1,2015-02-21,0.7207750526666666,0.958995886,9.0215494185,5.323305835666667,30.237933553333335,74.99753812333334,11.257348404333333
1,2015-02-22,0.16890421933333333,0.315195886,3.7198827503333334,2.446639169,22.304600219999998,81.28920479,4.040681740666667
1,2015-02-23,0.5999000526666667,0.770895886,7.273632750333333,4.084972502333334,30.80460022,78.83087145666667,7.894848406333334
1,2015-02-24,0.879608386,0.926095886,14.420716086416666,8.762055836125,34.78793355333333,79.16420479,18.590681736833336
1,2015-02-25,0.8484000526666667,0.953095886,11.252382752208334,7.269555835708334,17.30460022,55.16420479000001,15.257348404333333
1,2015-02-26,0.23262505266666667,0.385695886,3.711132750333333,2.639139169,15.062933553333332,52.622538123333335,6.024015074
1,2015-02-27,0.28533755266666666,0.435895886,4.416549417,2.6024725023333333,16.617100220166666,79.20587145666667,5.336515074
1,2015-02-28,0.11342921933333333,0.309995886,3.475299417,2.412889169,14.875433554833334,75.74753812333334,4.215681740666667
1,2015-03-01,0.25156255266666666,0.551795886,3.7644660836666666,1.946639169,21.446266887333334,76.03920479,3.7490150740000003
1,2015-03-02,0.003870886,0.008795886,3.781132750333333,2.246222502333333,23.95460022,80.74753812333334,4.340681740666667
1,2015-03-03,0.05836671933333334,0.227295886,4.303216083666666,2.7003891689999997,15.5337668875,76.87253812333334,5.199015074
1,2015-03-04,0.6243667193333333,0.898095886,6.944882750333334,4.291639169,6.025433556166667,66.24753812333334,8.694848405333333
1,2015-03-05,0.643858386,0.703395886,7.517382750333334,4.494139168999999,10.087933555166666,66.58087145666667,9.224015072166667
1,2015-03-06,0.469008386,0.681195886,6.837382750333333,3.8612225023333333,10.746266888166666,65.03920479,7.899015072666667
1,2015-03-07,0.173345886,0.270895886,5.410716083666666,3.294972502333333,11.987933554666666,70.37253812333334,6.069848407333333
1,2015-03-08,0.22928755266666667,0.428595886,3.9540494170000002,2.658722502333333,17.879600221333334,65.49753812333334,4.540681740666667
1,2015-03-09,0.6776500526666666,0.958595886,7.510716084666666,4.7583058356666665,26.642100220166668,63.91420479000001,9.407348405166667
1,2015-03-10,0.945608386,0.965495886,13.639466086666667,8.3737225025,37.362933553333335,76.95587145666667,17.169848403333333
1,2015-03-11,0.7834875526666667,0.964095886,9.254049418,5.696222502333334,28.812933553333334,65.53920479,11.753181737666667
1,2015-03-12,0.26428755266666665,0.466495886,5.714466083666667,3.3933058356666668,30.17126688666667,58.372538123333335,6.528181740666667
1,2015-03-13,0.6987542193333334,0.734795886,7.244882750333333,3.770389169,38.82543355333333,74.83087145666667,7.2906817403333335
1,2015-03-14,0.731070886,0.738195886,11.260716086291666,6.270389169,50.08793355333333,77.62253812333334,13.361515070833335
1,2015-03-15,0.6782542193333333,0.731395886,9.718216085041666,5.953305835666666,36.800433553333335,84.33087145666667,12.128181737333334
1,2015-03-16,0.6667667193333333,0.726895886,8.324049417125,5.229555835666667,28.037933553333332,63.20587145666667,10.7323484055
1,2015-03-17,0.15797505266666667,0.318695886,4.991132750333333,3.084139169,27.97126688666667,61.20587145666667,6.044848407333333
1,2015-03-18,0.11943755266666667,0.208695886,5.218632750333334,3.059139169,31.337933553333333,63.997538123333335,6.107348407333333
1,2015-03-19,0.11171671933333333,0.272895886,5.2861327503333335,3.0983058356666664,33.71710022,59.78920479000001,6.049015074
1,2015-03-20,0.07427088716666667,0.214595886,7.825716083916667,4.529555835666667,37.175433553333335,72.08087145666667,8.919848406166667
1,2015-03-21,0.13714171933333333,0.413695886,5.032382750333333,2.996639169,37.52960022,83.95587145666667,6.007348407333333
1,2015-03-22,0.6513750526666667,0.706495886,9.315299418,5.760805835666667,30.904600220000003,69.78920479,11.882348405333333
1,2015-03-23,0.37097505266666664,0.637295886,6.533632750333333,3.9291391690000004,31.41710022,55.41420479000001,8.094848407333334
1,2015-03-24,0.6406792193333334,0.939195886,7.2973827504583335,4.219139169,36.85460022,66.08087145666667,8.549015074
1,2015-03-25,0.27350005266666666,0.475295886,5.409049416999999,3.337889169,29.175433553333335,54.497538123333335,7.174015073666666
1,2015-03-26,0.12127505266666666,0.349995886,4.396549417,2.571639169,29.962933553333333,59.622538123333335,5.444848407333333
1,2015-03-27,0.6009292193333333,0.702195886,7.9673827509583335,4.611222502333333,38.47126688666667,45.53920479000001,9.0698484055
1,2015-03-28,0.5976333859999999,0.698595886,8.2352994175,4.905389169,47.862933553333335,64.66420479,10.2323484045
1,2015-03-29,0.1816917193333333,0.463095886,5.0827994169999995,3.064555835666667,36.921266886666665,58.45587145666667,6.419848407333333
1,2015-03-30,0.7089792193333334,0.816895886,6.992382750333333,4.264139169,33.22543355333333,88.83087145666667,8.336515073
1,2015-03-31,0.7175333859999999,0.824795886,8.544466083666666,5.500389169000001,25.883766886666667,58.53920479000001,11.2906817375
1,2015-04-01,0.27133755266666665,0.540295886,6.306549417,3.8803891690000003,32.992100220000005,51.28920479000001,8.161515072833334
1,2015-04-02,0.6801667193333333,0.701895886,8.856132750708333,5.2495558356666665,42.171266886666665,59.95587145666667,10.832348405166668
1,2015-04-03,0.659645886,0.707095886,10.390716085666666,6.451222502333334,38.68376688666667,54.872538123333335,13.461515071
1,2015-04-04,0.10659171933333333,0.336095886,4.5152994170000005,2.779139169,31.47960022,62.247538123333335,5.944848407333333
1,2015-04-05,0.11354171933333333,0.198795886,5.005716083666667,2.966639169,38.642100219999996,75.62253812333334,6.0448484071666675
1,2015-04-06,0.185608386,0.530895886,4.1140494169999995,2.377472502333333,46.93793355333333,75.66420479,5.1615150739999995
1,2015-04-07,0.5792875526666666,0.864395886,6.844882750458333,3.8012225023333333,53.13376688666667,75.08087145666667,7.407348406833333
1,2015-04-08,0.8570625526666666,0.958595886,7.7502994175,4.7149725023333335,54.271266886666666,76.87253812333334,9.961515072
1,2015-04-09,0.6053667193333333,0.745295886,8.400716085041667,5.297055835666667,45.37960022000001,69.91420479,11.290681737833333
1,2015-04-10,0.4362875526666667,0.616895886,5.879466083666666,3.9016391689999996,34.958766886666666,69.08087145666667,8.407348406
1,2015-04-11,0.8982042193333334,0.960195886,9.024049417375,5.497472502333333,33.65876688666667,68.66420479,10.828181737833333
1,2015-04-12,0.9323375526666666,0.954795886,10.256549419,5.849555835666667,51.60460022,65.28920479,13.178181737166668
1,2015-04-13,0.777670886,0.957995886,8.513216084541666,5.254972502333334,41.57543355333333,53.747538123333335,10.907348405166667
1,2015-04-14,0.681258386,0.960495886,8.558632751333333,5.1678891689999995,32.892100219999996,90.20587145666667,10.244848404833332
1,2015-04-15,0.7887458860000001,0.936195886,9.077799417875001,5.606222502333334,39.896266886666666,59.70587145666667,11.511515071
1,2015-04-16,0.2907375526666667,0.385995886,4.611549417,2.534139169,38.90876688666667,82.20587145666667,5.049015074000001
1,2015-04-17,0.3831792193333334,0.618095886,6.501549417500001,3.8041391690000004,43.92960022,75.53920479,7.9240150725000005
1,2015-04-18,0.6718000526666666,0.939595886,8.566132751708333,5.141222502333333,55.800433553333335,86.83087145666667,11.0948484045
1,2015-04-19,0.9180167193333334,0.970995886,9.308216084541668,5.744139169,36.49626688666667,91.58087145666667,11.244848404666667
1,2015-04-20,0.748633386,0.970895886,8.906966085416666,5.138722502333334,38.82543355333333,85.53920479,10.594848404833334
1,2015-04-21,0.18070421933333333,0.313295886,4.841549417,2.5933058356666665,47.43793355333333,71.24753812333334,5.069848407333334
1,2015-04-22,0.6648167193333333,0.950195886,7.264466083666666,4.137889169,56.86710022,57.91420479000001,8.174015072666666
1,2015-04-23,0.8713083859999999,0.957595886,9.102382751083333,5.448305835666667,52.53376688666666,71.24753812333334,11.257348405166667
1,2015-04-24,0.205108386,0.510995886,5.1265494170000006,2.9612225023333334,44.35876688666667,63.372538123333335,6.532348407333333
1,2015-04-25,0.33569588599999994,0.667895886,5.564882750333333,3.1524725023333335,50.75460022000001,60.122538123333335,6.386515074000001
1,2015-04-26,0.6724000526666667,0.703795886,10.998216085666668,6.750389169000001,45.42126688666667,71.37253812333334,13.569848404333333
1,2015-04-27,0.47023755266666667,0.699595886,7.5540494178749995,4.955389169,39.650433553333336,63.53920479000001,10.615681738166666
1,2015-04-28,0.3317250526666667,0.671195886,5.760716083666666,3.595389169,38.99626688666667,53.78920479000001,7.624015073333333
1,2015-04-29,0.496058386,0.655595886,6.375299417,3.506639169,35.62960022,81.16420479,6.853181740666667
1,2015-04-30,0.16380005266666667,0.414195886,5.187382750333334,3.233722502333334,39.40460022,84.37253812333334,6.878181740666666
1,2015-05-01,0.5026000526666666,0.690195886,8.666966084541667,4.943722502333333,47.237933553333335,90.58087145666667,10.265681738666666
1,2015-05-02,0.10231255266666667,0.262795886,3.511549417,2.3108058356666668,43.733766886666665,83.08087145666667,5.690681740666666
1,2015-05-03,0.3227792193333333,0.580295886,5.225299417,3.314139169,42.50460022,80.20587145666667,7.1406817405
1,2015-05-04,0.014958385999999999,0.024995886,3.3644660836666667,2.2074725023333333,46.25460022000001,69.78920479,4.894848407333334
1,2015-05-05,0.06280005266666668,0.166195886,3.156132750333333,1.9195558356666667,53.69626688666667,59.45587145666667,4.144848407333334
1,2015-05-06,0.11181255266666668,0.266395886,4.465716083666667,2.7178891689999998,49.85460022,77.66420479,6.6406817401666665
1,2015-05-07,0.270845886,0.464795886,4.8886327503333336,3.0745558356666667,43.24210022,59.122538123333335,6.632348407333333
1,2015-05-08,0.560045886,0.770295886,7.992799417625,4.819555835666667,46.17126688666667,56.95587145666667,9.919848405
1,2015-05-09,0.6034542193333333,0.956195886,9.289049418374999,5.193305835666666,59.25043355333333,77.16420479,11.440681738166667
1,2015-05-10,0.38660005266666664,0.840395886,6.647799417000001,4.3399725023333335,47.05460022,70.58087145666667,9.2198484055
1,2015-05-11,0.08032921933333333,0.199195886,3.947799417,2.5212225023333334,42.57126688666667,70.53920479,5.236515074
1,2015-05-12,0.3708667193333333,0.474395886,6.332382750333333,3.785389169,44.300433553333335,78.91420479,7.62818174
1,2015-05-13,0.5391792193333333,0.690695886,6.8086327503333335,4.2566391690000005,41.921266886666665,85.28920479,8.586515072500001
1,2015-05-14,0.45741671933333333,0.639895886,5.329049417,3.1020558356666665,52.50460022000001,62.95587145666667,6.519848407333334
1,2015-05-15,0.37404171933333336,0.810195886,6.0448827503333336,3.480389169,54.98376688666667,60.497538123333335,7.365681739833334
1,2015-05-16,0.5231250526666666,0.872695886,5.759882750333333,3.5237225023333334,58.28793355333334,64.28920479,7.374015072833333
1,2015-05-17,0.32621671933333335,0.668795886,4.986132750333334,3.2491391689999998,51.30460022,71.66420479,7.144848407333334
1,2015-05-18,0.23026671933333331,0.297395886,5.434466083666667,3.1670558356666665,53.85876688666667,69.99753812333334,6.636515073999999
1,2015-05-19,0.5378375526666667,0.954295886,7.407799417500001,4.2928891689999995,63.07126688666667,85.70587145666667,9.586515071666666
1,2015-05-20,0.6971250526666667,0.953795886,7.688632750958334,4.9249725023333335,48.99626688666667,77.28920479,10.1698484045
1,2015-05-21,0.21959588600000002,0.522795886,5.173632750333334,3.112472502333333,50.13376688666667,62.20587145666667,6.536515074
1,2015-05-22,0.6744375526666667,0.952095886,8.463216084041667,4.763722502333334,55.237933553333335,72.16420479,9.557348405499999
1,2015-05-23,0.632533386,0.945295886,9.807799418375,5.832472502333334,64.85043355333333,69.16420479,12.349015071666669
1,2015-05-24,0.19983755266666667,0.497495886,4.0673827503333335,2.464555835666667,53.75876688666667,82.70587145666667,5.390681740666667
1,2015-05-25,0.7838375526666667,0.957595886,9.194466084541666,5.385389169,66.26293355333333,78.20587145666667,11.032348404833334
1,2015-05-26,0.14701255266666666,0.429795886,4.199882750333333,2.5399725023333333,60.62960022000001,67.45587145666667,5.5781817405
1,2015-05-27,0.3267292193333333,0.434595886,5.469882750333333,3.171639169,55.04626688666667,73.49753812333334,6.857348407
1,2015-05-28,0.270458386,0.375495886,4.6523827503333335,3.1174725023333334,54.89210022,83.53920479,6.919848407333333
1,2015-05-29,0.08431255266666667,0.168295886,2.779049417,1.6924725023333334,56.90876688666666,81.33087145666667,3.9906817406666666
1,2015-05-30,0.2930000526666667,0.538595886,5.450299417,3.2370558356666668,60.96710022,77.20587145666667,6.599015073666667
1,2015-05-31,0.27263755266666667,0.518595886,5.4615494170000005,3.1562225023333332,63.550433553333335,57.20587145666667,7.269848406666667
1,2015-06-01,0.174308386,0.361295886,3.6465494169999997,2.3178891690000003,60.75876688666667,75.16420479,5.844848407166666
1,2015-06-02,0.30345421933333333,0.458095886,5.5602994169999995,3.551639169,53.91293355333334,61.91420479000001,8.249015073
1,2015-06-03,0.33166255266666667,0.432595886,6.3086327503333335,3.973722502333333,52.362933553333335,55.83087145666667,8.390681739333333
1,2015-06-04,0.558983386,0.779195886,6.438632750958333,4.044139169,61.95460022,64.37253812333334,8.5115150725
1,2015-06-05,0.17147088600000002,0.438895886,5.191549417,3.0762225023333336,60.57543355333333,90.37253812333334,6.828181740666667
1,2015-06-06,0.13344588599999999,0.142995886,3.036549417,1.9808058356666667,58.72543355333334,73.74753812333334,4.6823484073333335
1,2015-06-07,0.14292505266666666,0.281195886,4.499049417,2.7949725023333336,62.487933553333335,61.20587145666667,5.782348407333333
1,2015-06-08,0.2811750526666667,0.461395886,6.403632750333333,3.609139169,64.37126688666667,57.747538123333335,7.3073484073333335
1,2015-06-09,0.444170886,0.773795886,6.517382750333333,3.449139169,65.66293355333333,69.70587145666667,6.765681740666667
1,2015-06-10,0.7982500526666666,0.910795886,9.310299417875,5.463305835666667,62.12960022000001,78.87253812333334,11.244848405
1,2015-06-11,0.387458386,0.610595886,5.859882750333334,3.3628891690000002,60.59210022,58.58087145666667,7.169848406833334
1,2015-06-12,0.6486625526666666,0.868995886,7.187799417,4.149139169,64.68376688666667,59.997538123333335,8.465681739166667
1,2015-06-13,0.4200500526666667,0.871095886,7.045299417374999,4.367472502333333,55.40043355333333,85.08087145666667,9.328181739
1,2015-06-14,0.6656792193333333,0.924795886,8.738216084291667,5.154972502333334,61.24626688666667,54.58087145666667,10.653181738333334
1,2015-06-15,0.47717088599999996,0.771895886,7.531132750833333,4.629972502333334,60.85043355333334,69.41420479,9.986515071833333
1,2015-06-16,0.215970886,0.313995886,4.891549416999999,3.0503891690000002,56.07543355333333,69.91420479,6.444848407333333
1,2015-06-17,0.102458386,0.193095886,3.1465494169999997,2.004139169,57.76710022,71.28920479,4.507348407333334
1,2015-06-18,0.07889171933333333,0.188595886,2.808632750333333,1.7962225023333334,62.88376688666667,64.53920479,4.144848407333334
1,2015-06-19,0.24306671933333335,0.320395886,4.184882750333333,2.484139169,62.91293355333334,74.24753812333334,5.2240150739999995
1,2015-06-20,0.38971255266666666,0.481695886,7.634466083791668,3.998722502333333,54.79210022,89.99753812333334,7.6031817403333335
1,2015-06-21,0.26356671933333337,0.518495886,5.156132750333334,3.2645558356666666,59.00043355333333,67.41420479,6.911515073333334
1,2015-06-22,0.109470886,0.276995886,4.403216083666667,2.537889169,60.88376688666667,61.08087145666667,5.461515074
1,2015-06-23,0.11667088600000002,0.416995886,3.7844660836666666,2.3512225023333335,63.36710022,59.122538123333335,5.053181740666667
1,2015-06-24,0.41119171933333337,0.697595886,7.240716083666666,4.205389169,69.10460022,79.12253812333334,8.32818174
1,2015-06-25,0.678670886,0.824195886,8.764466084041667,5.470805835666667,70.60043355333333,66.58087145666667,11.274015071333332
1,2015-06-26,0.39193755266666663,0.560695886,7.090716083666667,4.164139168999999,72.72543355333333,61.28920479000001,8.6031817395
1,2015-06-27,0.05478755266666666,0.259495886,2.647799417,1.9058058356666667,73.33793355333333,61.58087145666667,4.194848407333334
1,2015-06-28,0.22443755266666665,0.495895886,4.148216083666667,2.3091391690000003,71.77126688666667,77.58087145666667,5.169848407333333
1,2015-06-29,0.026683386,0.176095886,4.085716083666667,2.411222502333333,72.87960022,73.74753812333334,5.299015074000001
1,2015-06-30,0.15031671933333332,0.333295886,4.344466083666666,2.834972502333333,64.74210022,70.08087145666667,6.240681740666666
1,2015-07-01,0.077445886,0.113295886,4.717382750333333,2.908305835666667,72.65043355333334,66.58087145666667,6.065681740666666
1,2015-07-02,0.032850052666666664,0.049795886,3.384882750333333,2.231639169,71.67543355333333,85.12253812333334,5.0531817405
1,2015-07-03,0.025925052666666667,0.044195886,3.3636327503333336,2.166222502333333,70.80876688666667,74.99753812333334,4.794848407333333
1,2015-07-04,0.06225421933333333,0.153095886,3.153216083666667,2.067889169,73.28376688666667,71.12253812333334,4.424015074000001
1,2015-07-05,0.189433386,0.266095886,3.925299417,2.276639169,77.65043355333333,83.66420479,5.236515074000001
1,2015-07-06,0.34231255266666666,0.691395886,5.241966083666667,3.359555835666667,70.50876688666666,77.33087145666667,7.303181739666666
1,2015-07-07,0.5341917193333333,0.750595886,6.518216083666666,3.953722502333333,64.61710022,61.91420479000001,8.2823484065
1,2015-07-08,0.22682088599999997,0.500195886,4.3086327503333335,2.742889169,64.10043355333333,64.99753812333334,5.686515074
1,2015-07-09,0.17520421933333333,0.230495886,2.303216083666667,1.652889169,66.59626688666667,63.70587145666667,3.6406817406666665
1,2015-07-10,0.225833386,0.323595886,6.170716083666666,3.518722502333333,75.60460022,67.95587145666667,7.057348406666667
1,2015-07-11,0.3987917193333333,0.701895886,5.840716083666667,3.5853891690000004,72.16293355333333,70.28920479,7.5365150734999995
1,2015-07-12,0.10791255266666666,0.358895886,3.9573827503333336,2.4162225023333335,66.83376688666667,73.16420479,5.365681740666666
1,2015-07-13,0.4837625526666667,0.695795886,6.500299417,3.859555835666667,72.33793355333333,65.08087145666667,8.144848405833333
1,2015-07-14,0.20313755266666667,0.361495886,4.061132750333333,2.6170558356666667,67.81293355333334,63.91420479000001,5.519848407333334
1,2015-07-15,0.42701255266666666,0.663395886,6.102382750333334,3.6845558356666666,72.94210022,67.16420479,7.515681740000001
1,2015-07-16,0.46507088599999996,0.864595886,7.076549417,4.1366391689999995,75.05460022,80.66420479,8.807348406333334
1,2015-07-17,0.20786671933333334,0.297495886,4.435716083666667,2.7233058356666664,73.30460022,73.70587145666667,5.936515074
1,2015-07-18,0.4348917193333333,0.512295886,5.536549417,3.358722502333334,77.00043355333334,67.66420479,6.836515073
1,2015-07-19,0.3415417193333334,0.449795886,7.091132750333333,4.237055835666667,80.28793355333333,79.74753812333334,8.8156817395
1,2015-07-20,0.302220886,0.702795886,6.9352994169999995,4.298722502333333,80.86710022,76.41420479,9.574015072333333
1,2015-07-21,0.0058792205,0.039895886,3.749882750333333,2.3583058356666666,71.46710022,68.91420479,5.861515073833334
1,2015-07-22,0.382620886,0.733995886,6.041966083666666,3.6083058356666666,65.53376688666667,62.41420479000001,7.694848406166667
1,2015-07-23,0.22329171933333333,0.578995886,4.596549416999999,2.843305835666667,63.34626688666666,75.45587145666667,6.049015073833334
1,2015-07-24,0.12773755266666667,0.221695886,4.757382750333334,2.7883058356666663,67.49210022,64.49753812333334,5.761515073999999
1,2015-07-25,0.11345421933333333,0.186395886,3.8469660836666666,2.1841391690000003,71.47126688666667,63.58087145666667,4.544848407333333
1,2015-07-26,0.16049171933333334,0.450795886,5.564049417,3.2020558356666666,73.31293355333334,63.95587145666667,6.453181740666667
1,2015-07-27,0.721895886,0.826495886,8.166966083666667,4.870389169,75.26710022,65.16420479,10.403181738333332
1,2015-07-28,0.27205005266666665,0.562295886,5.932799417000001,3.6349725023333335,76.45460022,70.62253812333334,7.853181740666667
1,2015-07-29,0.628333386,0.795095886,7.92654941725,4.732055835666666,74.66710022,77.95587145666667,9.840681739333334
1,2015-07-30,0.14795421933333333,0.325295886,4.851549417,3.0037225023333334,68.52126688666667,81.41420479,6.744848407166667
1,2015-07-31,0.09473755266666667,0.135795886,3.948216083666667,2.525389169,64.31710022,72.66420479,5.461515074
1,2015-08-01,0.032708386,0.082095886,3.223216083666667,2.2387225023333333,65.07126688666666,70.37253812333334,4.594848407333333
1,2015-08-02,0.16356671933333333,0.238495886,2.667382750333333,1.9933058356666666,67.01293355333333,67.66420479,4.144848407333334
1,2015-08-03,0.10005421933333335,0.271095886,3.5836327503333334,2.176639169,70.46293355333334,72.37253812333334,4.982348407333333
1,2015-08-04,0.04902088600000001,0.135495886,3.116549417,1.961639169,69.83376688666667,77.78920479,4.269848407333334
1,2015-08-05,0.11391255266666667,0.215995886,4.3277994170000005,2.496222502333333,73.70043355333333,64.53920479,5.049015074000001
1,2015-08-06,0.020637552666666666,0.048695886,4.455299417,2.766222502333333,70.35460022,80.41420479,6.007348407333333
1,2015-08-07,0.033941719333333335,0.186395886,2.5482160836666665,1.5808058356666665,71.29626688666666,69.37253812333334,3.661515074
1,2015-08-08,0.5490250526666667,0.858695886,8.057382750333334,4.8312225023333335,69.88793355333333,65.78920479,10.124015071666667
1,2015-08-09,0.4660417193333333,0.711195886,7.361132750333333,4.3624725023333335,67.72126688666667,58.83087145666667,8.844848405999999
1,2015-08-10,0.17478338599999999,0.242795886,4.844882750333333,3.0683058356666666,66.25876688666666,63.122538123333335,6.244848407
1,2015-08-11,0.14311255266666667,0.388795886,4.4111327503333335,2.585389169,70.45460022,62.91420479000001,5.253181740666666
1,2015-08-12,0.03265421933333333,0.084195886,3.6444660836666665,2.2083058356666667,71.97960022,72.95587145666667,4.690681740666666
1,2015-08-13,0.19937505266666666,0.257295886,5.344882750333333,3.127055835666667,69.68376688666667,63.28920479000001,6.544848406833334
1,2015-08-14,0.24371255266666667,0.327795886,5.5344660836666675,3.2933058356666667,66.67543355333333,65.12253812333334,6.661515074
1,2015-08-15,0.07954171933333333,0.148095886,4.196966083666667,2.4428891690000003,62.67126688666667,83.58087145666667,5.169848407333333
1,2015-08-16,0.09849171933333334,0.250595886,3.3173827503333335,2.0283058356666666,67.55876688666667,74.99753812333334,4.282348407333333
1,2015-08-17,0.319295886,0.562295886,5.436549416999999,3.3537225023333335,72.23793355333333,71.58087145666667,7.136515073166667
1,2015-08-18,0.189258386,0.349295886,6.4111327503333335,3.9570558356666665,74.31293355333334,77.53920479,8.757348405833334
1,2015-08-19,0.12429171933333333,0.241895886,4.018216083666666,2.3028891689999997,70.73793355333333,71.08087145666667,5.094848407333333
1,2015-08-20,0.154695886,0.313895886,4.917799417,2.9145558356666665,73.13793355333333,83.24753812333334,6.453181740333334
1,2015-08-21,0.4377375526666667,0.635795886,5.7323827503333336,3.491222502333333,71.58376688666667,80.37253812333334,7.8656817395
1,2015-08-22,0.271970886,0.600295886,5.004049417,3.0495558356666668,62.94210022000001,63.28920479000001,6.403181740666667
1,2015-08-23,0.11435421933333334,0.187195886,5.528216083666667,3.3216391689999996,60.63793355333333,74.66420479,6.532348407333333
1,2015-08-24,0.211683386,0.375895886,4.819466083666667,2.865389169,61.88793355333333,71.20587145666667,5.753181740666666
1,2015-08-25,0.4263292193333333,0.644995886,5.528632750333333,3.376222502333333,64.90043355333334,70.78920479,6.736515073166667
1,2015-08-26,0.743933386,0.920595886,8.614466084666667,5.1662225023333335,66.87543355333334,74.16420479,10.324015071333333
1,2015-08-27,0.467033386,0.818695886,7.6565494175,4.545805835666667,71.18376688666667,71.91420479,9.274015072
1,2015-08-28,0.6538833860000001,0.795995886,7.880716084416666,4.708722502333333,66.13793355333333,60.58087145666667,9.678181739000001
1,2015-08-29,0.5177167193333333,0.624795886,7.619882750708332,4.649972502333333,68.06710022,61.78920479000001,10.153181738166667
1,2015-08-30,0.293658386,0.560395886,5.684049417,3.2499725023333332,64.27543355333334,63.372538123333335,6.865681739833334
1,2015-08-31,0.030900052666666667,0.083595886,3.751549417,2.3233058356666665,60.82960022,66.66420479,4.957348407333334
1,2015-09-01,0.13875838599999998,0.225395886,3.0673827503333335,1.8837225023333335,62.771266886666666,76.24753812333334,3.949015074
1,2015-09-02,0.18520421933333334,0.265295886,4.162382750333333,2.5020558356666665,64.35876688666667,84.83087145666667,5.719848406833333
1,2015-09-03,0.5751167193333333,0.897095886,8.712382751583332,5.319555835666667,67.31293355333334,82.53920479,11.186515071499999
1,2015-09-04,0.330008386,0.810395886,5.698216083666666,3.5662225023333334,61.65876688666666,72.24753812333334,7.5365150734999995
1,2015-09-05,0.084345886,0.175795886,2.7982160836666665,1.7924725023333332,60.050433553333335,73.87253812333334,3.9573484073333334
1,2015-09-06,0.18886671933333332,0.277195886,3.3094660836666665,2.027472502333333,60.80460022,85.78920479,4.115681740666667
1,2015-09-07,0.19410005266666666,0.310595886,5.4977994169999995,3.2608058356666665,62.087933553333336,76.45587145666667,6.6448484070000005
1,2015-09-08,0.24332505266666668,0.451695886,5.023216083666667,3.0924725023333335,56.34626688666666,76.58087145666667,6.328181740666667
1,2015-09-09,0.11710421933333333,0.457995886,3.635716083666667,2.1433058356666668,58.45043355333333,75.24753812333334,4.440681740666666
1,2015-09-10,0.6374750526666667,0.816395886,7.735299417,4.153722502333333,67.30876688666667,84.78920479,8.374015073666667
1,2015-09-11,0.219470886,0.479295886,4.844049417,2.829139169,68.69210022,90.08087145666667,6.311515074
1,2015-09-12,0.2408542193333333,0.558795886,6.562799417,4.104972502333333,61.708766886666666,84.12253812333334,8.469848407166667
1,2015-09-13,0.767220886,0.892395886,9.095299417125,5.172472502333333,65.08376688666667,81.95587145666667,10.703181737666666
1,2015-09-14,0.4676125526666666,0.722095886,7.662382750333333,4.547889169,63.16710022,66.20587145666667,9.190681738833334
1,2015-09-15,0.05519171933333333,0.092895886,3.3844660836666667,2.086639169,63.208766886666666,85.03920479,5.415681740166666
1,2015-09-16,0.07678755266666666,0.094195886,3.3919660836666665,2.2270558356666665,64.68376688666667,87.24753812333334,4.486515074000001
1,2015-09-17,0.05357921933333334,0.182995886,3.400716083666667,2.0233058356666667,63.64210022,82.12253812333334,4.132348407333334
1,2015-09-18,0.3956167193333333,0.675495886,6.061132750333333,3.3320558356666665,66.04626688666666,66.45587145666667,6.507348407333333
1,2015-09-19,0.40749171933333334,0.775895886,5.926549417,3.2562225023333333,66.82126688666666,68.87253812333334,6.507348407333333
1,2015-09-20,0.22406671933333333,0.233895886,2.6823827503333333,1.7208058356666667,68.49210022,77.41420479,3.386515074
1,2015-09-21,0.36470005266666666,0.721995886,5.8902994170000005,3.4062225023333332,73.75460022,76.45587145666667,6.919848406666667
1,2015-09-22,0.7391583860000001,0.928295886,9.274049417625,5.464139169,74.00043355333334,72.58087145666667,11.6281817375
1,2015-09-23,0.5601000526666667,0.947195886,7.665716083916666,4.894972502333333,64.82543355333333,77.33087145666667,10.436515071666667
1,2015-09-24,0.11431255266666666,0.435295886,5.059882750333333,2.8724725023333337,62.76293355333333,72.37253812333334,5.911515074
1,2015-09-25,0.741833386,0.857395886,9.228632751333334,5.424139169,67.40460022,68.28920479,11.578181738666666
1,2015-09-26,0.5156042193333333,0.799095886,7.185716083666667,4.274972502333333,60.07960022,56.95587145666667,8.7365150725
1,2015-09-27,0.6937000526666667,0.864995886,8.518216084166667,4.779972502333333,61.425433553333335,68.33087145666667,10.332348405
1,2015-09-28,0.3058625526666667,0.526095886,5.3486327503333335,3.144555835666667,59.69626688666667,86.16420479,8.186515073
1,2015-09-29,0.24682921933333332,0.336395886,5.847382750333334,3.369139169,55.57543355333333,82.70587145666667,6.694848407333333
1,2015-09-30,0.348295886,0.708395886,6.4215494170000005,3.7887225023333335,65.97543355333333,81.41420479,7.711515073666667
1,2015-10-01,0.43349171933333336,0.804195886,7.051966083791666,3.966639169,71.54210022,87.03920479,8.719848406166667
1,2015-10-02,0.575020886,0.841795886,7.533632750333333,4.552472502333333,56.00043355333333,84.33087145666667,10.344848404666667
1,2015-10-03,0.38395005266666665,0.684895886,7.261549417,4.387055835666667,54.66710022,87.37253812333334,8.89068174
1,2015-10-04,0.3439042193333333,0.559295886,6.145716083666667,3.8620558356666668,49.50876688666667,73.16420479,8.065681740166667
1,2015-10-05,0.46799171933333333,0.727495886,6.981132750458333,4.128305835666667,50.84626688666666,75.20587145666667,8.5073484055
1,2015-10-06,0.5536375526666667,0.824495886,7.948632750458334,4.589139169,58.27960022,68.37253812333334,9.4240150725
1,2015-10-07,0.3428542193333333,0.573995886,6.917382750458334,3.924972502333333,56.17126688666667,61.247538123333335,7.969848406166666
1,2015-10-08,0.07632921933333334,0.153395886,4.126132750333333,2.4158058356666667,54.15876688666666,74.20587145666667,4.582348407333334
1,2015-10-09,0.15430005266666666,0.236995886,5.536966083666666,2.9924725023333334,55.42960022,76.28920479,5.9323484073333335
1,2015-10-10,0.49154171933333335,0.751195886,6.358632750333334,3.5587225023333335,55.92960022,78.20587145666667,6.861515074
1,2015-10-11,0.7916042193333334,0.865195886,9.246549417875,5.327055835666667,60.07960022,77.37253812333334,10.790681738166667
1,2015-10-12,0.6793917193333333,0.823395886,8.109049417,5.059972502333333,44.06293355333333,61.20587145666667,10.403181738166667
1,2015-10-13,0.781870886,0.905495886,9.456966084791667,5.733305835666666,46.88793355333333,57.08087145666667,11.790681737333335
1,2015-10-14,0.4911792193333333,0.678495886,7.006549417,4.089555835666666,42.50460022,63.16420479000001,8.240681739333333
1,2015-10-15,0.27261671933333337,0.418895886,6.179466083916666,3.597889169,46.72543355333334,73.70587145666667,7.440681739666666
1,2015-10-16,0.542733386,0.972295886,10.070299418374999,6.212055835666667,46.27543355333333,86.99753812333334,12.778181737166667
1,2015-10-17,0.634833386,0.943295886,8.605716084541667,5.304972502333333,44.37960022000001,67.53920479,11.024015071333332
1,2015-10-18,0.162208386,0.284895886,4.1436327503333334,2.3428891689999998,43.896266886666666,74.62253812333334,4.786515074
1,2015-10-19,0.3299875526666667,0.380295886,5.993216083666667,3.1345558356666667,47.28793355333334,76.78920479,5.874015074
1,2015-10-20,0.328145886,0.387095886,4.106966083666666,2.2933058356666667,52.675433553333335,80.70587145666667,4.353181740666667
1,2015-10-21,0.6594625526666666,0.953895886,9.017382751708334,4.939555835666667,54.57126688666667,87.49753812333334,9.9781817385
1,2015-10-22,0.8620000526666667,0.956995886,10.554466085541668,6.513305835666667,51.81710022000001,70.20587145666667,13.511515070666666
1,2015-10-23,0.7457958859999999,0.952995886,9.056549418000001,5.463305835666667,47.95043355333333,59.58087145666667,11.411515071166667
1,2015-10-24,0.2669875526666667,0.446395886,4.714049417,2.939139169,45.10876688666667,74.62253812333334,5.890681740000001
1,2015-10-25,0.14074588600000001,0.186195886,4.648216083666667,2.6399725023333334,41.70043355333333,75.16420479,5.086515074
1,2015-10-26,0.526783386,0.869795886,6.3665494176249995,3.783722502333333,41.896266886666666,82.74753812333334,7.378181739666666
1,2015-10-27,0.7455125526666667,0.974095886,10.146966085416667,5.986639169,51.56293355333333,81.20587145666667,12.499015071333334
1,2015-10-28,0.43035005266666665,0.563395886,5.7636327503333336,3.1953891690000003,51.02960022,75.83087145666667,6.044848407333333
1,2015-10-29,0.292483386,0.718595886,5.291966083666667,3.1374725023333334,48.35460022,82.08087145666667,6.290681740666667
1,2015-10-30,0.15687921933333335,0.566995886,4.717799417,2.7270558356666665,43.13376688666667,92.28920479,5.207348407333334
1,2015-10-31,0.8975667193333333,0.947495886,10.024882751583332,5.8241391689999995,41.112933553333335,94.08087145666667,11.461515071500001
1,2015-11-01,0.6479917193333333,0.951795886,7.921132750833333,4.827889169,35.97543355333333,67.20587145666667,10.028181738333334
1,2015-11-02,0.4692917193333333,0.596895886,7.880716083666667,4.773722502333333,37.22960022,77.16420479,9.415681739333333
1,2015-11-03,0.494208386,0.697495886,7.535299417,4.505389169,36.15460022,68.28920479,9.169848405666666
1,2015-11-04,0.6369917193333333,0.915395886,9.071132750958332,5.3087225023333335,44.10460022,73.49753812333334,10.661515071666667
1,2015-11-05,0.6511375526666666,0.783395886,8.341549417375,5.040389169,36.62126688666667,62.03920479000001,10.415681738333333
1,2015-11-06,0.24739588599999998,0.502095886,5.316966083666666,3.081222502333333,30.89210022,79.53920479,6.0573484073333335
1,2015-11-07,0.36841255266666667,0.614995886,6.260716083666666,3.8387225023333333,28.825433553333337,70.20587145666667,7.469848407333333
1,2015-11-08,0.352808386,0.722395886,6.6019660836666665,3.893722502333333,26.471266886666665,70.83087145666667,7.569848407166667
1,2015-11-09,0.5407542193333333,0.816095886,7.823632750333334,4.467889169,30.912933553333332,65.87253812333334,8.561515073
1,2015-11-10,0.28717921933333335,0.465495886,5.981132750333334,3.483722502333333,35.146266886666666,81.78920479,6.799015074
1,2015-11-11,0.30062505266666667,0.467495886,6.363632750333333,3.809972502333333,27.75460022,83.12253812333334,7.665681740500001
1,2015-11-12,0.42614588600000003,0.572695886,7.545299417,4.014972502333333,17.283766886833334,72.08087145666667,8.186515072833332
1,2015-11-13,0.5150917193333333,0.682295886,6.776132750333333,3.5853891690000004,14.621266888166666,76.99753812333334,7.078181740666667
1,2015-11-14,0.395320886,0.568895886,6.740716083666666,3.8558058356666667,25.846266886666665,80.28920479,7.628181740333333
1,2015-11-15,0.5599417193333334,0.706795886,7.7790494175000005,4.217889169,28.550433553333335,78.78920479,8.711515072833334
1,2015-11-16,0.24562088599999998,0.327495886,6.145716083666667,3.542889169,24.721266886666665,72.16420479,6.699015073999999
1,2015-11-17,0.279820886,0.441495886,5.447382750333333,2.927889169,31.258766886666667,73.70587145666667,5.344848407333334
1,2015-11-18,0.29866671933333333,0.392595886,1.9669660836666667,1.2908058356666667,35.046266886666665,83.12253812333334,2.324015074
1,2015-11-19,0.11664171933333334,0.196595886,2.3352994170000003,1.4770558356666665,34.97960022,84.20587145666667,2.853181740666667
1,2015-11-20,0.15409171933333335,0.373295886,4.244049417,2.2908058356666667,37.30876688666667,81.66420479,4.294848407333333
1,2015-11-21,0.8365500526666666,0.964795886,10.401549419,5.9562225023333335,41.80876688666667,87.20587145666667,11.832348404500001
1,2015-11-22,0.7574917193333334,0.962595886,7.951549417750001,4.911639169,31.32543355333333,67.83087145666667,9.953181738
1,2015-11-23,0.4060292193333333,0.534095886,6.541549417,3.535805835666667,30.521266886666666,70.78920479,6.694848407166667
1,2015-11-24,0.5403667193333334,0.792695886,7.754049417,4.3087225023333335,36.112933553333335,81.53920479,8.386515072833333
1,2015-11-25,0.42882505266666665,0.647095886,6.318216083666667,3.4470558356666667,42.52960022,81.83087145666667,6.474015074
1,2015-11-26,0.379633386,0.578795886,5.571132750333334,3.011639169,40.45043355333333,82.83087145666667,5.740681740666666
1,2015-11-27,0.9051125526666667,0.957795886,11.777382752958333,7.134139169041667,42.88793355333333,85.12253812333334,15.249015070333334
1,2015-11-28,0.6657167193333333,0.950695886,7.256132750833333,4.675805835666667,32.88376688666667,73.33087145666667,9.715681738333332
1,2015-11-29,0.08547088600000001,0.178895886,3.340299417,2.152055835666667,31.95460022,77.99753812333334,4.2656817406666665
1,2015-11-30,0.35051671933333334,0.813395886,6.142382750458334,3.8399725023333335,31.871266886666664,74.37253812333334,7.615681739666667
1,2015-12-01,0.4498292193333333,0.946695886,8.837382751333333,5.1366391689999995,32.50043355333333,87.41420479,10.6281817385
1,2015-12-02,0.4922125526666667,0.807595886,6.546132750333334,3.8999725023333336,31.39210022,86.12253812333334,7.72818174
1,2015-12-03,0.2652042193333333,0.519495886,5.976132750333334,3.6120558356666663,30.312933553333334,84.87253812333334,6.953181740666667
1,2015-12-04,0.6727125526666667,0.710995886,8.443216083666666,5.138722502333334,31.62960022,84.49753812333334,10.107348405166666
1,2015-12-05,0.5789917193333333,0.706395886,6.224466083666666,3.740389169,29.146266886666666,75.70587145666667,7.490681740166667
1,2015-12-06,0.349383386,0.656195886,6.783216083666667,3.9133058356666663,30.433766886666664,79.03920479,7.782348406666666
1,2015-12-07,0.330233386,0.514395886,5.261549417,3.0283058356666666,25.937933553333334,75.16420479,5.699015073999999
1,2015-12-08,0.6740375526666668,0.709195886,9.329049418125,5.165805835666666,37.212933553333336,72.37253812333334,10.078181738166666
1,2015-12-09,0.6967167193333333,0.715495886,8.781132750833333,4.892055835666667,44.72543355333334,91.20587145666667,9.278181739333332
1,2015-12-10,0.3859375526666667,0.618095886,7.13529941725,4.626222502333333,26.158766886666665,66.83087145666667,9.8490150725
1,2015-12-11,0.6013542193333333,0.705995886,9.216132751458334,5.935805835666667,18.59210022,49.622538123333335,12.207348404500001
1,2015-12-12,0.511683386,0.707795886,7.749466084666667,4.660389169,23.54626688666667,60.91420479000001,9.203181738666666
1,2015-12-13,0.48784588599999995,0.684195886,6.554466083666667,3.3995558356666664,32.925433553333335,70.41420479,6.436515074
1,2015-12-14,0.3554417193333333,0.630895886,5.709466083666666,3.3678891689999997,32.34626688666667,88.20587145666667,6.449015073666668
1,2015-12-15,0.37650005266666664,0.633795886,6.876132750333333,4.254972502333334,26.346266886666665,65.78920479,8.7531817385
1,2015-12-16,0.11936255266666666,0.257595886,3.1282160836666666,1.8649725023333332,26.208766886666666,69.45587145666667,3.5323484073333336
1,2015-12-17,0.435295886,0.694395886,6.295299417,3.7324725023333336,26.433766886666664,69.78920479,7.257348407166667
1,2015-12-18,0.6787542193333334,0.768895886,8.891549417875,5.809972502333333,16.16710022,49.20587145666667,12.040681737333335
1,2015-12-19,0.20796671933333333,0.492095886,4.035716083666666,2.6449725023333333,19.55460022,49.997538123333335,5.282348407333333
1,2015-12-20,0.381033386,0.652495886,5.230299417,2.9924725023333334,26.412933553333332,70.74753812333334,5.769848407166666
1,2015-12-21,0.6681750526666667,0.910495886,7.541549417125,4.010805835666667,34.22960022,65.95587145666667,7.611515073833334
1,2015-12-22,0.7584500526666668,0.916595886,9.433632751208334,5.1158058356666665,39.40876688666667,74.28920479,9.807348406000001
1,2015-12-23,0.5283500526666667,0.899195886,8.323632751583334,4.407055835666667,38.25460022,75.74753812333334,8.611515071666668
1,2015-12-24,0.2026875526666667,0.270595886,5.868216083666667,3.190805835666667,32.679600220000005,87.16420479,6.111515074
1,2015-12-25,0.15464171933333334,0.274395886,5.104882750333333,2.7941391689999997,37.14210022,86.41420479,5.0156817406666665
1,2015-12-26,0.627245886,0.943495886,7.345716083666667,3.720805835666667,45.90460022,91.62253812333334,6.811515074
1,2015-12-27,0.596795886,0.794995886,7.000299417,4.271222502333333,40.704600219999996,84.33087145666667,8.511515072833333
1,2015-12-28,0.14742921933333333,0.446995886,3.8423827503333334,2.194139169,33.38793355333333,80.24753812333334,4.436515074
1,2015-12-29,0.7687042193333333,0.949695886,8.340716083916666,4.488305835666667,39.329600219999996,89.41420479,8.653181739833334
1,2015-12-30,0.9382792193333334,0.959795886,11.146132752333335,6.840805835666667,38.179600220000005,76.28920479,14.024015070666666
1,2015-12-31,0.8919750526666667,0.943495886,10.478632751833333,6.417472502333333,29.529600220000003,75.99753812333334,12.87401507
1,2016-01-01,0.7069292193333333,0.807895886,8.326549417375,5.015389169,29.225433553333332,67.45587145666667,9.986515071833333
1,2016-01-02,0.821870886,0.880195886,9.308216084166666,5.245805835666666,39.34626688666666,67.12253812333334,10.369848405333334
1,2016-01-03,0.27802505266666666,0.597695886,4.439882750333333,2.540389169,36.69626688666667,84.66420479,4.969848407333333
1,2016-01-04,0.18818755266666667,0.279995886,6.115299417,3.8203891690000003,31.208766886666666,78.62253812333334,7.5031817405000005
1,2016-01-05,0.5016333860000001,0.834395886,7.285716083916667,4.466639169,30.487933553333335,76.08087145666667,8.944848406666667
1,2016-01-06,0.7748500526666667,0.949095886,10.425299419125,6.295805835666666,32.212933553333336,62.16420479000001,12.744848403833332
1,2016-01-07,0.4864250526666667,0.615595886,7.741966083791667,4.453722502333334,31.662933553333332,71.62253812333334,8.432348406000001
1,2016-01-08,0.530745886,0.715095886,7.4452994175,4.812472502333333,20.029600220000003,56.83087145666667,9.994848405
1,2016-01-09,0.5469042193333333,0.708295886,9.829466085666667,5.796639169,28.91710022,55.91420479000001,11.799015071333335
1,2016-01-10,0.41340838599999996,0.714695886,6.863216084291667,3.7291391689999998,42.56710022,87.49753812333334,7.299015073
1,2016-01-11,0.709883386,0.936995886,10.363216085791667,6.003722502333333,33.837933553333336,94.53920479,12.249015071
1,2016-01-12,0.150670886,0.581895886,5.211966083916667,3.3583058356666666,23.70460022,73.28920479,7.3281817395
1,2016-01-13,0.14223755266666668,0.422395886,3.149882750333333,1.9758058356666668,28.833766886666666,87.66420479,3.757348407333333
1,2016-01-14,0.48154171933333334,0.667395886,6.697382750333333,3.9328891689999996,33.74210022,85.78920479,7.740681740166667
1,2016-01-15,0.16971671933333332,0.398595886,4.143216083666666,2.4983058356666663,32.142100219999996,87.03920479,5.044848407333333
1,2016-01-16,0.5967042193333333,0.682395886,8.337799417375,5.252055835666667,26.283766886666665,78.33087145666667,10.882348405
1,2016-01-17,0.21170005266666667,0.492795886,4.656549417,2.972055835666667,20.90460022,67.03920479,6.186515074
1,2016-01-18,0.8420333860000001,0.915895886,11.197382752833335,6.540389169,28.787933553333332,85.53920479,13.182348403666667
1,2016-01-19,0.7418500526666666,0.920195886,8.879882751083333,5.373305835666667,21.35876688666667,78.20587145666667,10.944848404833335
1,2016-01-20,0.315908386,0.613895886,6.133632750333334,3.2274725023333333,17.250433553333334,78.20587145666667,6.424015074
1,2016-01-21,0.575358386,0.883595886,7.374466083666667,3.9174725023333337,20.44210022,78.78920479,7.440681740166666
1,2016-01-22,0.8397792193333333,0.896195886,8.854882750333333,4.8345558356666665,24.771266886666666,70.87253812333334,9.503181739833334
1,2016-01-23,0.28746671933333334,0.691895886,5.159049416999999,2.2483058356666668,30.26710022,65.41420479,4.336515074
1,2016-01-24,0.5746750526666666,0.888295886,7.968632750333334,4.1470558356666665,34.90876688666666,81.16420479,7.9990150736666665
1,2016-01-25,0.230258386,0.425695886,5.425716083666667,3.0128891689999997,35.10460022,94.41420479,5.7281817403333335
1,2016-01-26,0.6353875526666667,0.778495886,7.7477994169999995,4.649555835666667,33.01293355333333,91.08087145666667,9.157348405833334
1,2016-01-27,0.2716500526666667,0.581295886,5.509466083666666,3.4237225023333333,29.97960022,84.66420479,6.686515074
1,2016-01-28,0.070133386,0.127995886,4.634466083666667,2.9466391689999996,27.933766886666664,78.28920479,5.661515074
1,2016-01-29,0.041391719333333334,0.059195886,3.4111327503333335,2.2866391690000003,27.06710022,78.74753812333334,4.4323484073333335
1,2016-01-30,0.030745886,0.033595886,1.9536327503333333,1.3783058356666666,27.883766886666667,75.03920479,2.7198484073333336
1,2016-01-31,0.051320886,0.075495886,3.7057160836666667,2.272472502333333,28.400433553333333,76.12253812333334,4.144848407333334
1,2016-02-01,0.365058386,0.667495886,7.120299416999999,4.137055835666667,28.72960022,84.78920479,7.928181739833334
1,2016-02-02,0.259958386,0.440595886,8.163632750708333,4.588305835666667,34.987933553333335,80.66420479,9.344848405666667
1,2016-02-03,0.15252921933333333,0.409795886,4.9536327504583335,2.786222502333333,33.52960022,82.62253812333334,5.753181740333333
1,2016-02-04,0.356795886,0.615495886,6.7773827503333335,4.212055835666667,29.350433553333332,73.62253812333334,8.5740150735
1,2016-02-05,0.15105421933333332,0.226895886,3.8873827503333334,2.584972502333333,22.025433553333333,68.66420479,5.749015074
1,2016-02-06,0.436258386,0.876095886,6.290716083666666,3.909555835666667,25.38793355333333,80.08087145666667,7.832348406833333
1,2016-02-07,0.6574042193333333,0.946095886,6.640716083666667,4.043722502333334,23.125433553333334,79.99753812333334,8.115681739166666
1,2016-02-08,0.35517505266666666,0.405095886,3.4561327503333334,1.8062225023333334,18.09210022,73.66420479,3.3448484073333336
1,2016-02-09,0.6199750526666666,0.936795886,7.644882750583334,4.332889169,25.308766886666664,82.62253812333334,8.228181739
1,2016-02-10,0.294395886,0.661995886,3.862799417,2.292889169,29.20460022,86.08087145666667,4.732348407333333
1,2016-02-11,0.6793292193333333,0.919995886,7.878632750583333,4.453722502333333,26.133766886666667,80.83087145666667,8.703181739
1,2016-02-12,0.5200625526666667,0.794595886,7.139466083666666,3.8020558356666663,26.492100219999998,74.53920479,7.674015074
1,2016-02-13,0.503195886,0.823095886,7.110299417,4.158722502333333,17.717100220833334,79.37253812333334,8.182348406000001
1,2016-02-14,0.5274750526666666,0.898295886,6.052799417,3.1387225023333336,6.796266889333334,69.16420479,6.074015074000001
1,2016-02-15,0.9070292193333334,0.960595886,9.852799418375,5.646222502333333,19.342100221333332,67.66420479,11.174015071
1,2016-02-16,0.534670886,0.798495886,7.374882750333334,4.015805835666667,27.596266886666665,75.87253812333334,8.157348406166667
1,2016-02-17,0.316120886,0.659195886,5.425716083666667,3.3216391689999996,21.862933553666664,77.16420479,6.132348406999999
1,2016-02-18,0.9089625526666666,0.958295886,10.581132751583334,6.269139169041666,32.15876688666666,79.95587145666667,12.865681737666668
1,2016-02-19,0.5619500526666666,0.939695886,7.413632750333334,4.157889169,19.47960022,64.99753812333334,8.711515072166668
1,2016-02-20,0.310758386,0.469495886,5.876966083666667,3.2587225023333333,11.8796002215,65.03920479,6.207348407333334
1,2016-02-21,0.8174125526666667,0.952595886,10.069466084916668,6.031639168999999,23.133766887000004,52.03920479000001,11.794848404833333
1,2016-02-22,0.7805792193333333,0.931295886,9.344049417625,5.463722502333333,33.35460022,58.53920479000001,10.769848405
1,2016-02-23,0.715933386,0.843395886,8.824882750458334,4.944555835666667,40.175433553333335,58.20587145666667,9.674015072833333
1,2016-02-24,0.208470886,0.617295886,5.448216083666666,2.888722502333333,35.88793355333333,75.16420479,5.899015074
1,2016-02-25,0.6079917193333334,0.954295886,7.453216083666667,4.515805835666667,31.975433553333332,80.83087145666667,8.874015072
1,2016-02-26,0.8704125526666666,0.952895886,8.755299417,5.403305835666667,26.54626688666667,81.12253812333334,10.807348404666667
1,2016-02-27,0.8122292193333333,0.962295886,12.336549419999999,7.629555835666667,19.86710022,67.33087145666667,15.51151507
1,2016-02-28,0.8763458860000001,0.951995886,11.597799419625,7.227055835666667,19.933766886666668,63.91420479000001,14.72401507
1,2016-02-29,0.3565917193333334,0.544095886,6.572799417,3.9687225023333337,22.533766886666665,60.16420479000001,8.069848405666667
1,2016-03-01,0.718908386,0.952895886,8.64154941825,5.115389169,32.06293355333333,59.58087145666667,9.969848405
1,2016-03-02,0.34498755266666664,0.924095886,6.300716083666667,3.5883058356666666,40.737933553333335,76.37253812333334,7.149015074
1,2016-03-03,0.39226671933333335,0.927995886,6.289882750833333,3.7545558356666664,34.45043355333333,80.95587145666667,7.590681738833333
1,2016-03-04,0.6140875526666667,0.829095886,8.148216083791667,4.762472502333334,33.00876688666667,66.08087145666667,9.724015072333334
1,2016-03-05,0.5360542193333333,0.673795886,5.867382750333333,3.5145558356666666,33.517100219999996,66.20587145666667,6.990681739999999
1,2016-03-06,0.649683386,0.948295886,8.436132751333334,5.067055835666666,29.771266886666666,80.58087145666667,10.0448484055
1,2016-03-07,0.377195886,0.622595886,5.771966084041666,3.4445558356666663,31.842100220000003,56.497538123333335,7.0615150735
1,2016-03-08,0.788958386,0.935895886,9.299882751208333,5.2583058356666665,45.55460022,43.03920479000001,10.2240150715
1,2016-03-09,0.8642167193333333,0.953795886,10.11029941875,5.792055835666666,52.87960022000001,56.20587145666667,11.765681737166666
1,2016-03-10,0.5049625526666667,0.897195886,7.466132751208334,4.720805835666667,38.892100219999996,74.70587145666667,10.332348404666666
1,2016-03-11,0.09245421933333332,0.139395886,3.7957160836666666,2.3358058356666667,35.704600219999996,64.91420479,4.7865150739999995
1,2016-03-12,0.32508755266666667,0.696195886,6.188632750333333,3.673305835666667,41.97960022,77.16420479,7.307348406166667
1,2016-03-13,0.8928375526666666,0.970995886,12.368216086041668,7.732055835791667,38.612933553333335,58.28920479000001,15.894848403666666
1,2016-03-14,0.215358386,0.539095886,4.682799417,2.8703891689999996,29.91710022,69.12253812333334,6.149015074
1,2016-03-15,0.4597542193333333,0.611095886,6.311549416999999,3.8474725023333334,27.85876688666667,68.53920479,7.911515073333334
1,2016-03-16,0.4740667193333333,0.856695886,5.686549416999999,3.3133058356666667,34.737933553333335,61.622538123333335,6.636515073999999
1,2016-03-17,0.598420886,0.893895886,7.261549417,4.441639169,37.267100219999996,65.16420479,9.149015072500001
1,2016-03-18,0.127733386,0.262095886,4.917382750333333,2.8620558356666668,34.78376688666667,75.33087145666667,5.632348407333333
1,2016-03-19,0.38095005266666665,0.938795886,5.785716084041667,3.3853891689999998,41.03793355333333,84.08087145666667,6.811515073333333
1,2016-03-20,0.8366292193333332,0.939895886,9.48779941825,6.1245558356666665,40.84626688666667,74.58087145666667,13.190681737
1,2016-03-21,0.38092921933333335,0.749495886,5.086966083666667,3.5137225023333336,23.162933553333332,63.247538123333335,7.669848406666667
1,2016-03-22,0.22861671933333336,0.494395886,5.3277994170000005,3.312055835666667,29.000433553333334,60.20587145666667,6.707348406666667
1,2016-03-23,0.12832505266666666,0.157495886,3.2761327503333333,2.150389169,33.358766886666665,80.49753812333334,4.561515074
1,2016-03-24,0.080895886,0.100295886,3.4273827503333334,2.116222502333333,35.771266886666666,78.28920479,4.7448484073333335
1,2016-03-25,0.18775421933333333,0.529395886,3.4273827503333334,2.189139169,40.50460022,75.99753812333334,4.8906817406666665
1,2016-03-26,0.396033386,0.858095886,6.631966083666666,3.8183058356666666,41.88376688666667,83.53920479,7.636515073833333
1,2016-03-27,0.10299171933333334,0.250795886,4.2773827503333335,2.604972502333333,37.38793355333333,77.99753812333334,5.536515074
1,2016-03-28,0.2969750526666667,0.568895886,6.4023827503333335,3.614139169,41.94210022,85.95587145666667,7.265681740666667
1,2016-03-29,0.9059250526666666,0.956995886,10.561132752208334,6.454972502333334,48.81710022000001,77.83087145666667,13.874015071
1,2016-03-30,0.5786375526666666,0.925295886,7.229466083791666,4.598305835666667,40.16293355333333,81.78920479,9.336515072
1,2016-03-31,0.28810421933333336,0.543495886,5.131549417,3.216639169,38.10460022,86.62253812333334,6.574015073999999
1,2016-04-01,0.14731255266666668,0.390595886,5.117799417,3.1041391689999998,41.37960022,72.12253812333334,6.515681740000001
1,2016-04-02,0.3818375526666667,0.600295886,5.787382750333333,3.558305835666667,43.25460022000001,58.622538123333335,7.10318174
1,2016-04-03,0.18007505266666668,0.311295886,4.991549417,3.0095558356666667,40.462933553333336,66.49753812333334,6.286515074
1,2016-04-04,0.14530005266666665,0.375195886,3.323216083666667,2.2712225023333334,43.66293355333334,78.66420479,4.894848407333334
1,2016-04-05,0.113608386,0.250295886,3.2798827503333334,2.445389169,36.837933553333336,75.66420479,5.644848407333334
1,2016-04-06,0.09702505266666667,0.232495886,3.1169660836666666,2.163305835666667,44.25876688666667,56.622538123333335,4.490681740666667
1,2016-04-07,0.3633875526666667,0.412495886,4.231132750333333,2.5749725023333334,47.53376688666666,73.66420479,5.632348407166667
1,2016-04-08,0.1973000526666667,0.346095886,5.273632750458333,3.365389169,50.22960022,76.74753812333334,7.340681739833333
1,2016-04-09,0.596020886,0.950895886,9.368632751833333,6.042055835666667,38.66710022,65.12253812333334,13.1656817375
1,2016-04-10,0.867908386,0.947595886,9.7390494185,6.238305835666666,35.88793355333333,50.58087145666667,13.124015070666667
1,2016-04-11,0.31070005266666667,0.557695886,5.977799417,3.5058058356666666,40.15460022,56.872538123333335,7.253181739666666
1,2016-04-12,0.3379000526666667,0.631095886,6.018632750333333,3.473305835666667,49.82960022,71.28920479,7.1698484071666675
1,2016-04-13,0.7222000526666666,0.957695886,10.600716085291667,6.512889169125,43.083766886666666,71.20587145666667,13.444848404666667
1,2016-04-14,0.727033386,0.874795886,8.763632751458333,5.460805835666666,32.82543355333333,46.997538123333335,11.378181738833334
1,2016-04-15,0.38208338599999997,0.573495886,5.556966083666667,3.4953891689999996,30.64210022,53.872538123333335,7.5073484065
1,2016-04-16,0.5834792193333334,0.853895886,7.702382750708334,4.782055835666667,31.712933553333333,50.78920479000001,9.8531817385
1,2016-04-17,0.4422750526666667,0.738795886,4.942799417,2.8737225023333335,33.62126688666667,68.41420479,5.865681740333333
1,2016-04-18,0.7604167193333334,0.911595886,8.660299417875,5.243722502333333,42.204600219999996,57.747538123333335,10.574015071666667
1,2016-04-19,0.6154375526666667,0.915295886,8.161549417875,5.062889169,42.11710022,59.33087145666667,10.740681737666668
1,2016-04-20,0.5488000526666666,0.910395886,7.163216084416667,4.513305835666666,42.51293355333333,51.122538123333335,9.4781817385
1,2016-04-21,0.8822500526666667,0.959695886,11.229882752333333,7.251639169,33.62960022,59.95587145666667,15.678181736833332
1,2016-04-22,0.313208386,0.681095886,4.799466083666666,3.0145558356666666,31.554600219999998,56.122538123333335,6.757348407333333
1,2016-04-23,0.47842088600000005,0.832595886,5.091966083666667,3.2645558356666666,37.13376688666667,69.33087145666667,6.8573484071666675
1,2016-04-24,0.160458386,0.227995886,4.421966083666667,2.733722502333333,41.046266886666665,62.91420479000001,5.669848407333333
1,2016-04-25,0.3506792193333333,0.774095886,6.034466083666666,3.471639169,42.900433553333336,56.28920479000001,7.036515074
1,2016-04-26,0.8830500526666666,0.949595886,8.021549417000001,4.6316391690000005,44.60460022,49.747538123333335,9.457348405833335
1,2016-04-27,0.22731671933333333,0.556395886,4.2236327503333335,2.6037225023333335,46.800433553333335,57.91420479000001,5.578181740666667
1,2016-04-28,0.28811255266666663,0.625295886,6.150716083791667,3.669555835666667,52.92126688666667,70.95587145666667,7.694848406999999
1,2016-04-29,0.769670886,0.914395886,9.658632751958335,5.534555835666667,54.208766886666666,84.24753812333334,11.182348404
1,2016-04-30,0.36972505266666666,0.599495886,5.598216083666666,3.3924725023333333,49.81710022000001,88.28920479,7.3073484065
1,2016-05-01,0.49456255266666665,0.609295886,5.612799417000001,3.4633058356666666,49.612933553333335,58.95587145666667,7.353181739833333
1,2016-05-02,0.7603417193333333,0.941395886,8.160716084166667,4.634555835666666,59.75876688666667,58.372538123333335,9.490681738666668
1,2016-05-03,0.8264875526666667,0.959495886,7.737799417125,4.7462225023333335,55.00876688666667,56.78920479000001,9.961515072166668
1,2016-05-04,0.5122292193333333,0.946195886,6.174466083666666,4.109972502333333,39.454600219999996,65.16420479,8.807348405333334
1,2016-05-05,0.2659417193333333,0.583095886,5.461966083666667,3.308305835666667,38.16293355333334,56.95587145666667,7.065681740666666
1,2016-05-06,0.477145886,0.779095886,4.848216083666666,3.1370558356666667,44.92126688666667,45.95587145666667,6.574015073333334
1,2016-05-07,0.412745886,0.519995886,4.654049417,3.020389169,42.492100220000005,57.91420479000001,6.66568174
1,2016-05-08,0.39534588600000004,0.575795886,6.591132750333333,4.373305835666667,33.37126688666667,51.70587145666667,9.4448484055
1,2016-05-09,0.5730000526666666,0.942595886,8.051966084791667,5.012055835666667,35.675433553333335,55.08087145666667,10.507348405333333
1,2016-05-10,0.3403917193333333,0.501095886,4.830716083666666,3.0874725023333336,38.15460022,70.41420479,6.774015073666667
1,2016-05-11,0.305920886,0.529095886,5.491132750333333,3.5903891690000003,36.90460022,69.91420479,7.619848407166667
1,2016-05-12,0.48450838599999996,0.584495886,5.39404941725,3.4158058356666667,38.11710022,51.622538123333335,7.503181739333333
1,2016-05-13,0.19225005266666664,0.384495886,3.2244660836666665,2.1062225023333334,41.47960022,59.91420479000001,4.8490150739999995
1,2016-05-14,0.461983386,0.849195886,6.601966083666667,3.6112225023333333,51.46710022,76.99753812333334,7.049015074
1,2016-05-15,0.04090838658333333,0.125495886,3.5911327503333332,2.3474725023333334,56.88376688666667,88.53920479,5.382348407333333
1,2016-05-16,0.15517921933333334,0.461995886,4.996549417,3.1395558356666666,49.72960022,78.41420479,6.844848407333334
1,2016-05-17,0.635770886,0.905595886,8.466132751333333,4.755389169,50.90876688666666,79.70587145666667,9.294848405666666
1,2016-05-18,0.945333386,0.962095886,11.116549419875,6.368305835666667,50.900433553333336,92.49753812333334,12.690681736666667
1,2016-05-19,0.661495886,0.959495886,8.66279941725,4.798722502333333,55.70460022,67.62253812333334,9.619848405499999
1,2016-05-20,0.44826671933333334,0.769895886,6.188216083666667,3.6737225023333333,56.48376688666667,52.70587145666667,7.611515072666667
1,2016-05-21,0.3250125526666667,0.661995886,4.850299417,2.7299725023333337,59.28793355333334,59.16420479000001,5.724015074
1,2016-05-22,0.07277088599999999,0.167795886,2.8082160836666668,1.9358058356666668,62.896266886666666,67.41420479,4.324015074
1,2016-05-23,0.11140421933333333,0.436595886,4.121549417,2.6120558356666668,65.23793355333333,75.99753812333334,5.436515074
1,2016-05-24,0.435395886,0.741195886,7.445299417,4.389972502333333,70.37126688666667,68.83087145666667,9.115681739333334
1,2016-05-25,0.20051255266666668,0.312195886,4.0482160836666665,2.511639169,74.12543355333334,72.53920479,5.269848407333334
1,2016-05-26,0.21662088599999998,0.336295886,4.229466083666666,2.387889169,76.59210022,70.83087145666667,5.157348407333333
1,2016-05-27,0.37054171933333335,0.495595886,5.8590494170000005,3.3012225023333333,75.29626688666667,66.66420479,6.778181740666667
1,2016-05-28,0.2549125526666667,0.415795886,6.0794660836666665,3.594139169,71.67960022,74.66420479,7.494848406333333
1,2016-05-29,0.15776255266666667,0.248695886,6.047799417,3.7049725023333333,63.11710022,79.45587145666667,8.249015073
1,2016-05-30,0.45087505266666666,0.789195886,6.86904941725,4.422055835666667,55.12960021999999,69.08087145666667,9.390681738833333
1,2016-05-31,0.4398292193333333,0.484395886,5.304049417,3.1953891690000003,52.12543355333333,53.45587145666667,7.199015073666668
1,2016-06-01,0.402720886,0.598895886,6.092799416999999,3.6258058356666667,60.91293355333334,50.122538123333335,7.669848406500001
1,2016-06-02,0.590945886,0.928295886,7.065299417125,4.3503891690000005,72.00876688666666,67.66420479,9.165681739166667
1,2016-06-03,0.33279588600000004,0.657195886,6.384882750333333,3.928722502333333,71.09210022,71.49753812333334,8.349015072666667
1,2016-06-04,0.175158386,0.440395886,3.8248827503333334,2.1799725023333334,69.54210022,64.33087145666667,4.999015074
1,2016-06-05,0.03865421933333333,0.179795886,3.740716083666667,2.277889169,70.71710022,66.12253812333334,5.174015074000001
1,2016-06-06,0.42477921933333335,0.530495886,5.634466083666666,3.546222502333334,62.76293355333333,65.41420479,7.478181739833334
1,2016-06-07,0.20490005266666667,0.397695886,4.805299417,3.1341391689999996,55.458766886666666,65.95587145666667,6.865681740666666
1,2016-06-08,0.10968755266666667,0.269195886,3.8561327503333334,2.1928891690000003,64.79210022,56.41420479000001,4.940681740666666
1,2016-06-09,0.42826255266666663,0.750495886,6.3415494175000005,3.553722502333333,75.30043355333333,47.622538123333335,7.299015073500001
1,2016-06-10,0.689883386,0.966195886,10.534882752208334,6.557055835666667,75.62960022,79.66420479,14.532348403333332
1,2016-06-11,0.8293250526666666,0.915995886,10.474882751958333,6.707889169,64.97960022,59.16420479000001,14.453181736833335
1,2016-06-12,0.19217505266666668,0.487195886,5.309049417,3.4608058356666667,54.90460022,65.49753812333334,7.799015073166667
1,2016-06-13,0.3484375526666667,0.572495886,5.638632750333333,3.5266391689999996,52.35460022,60.53920479000001,7.199015072833333
1,2016-06-14,0.192845886,0.299395886,5.188632750333333,3.192472502333333,55.43793355333333,60.08087145666667,6.790681740166666
1,2016-06-15,0.16492088600000002,0.277595886,4.756966083666667,2.996639169,58.78793355333334,62.28920479000001,6.161515074
1,2016-06-16,0.100270886,0.152895886,3.7394660836666667,2.334972502333333,63.60043355333334,59.872538123333335,4.982348407333333
1,2016-06-17,0.012966719916666666,0.039295886,2.962382750333333,2.0733058356666665,66.59626688666667,54.66420479000001,4.482348407333333
1,2016-06-18,0.023700052666666666,0.031095886,3.106549417,2.0570558356666666,69.78793355333333,53.91420479000001,4.449015074
1,2016-06-19,0.027562552666666667,0.156695886,3.147382750333333,1.9533058356666666,73.07960022,52.83087145666667,4.436515074
1,2016-06-20,0.265433386,0.529395886,4.353216083666667,2.450805835666667,77.10876688666667,54.997538123333335,5.144848407333334
1,2016-06-21,0.421783386,0.683095886,6.266549417,3.7262225023333335,75.76293355333333,63.122538123333335,8.1198484065
1,2016-06-22,0.15029171933333332,0.262095886,4.624049417,2.8820558356666663,74.90043355333334,67.16420479,6.0573484073333335
1,2016-06-23,0.362633386,0.859595886,7.369049418125001,4.719139169,68.08376688666667,77.58087145666667,10.015681738833333
1,2016-06-24,0.674120886,0.905595886,8.3752994175,5.175389169,63.10460022,61.03920479000001,11.061515071
1,2016-06-25,0.237945886,0.531095886,5.316132750333334,3.1499725023333336,67.78376688666667,56.70587145666667,6.5615150735
1,2016-06-26,0.3806042193333334,0.730995886,6.678216083666666,3.8849725023333335,72.97960022,53.16420479000001,8.107348406166667
1,2016-06-27,0.4791500526666667,0.679095886,5.837799416999999,3.6545558356666668,72.80460022,73.37253812333334,7.794848405833334
1,2016-06-28,0.162533386,0.346795886,3.9636327503333333,2.5787225023333336,71.17543355333333,65.12253812333334,5.403181740666667
1,2016-06-29,0.20824588600000002,0.243895886,2.906966083666667,1.9512225023333334,72.36293355333333,60.70587145666667,4.428181740666667
1,2016-06-30,0.137133386,0.259395886,4.929882750333333,2.9133058356666663,72.58793355333333,61.372538123333335,6.044848407333333
1,2016-07-01,0.093720886,0.139095886,3.490716083666667,2.424972502333333,73.10876688666666,65.58087145666667,5.257348407333334
1,2016-07-02,0.109195886,0.191895886,2.8011327503333336,1.8758058356666665,77.77126688666667,58.95587145666667,4.111515074000001
1,2016-07-03,0.184445886,0.274495886,4.7236327503333335,2.872889169,77.53793355333333,68.62253812333334,6.390681740666667
1,2016-07-04,0.12327921933333334,0.160095886,4.498632750333333,2.8212225023333333,73.65043355333333,56.122538123333335,5.957348407333334
1,2016-07-05,0.087508386,0.168595886,3.009049417,2.056639169,74.44210022,51.95587145666667,4.524015074
1,2016-07-06,0.045483385999999994,0.179795886,3.5682160836666665,2.2553891690000003,79.41293355333333,50.95587145666667,5.0240150735
1,2016-07-07,0.19056255266666666,0.326195886,5.521549417,3.2433058356666664,80.64626688666667,60.497538123333335,6.982348406666667
1,2016-07-08,0.09683338600000001,0.196295886,3.3457160836666664,2.138722502333333,77.87126688666667,66.62253812333334,5.0156817406666665
1,2016-07-09,0.33617921933333333,0.800895886,3.2532160836666666,2.032889169,79.90460022,70.95587145666667,4.8698484073333335
1,2016-07-10,0.39920838599999997,0.913995886,4.703216083666667,2.828722502333333,76.10460022,83.66420479,6.994848407
1,2016-07-11,0.4399542193333333,0.780195886,6.245716083666667,3.990389169,72.74210022,71.08087145666667,8.4740150725
1,2016-07-12,0.20531671933333331,0.296395886,5.061549417,3.232055835666667,67.52126688666667,74.74753812333334,6.715681740333333
1,2016-07-13,0.20082921933333334,0.280495886,4.679466083666667,3.0349725023333334,67.33376688666667,70.24753812333334,6.524015073166667
1,2016-07-14,0.14900421933333333,0.561695886,2.9240494170000004,2.0558058356666664,69.43376688666667,70.83087145666667,4.653181740666667
1,2016-07-15,0.5647917193333333,0.891395886,6.243216083666667,3.590389169,76.69626688666666,61.45587145666667,7.3115150736666665
1,2016-07-16,0.13800421933333332,0.314595886,4.321966083666667,2.5908058356666666,71.07543355333333,82.66420479,6.103181740166666
1,2016-07-17,0.21855421933333333,0.307195886,5.696549417,3.2937225023333334,74.73376688666667,68.41420479,6.590681740666667
1,2016-07-18,0.4974750526666667,0.711895886,6.764466083666666,4.058305835666666,78.48793355333333,68.03920479,8.232348406333333
1,2016-07-19,0.7026500526666667,0.897795886,8.939882750708334,5.270805835666667,77.09210022,76.03920479,10.590681738666666
1,2016-07-20,0.291295886,0.614095886,6.081966083666667,3.780805835666667,71.22126688666667,67.03920479,8.199015073166667
1,2016-07-21,0.08012505266666667,0.150895886,3.3011327503333336,2.0799725023333333,66.15043355333334,80.58087145666667,4.461515074
1,2016-07-22,0.147320886,0.171295886,4.372382750333333,2.6303891690000003,72.14210022,86.37253812333334,5.9031817405
1,2016-07-23,0.131883386,0.227495886,4.4577994169999995,2.7474725023333337,68.22126688666667,79.41420479,5.715681740666667
1,2016-07-24,0.12816671933333332,0.219795886,4.029049417,2.535805835666667,68.82543355333333,75.58087145666667,5.324015074
1,2016-07-25,0.09511671933333334,0.351595886,3.902799417,2.2483058356666668,73.82543355333333,67.12253812333334,4.624015074
1,2016-07-26,0.4993500526666667,0.617295886,7.636132750458334,4.454972502333333,80.64210022,63.33087145666667,8.999015072333334
1,2016-07-27,0.36225421933333335,0.656395886,7.181549417125001,4.315805835666667,76.29626688666667,75.66420479,9.007348405666667
1,2016-07-28,0.460858386,0.563195886,6.476132750333334,3.6962225023333333,73.10043355333333,57.45587145666667,7.665681739499999
1,2016-07-29,0.09087505266666666,0.286695886,3.619049417,2.3924725023333333,71.20460022,77.58087145666667,5.594848407333333
1,2016-07-30,0.08202505266666667,0.195595886,3.9332160836666668,2.471222502333333,68.52543355333333,74.62253812333334,5.240681740666667
1,2016-07-31,0.22028755266666666,0.296095886,4.854049417,2.9008058356666666,68.55460022,75.45587145666667,5.861515074
1,2016-08-01,0.21527505266666666,0.292295886,4.529049417,2.672889169,71.32543355333333,74.33087145666667,5.415681740666667
1,2016-08-02,0.29652921933333337,0.614595886,6.739466083791666,3.777055835666667,66.76710022,93.83087145666667,7.4406817395000004
1,2016-08-03,0.3637292193333333,0.674995886,4.7061327503333334,2.892889169,64.47960022,89.62253812333334,6.482348407
1,2016-08-04,0.41077921933333333,0.537595886,5.842799416999999,3.5799725023333333,62.69210021999999,83.37253812333334,7.482348406666667
1,2016-08-05,0.19187505266666668,0.377795886,5.804049417000001,3.547889169,62.175433553333335,68.49753812333334,7.0865150728333335
1,2016-08-06,0.0005000526666666667,0.000895886,2.6394660836666666,1.8812225023333333,65.20043355333333,63.41420479000001,4.024015074
1,2016-08-07,0.022587552666666667,0.084995886,1.9794660836666667,1.647889169,67.53376688666667,64.58087145666667,3.5615150740000003
1,2016-08-08,0.212183386,0.519395886,4.922799417,2.9374725023333332,71.02543355333334,62.95587145666667,5.8073484073333335
1,2016-08-09,0.31907505266666664,0.642695886,6.279466083666667,3.662889169,76.51293355333333,71.49753812333334,7.657348407166666
1,2016-08-10,0.483133386,0.706395886,6.566549417,3.847055835666667,78.40876688666667,72.91420479,7.861515073
1,2016-08-11,0.131320886,0.255895886,5.858632750583333,3.6287225023333334,72.08376688666667,66.74753812333334,8.01568174
1,2016-08-12,0.03585005266666667,0.052095886,3.539466083666667,2.2045558356666666,72.05460022,65.70587145666667,4.428181740666667
1,2016-08-13,0.042766719333333335,0.101895886,3.624882750333333,2.4262225023333333,72.47543355333333,70.74753812333334,4.690681740666666
1,2016-08-14,0.28643755266666665,0.459995886,5.427799417,3.1937225023333333,73.55043355333333,69.20587145666667,6.424015073500001
1,2016-08-15,0.27825005266666664,0.416495886,4.3952994169999995,2.4999725023333332,72.34210022,66.20587145666667,5.132348407333334
1,2016-08-16,0.244570886,0.463095886,4.349466083666667,2.825805835666667,68.51710022,78.62253812333334,6.261515073166667
1,2016-08-17,0.12174171933333333,0.165195886,4.691549417,2.7728891690000004,67.78376688666667,74.53920479,5.811515074
1,2016-08-18,0.3241917193333333,0.533795886,5.761966083666667,3.453305835666667,62.22543355333334,72.87253812333334,7.040681739499999
1,2016-08-19,0.3153292193333333,0.650995886,4.198216083666667,2.5237225023333334,61.775433553333336,75.08087145666667,5.0781817406666665
1,2016-08-20,0.520770886,0.809495886,7.233216083666666,4.029555835666667,69.43376688666667,62.16420479000001,7.890681739333334
1,2016-08-21,0.10171255266666666,0.202195886,4.759049417,2.683305835666667,72.61710022,65.12253812333334,5.707348407333334
1,2016-08-22,0.13151671933333334,0.271695886,3.774049417,2.232055835666667,74.14626688666667,65.45587145666667,4.5990150739999995
1,2016-08-23,0.10862088600000001,0.147295886,4.590716083666666,2.6499725023333336,75.19210022,65.58087145666667,5.086515074
1,2016-08-24,0.204983386,0.318095886,5.779882750333333,3.2766391689999996,76.57543355333333,68.12253812333334,6.861515073166667
1,2016-08-25,0.29059171933333333,0.445695886,5.165716083666667,3.1570558356666667,72.76293355333333,67.87253812333334,6.7615150735
1,2016-08-26,0.17108338599999998,0.519395886,4.299882750458333,2.5191391690000002,68.87960022,87.37253812333334,5.632348406833334
1,2016-08-27,0.5119500526666666,0.817795886,7.546966084541666,4.620389169,76.06710022,73.62253812333334,10.2323484045
1,2016-08-28,0.1786417193333333,0.424195886,4.211132750333333,2.6866391689999998,70.16710022,85.45587145666667,5.9531817401666665
1,2016-08-29,0.6079917193333333,0.716995886,9.373216084291666,5.844972502333333,67.81710022,73.12253812333334,12.015681737333333
1,2016-08-30,0.16039588600000002,0.442095886,4.7494660836666664,3.044555835666667,62.01710022,76.66420479,6.457348407333334
1,2016-08-31,0.184720886,0.452695886,5.624049416999999,3.245805835666667,66.77960022,70.03920479,6.394848407333334
1,2016-09-01,0.28809171933333333,0.688295886,4.4057160836666664,2.5020558356666665,69.55460022,83.74753812333334,6.5240150733333335
1,2016-09-02,0.593495886,0.805495886,7.8511327507083335,4.619139168999999,70.11293355333333,67.37253812333334,9.336515072333333
1,2016-09-03,0.6544417193333333,0.718595886,8.710716084291667,5.020389169,67.74626688666667,59.78920479000001,10.382348405666667
1,2016-09-04,0.454720886,0.715295886,7.741132750583333,4.477472502333334,62.10460022,53.78920479000001,9.190681739
1,2016-09-05,0.20194171933333335,0.345495886,5.191132750333334,2.9016391689999996,60.39210022,68.58087145666667,5.711515074
1,2016-09-06,0.5079667193333334,0.830895886,6.98529941775,4.434555835666667,63.71710022,70.33087145666667,8.890681738666666
1,2016-09-07,0.31301255266666667,0.545295886,7.56404941775,4.638305835666666,66.45876688666667,73.83087145666667,10.3531817385
1,2016-09-08,0.6584792193333334,0.724995886,7.3486327503333335,4.367889169,57.35043355333334,83.41420479,8.932348406333334
1,2016-09-09,0.29425005266666665,0.588295886,5.099049417,3.1974725023333335,59.550433553333335,85.95587145666667,6.794848407333333
1,2016-09-10,0.31768755266666665,0.448495886,5.109466083666667,3.2170558356666668,57.60043355333334,78.91420479,6.503181740666666
1,2016-09-11,0.22557921933333333,0.334095886,4.693216083666667,2.8124725023333332,56.75460022000001,72.24753812333334,5.690681740666666
1,2016-09-12,0.20292921933333333,0.498295886,5.948632750333334,3.292889169,63.66293355333334,78.70587145666667,6.382348407333333
1,2016-09-13,0.48439171933333336,0.768395886,8.17529941725,4.961222502333333,65.85043355333333,76.78920479,10.324015072
1,2016-09-14,0.122970886,0.228695886,4.254049417,2.6570558356666667,55.62543355333333,71.99753812333334,5.407348407333334
1,2016-09-15,0.429770886,0.789695886,7.204882750708333,4.326639169,59.50876688666667,71.41420479,8.4156817385
1,2016-09-16,0.5611167193333334,0.850195886,8.224049417125,4.826222502333334,65.56293355333334,66.20587145666667,9.728181739166667
1,2016-09-17,0.289770886,0.452195886,6.001549417,3.4983058356666668,53.84210022,70.95587145666667,7.157348406833333
1,2016-09-18,0.40377505266666663,0.668695886,6.022382750333333,3.5870558356666664,48.42960022,61.122538123333335,7.319848405999999
1,2016-09-19,0.152758386,0.172995886,2.2023827503333333,1.7045558356666666,48.90876688666666,65.20587145666667,3.5531817406666666
1,2016-09-20,0.170008386,0.233895886,4.588216083666667,2.639139169,52.53793355333334,65.78920479,5.240681740666667
1,2016-09-21,0.33207505266666665,0.705595886,5.692799417,3.0162225023333336,56.71710022,62.872538123333335,5.811515074
1,2016-09-22,0.5094292193333333,0.951895886,6.499882750333334,3.4437225023333333,61.41710022,61.45587145666667,6.565681740666666
1,2016-09-23,0.14324588600000002,0.295695886,5.511549417,3.0720558356666667,65.56293355333334,73.58087145666667,6.078181740666667
1,2016-09-24,0.13191671933333335,0.285095886,4.6123827503333334,2.681639169,65.02543355333333,78.91420479,5.299015074000001
1,2016-09-25,0.2184667193333333,0.565195886,5.444882750333334,2.928722502333333,66.32126688666666,67.41420479,5.624015074
1,2016-09-26,0.6909083859999999,0.806995886,8.515299417375,4.919972502333334,69.57126688666666,69.28920479,9.7906817385
1,2016-09-27,0.5005750526666667,0.944995886,7.060716084416666,4.337889168999999,70.17543355333333,70.70587145666667,8.924015071666666
1,2016-09-28,0.14728755266666668,0.329395886,5.376549417,3.2645558356666666,57.16293355333334,91.74753812333334,6.644848407166666
1,2016-09-29,0.26440005266666666,0.462595886,6.244466083666667,3.766222502333333,54.79626688666667,77.74753812333334,7.678181740666666
1,2016-09-30,0.6571375526666666,0.947095886,8.274882750458334,5.005389169,52.212933553333336,83.91420479,10.624015071499999
1,2016-10-01,0.39886255266666665,0.591995886,6.731132750333334,4.081639169,50.29210022,80.62253812333334,8.490681739666668
1,2016-10-02,0.27421255266666666,0.444595886,5.510716083666666,3.3674725023333334,45.70043355333333,80.41420479,7.015681740333334
1,2016-10-03,0.051154219333333334,0.124795886,2.274466083666667,1.629139169,45.30460022,81.08087145666667,3.599015074
1,2016-10-04,0.2809375526666667,0.537995886,5.559466083666667,3.2645558356666666,48.11710022,85.16420479,6.644848407166666
1,2016-10-05,0.507070886,0.819195886,6.397382750458333,3.7258058356666663,49.00043355333333,69.99753812333334,7.4990150735
1,2016-10-06,0.600695886,0.952295886,8.482382750333334,4.923722502333333,56.75460022000001,62.20587145666667,9.857348405666666
1,2016-10-07,0.826758386,0.974495886,9.480299418500001,5.675389169,56.396266886666666,69.08087145666667,12.286515071333334
1,2016-10-08,0.11288755266666667,0.355495886,5.345716083666667,3.0912225023333337,51.462933553333336,75.78920479,6.028181740333333
1,2016-10-09,0.523195886,0.971395886,7.942382751333334,4.724139169,59.88376688666667,65.08087145666667,9.061515071833334
1,2016-10-10,0.5692042193333333,0.868095886,8.685299418125,5.1870558356666665,62.69626688666667,71.37253812333334,10.661515071666667
1,2016-10-11,0.25380005266666666,0.330395886,6.415299417,3.8112225023333335,50.68376688666667,76.99753812333334,7.736515074
1,2016-10-12,0.5942958859999999,0.741195886,8.701549418,5.154555835666667,58.65876688666666,81.99753812333334,10.607348405166666
1,2016-10-13,0.43269588600000003,0.558095886,7.089466083666667,3.9883058356666665,54.17126688666667,61.122538123333335,8.449015072833333
1,2016-10-14,0.5370542193333333,0.933595886,8.280299417875,4.834972502333334,53.525433553333336,61.83087145666667,9.603181739
1,2016-10-15,0.7236792193333333,0.934595886,8.88029941775,5.3970558356666665,51.35876688666667,62.872538123333335,11.257348405
1,2016-10-16,0.28867921933333335,0.626495886,6.738216083666667,3.9328891689999996,41.84210022,66.20587145666667,8.399015072666666
1,2016-10-17,0.6125750526666667,0.965495886,8.127382751208334,4.783722502333333,45.47960022,55.83087145666667,9.611515072333333
1,2016-10-18,0.6111917193333333,0.970995886,7.981966084541667,4.689972502333333,48.01710022,70.20587145666667,9.7656817385
1,2016-10-19,0.13940421933333333,0.163695886,2.4561327503333334,1.4933058356666666,42.57543355333333,76.95587145666667,3.415681740666667
1,2016-10-20,0.18694588599999998,0.565895886,4.9702994170000006,2.855389169,43.65043355333333,77.70587145666667,5.761515073833333
1,2016-10-21,0.7435667193333333,0.970495886,7.7590494171249995,4.5066391690000005,50.99210022,77.74753812333334,10.044848405166666
1,2016-10-22,0.2583917193333333,0.506095886,5.578632750583334,3.1303891690000003,48.87543355333333,90.41420479,5.919848407
1,2016-10-23,0.7850542193333333,0.870595886,10.18029941925,6.111639169,59.82543355333333,83.53920479,13.107348403333333
1,2016-10-24,0.3510542193333333,0.807095886,4.791966083791666,3.312055835666667,40.112933553333335,66.83087145666667,7.057348406333333
1,2016-10-25,0.04690421933333333,0.102195886,2.872799417,1.7941391690000001,40.771266886666666,71.45587145666667,3.699015074
1,2016-10-26,0.1721167193333333,0.245295886,4.471549416999999,2.733722502333333,41.04210022,83.28920479,5.407348407333334
1,2016-10-27,0.163708386,0.447295886,4.767382750333334,2.8183058356666666,36.31293355333333,85.99753812333334,5.453181740666667
1,2016-10-28,0.6744500526666667,0.825095886,7.550299417000001,4.397472502333334,41.95043355333333,68.12253812333334,8.769848406
1,2016-10-29,0.8227833859999999,0.920895886,7.1948827504583335,4.190389169,41.10460022,80.28920479,8.174015072666666
1,2016-10-30,0.4292417193333333,0.702495886,5.275716083666667,3.2891391690000003,33.97543355333333,66.37253812333334,6.799015073666666
1,2016-10-31,0.48727921933333335,0.838595886,7.672799417875001,4.718722502333333,35.97960022,70.12253812333334,9.061515071666667
1,2016-11-01,0.55102088675,0.889595886,13.01154942,8.074555835708333,38.212933553333336,68.62253812333334,16.794848403333333
1,2016-11-02,0.051833386,0.313095886,10.439049418625,6.299139169,36.49626688666667,56.58087145666667,12.932348404166667
1,2016-11-03,0.3866500526666667,0.654095886,7.1052994174999995,3.7958058356666666,45.72960022,61.91420479000001,7.511515073833333
1,2016-11-04,0.8172583860000001,0.880695886,9.708632751333333,5.288722502333333,57.39210022,55.20587145666667,10.349015071666667
1,2016-11-05,0.614608386,0.881395886,8.51154941725,4.552472502333333,56.85876688666667,63.95587145666667,8.7781817395
1,2016-11-06,0.6470292193333333,0.808295886,7.870716083666667,4.107472502333333,56.56293355333333,71.91420479,7.703181740333334
1,2016-11-07,0.723245886,0.935395886,8.334882750333334,4.377472502333333,58.65876688666666,65.78920479,8.336515073166668
1,2016-11-08,0.6596042193333334,0.976695886,6.6298827503333335,3.2720558356666665,58.82543355333333,66.70587145666667,6.136515073999999
1,2016-11-09,0.7910625526666667,0.985695886,7.794049417,4.016222502333333,62.708766886666666,65.62253812333334,7.578181740666667
1,2016-11-10,0.8364875526666666,0.937895886,10.367382751833334,6.134139169,67.21293355333334,70.33087145666667,12.594848403999999
1,2016-11-11,0.6877000526666667,0.879195886,8.564466084791666,5.352889169,45.90043355333333,67.58087145666667,11.9490150715
1,2016-11-12,0.09940421933333334,0.244295886,3.9861327503333333,2.241222502333333,38.84626688666667,76.74753812333334,4.336515074
1,2016-11-13,0.439983386,0.735695886,6.392382750333334,3.8308058356666668,38.212933553333336,70.66420479,7.669848406166667
1,2016-11-14,0.6422375526666667,0.855795886,6.235716083791666,3.6341391689999996,34.22126688666667,70.08087145666667,7.0990150734999995
1,2016-11-15,0.7888750526666667,0.878895886,14.214466086666667,8.645805835916667,42.837933553333336,79.20587145666667,17.636515069999998
1,2016-11-16,0.5889083860000001,0.827795886,8.703216084541667,5.399555835666667,35.40460022,62.33087145666667,11.382348404666667
1,2016-11-17,0.5916167193333334,0.690795886,8.526966084791667,5.1958058356666665,30.412933553333332,64.28920479,10.5156817385
1,2016-11-18,0.5013917193333334,0.974695886,5.998216084291666,3.421639169,32.61710022,67.78920479,6.665681739833334
1,2016-11-19,0.9508875526666666,0.981495886,11.284882753333333,6.445389168999999,49.86710022,45.247538123333335,12.832348403333334
1,2016-11-20,0.7775792193333334,0.974795886,9.085299417875,5.219972502333333,51.87126688666667,57.122538123333335,10.544848404833333
1,2016-11-21,0.11784171933333333,0.301795886,3.2086327503333334,1.8995558356666666,36.07126688666667,70.91420479,3.6281817406666668
1,2016-11-22,0.190508386,0.426595886,4.629466083666666,2.605389169,33.992100220000005,89.37253812333334,4.8490150739999995
1,2016-11-23,0.6215042193333333,0.868295886,7.271549417,4.207055835666666,34.150433553333336,75.78920479,8.461515072666666
1,2016-11-24,0.3983875526666667,0.731195886,5.005716083666667,2.8808058356666666,31.783766886666665,80.58087145666667,5.540681740666667
1,2016-11-25,0.31047921933333333,0.704295886,5.169466083666666,2.6945558356666663,40.84210022,93.83087145666667,5.224015074
1,2016-11-26,0.306958386,0.682295886,5.995299416999999,3.6949725023333335,43.56710022000001,87.91420479,7.219848406666667
1,2016-11-27,0.210995886,0.303595886,5.534882750333334,3.3887225023333336,41.47543355333333,78.99753812333334,6.915681740499999
1,2016-11-28,0.6836042193333333,0.921895886,7.972799417,4.504555835666667,36.587933553333336,63.372538123333335,8.694848406333334
1,2016-11-29,0.7154667193333334,0.889595886,7.548632750333333,4.183722502333333,41.650433553333336,69.70587145666667,8.161515073166667
1,2016-11-30,0.8060083859999999,0.980995886,8.996132751958333,5.0933058356666665,34.19626688666667,88.08087145666667,9.569848405166667
1,2016-12-01,0.9449958860000001,0.981495886,10.847799419749999,6.177055835666667,29.925433553333335,80.87253812333334,12.228181737333335
1,2016-12-02,0.8924000526666666,0.954895886,9.679882751583333,5.332472502333333,32.99626688666667,61.622538123333335,10.457348404500001
1,2016-12-03,0.5885625526666667,0.870395886,8.633216084041667,4.998305835666667,34.91710022,69.12253812333334,9.803181739166666
1,2016-12-04,0.4434625526666667,0.925495886,7.318216083666667,4.316222502333333,36.82543355333333,73.78920479,8.607348406
1,2016-12-05,0.2949542193333333,0.408295886,5.628632750333334,3.5245558356666664,31.100433553333332,74.24753812333334,7.074015073999999
1,2016-12-06,0.13211255266666666,0.255895886,4.886549417,2.984972502333333,29.058766886666664,78.08087145666667,5.694848407333333
1,2016-12-07,0.43001255266666666,0.566495886,6.467799416999999,3.638305835666667,29.14210022,73.37253812333334,6.878181740666666
1,2016-12-08,0.401508386,0.799095886,7.295299417374999,4.2878891690000005,30.89210022,78.70587145666667,8.153181739333334
1,2016-12-09,0.48951255266666666,0.728895886,7.5273827503333335,4.266639169,35.50043355333333,83.08087145666667,8.4406817395
1,2016-12-10,0.49123755266666663,0.850895886,5.854882750333334,3.002889169,35.429600220000005,87.03920479,5.507348407333333
1,2016-12-11,0.42246671933333335,0.674095886,6.0673827503333335,3.3308058356666663,38.69210022,89.33087145666667,6.361515074
1,2016-12-12,0.8112250526666666,0.897795886,8.80154941775,5.243722502333333,39.921266886666665,92.08087145666667,11.053181738333334
1,2016-12-13,0.45986255266666665,0.715195886,5.271132750333334,3.4937225023333336,29.41710022,75.83087145666667,7.17818174
1,2016-12-14,0.6042500526666666,0.848095886,8.600299418,5.359972502333334,27.987933553333335,67.33087145666667,10.994848404833334
1,2016-12-15,0.2689875526666667,0.595695886,4.355299417,2.6762225023333333,23.583766886666666,60.372538123333335,5.519848407333334
1,2016-12-16,0.6021875526666667,0.774595886,6.939466083666667,4.288722502333333,26.737933553333335,69.66420479,8.611515072333333
1,2016-12-17,0.051633386,0.290795886,2.7861327503333335,1.830389169,28.037933553333332,86.03920479,3.5156817406666665
1,2016-12-18,0.211645886,0.676095886,5.194049417,2.9983058356666668,27.17126688666667,80.83087145666667,5.578181740666667
1,2016-12-19,0.6457917193333333,0.947295886,7.337382750333333,3.996639169,31.29626688666667,81.58087145666667,7.603181740666667
1,2016-12-20,0.3475125526666667,0.466595886,7.118632750333333,4.036222502333334,33.25460022,85.58087145666667,7.649015073666667
1,2016-12-21,0.23127505266666668,0.418595886,4.282382750333333,2.464555835666667,33.96710022,82.28920479,4.824015074
1,2016-12-22,0.46192505266666667,0.678395886,6.378632750333334,3.8374725023333336,31.412933553333332,82.12253812333334,7.499015072833333
1,2016-12-23,0.8805125526666666,0.953795886,11.840299419625,6.853305835666667,40.93793355333333,63.70587145666667,13.7240150705
1,2016-12-24,0.675020886,0.980995886,8.988216085041666,5.7791391690000005,31.412933553333332,63.997538123333335,12.244848404833334
1,2016-12-25,0.6537667193333333,0.930095886,8.393216083791666,5.401222502333333,22.487933553333335,67.66420479,10.878181737166665
1,2016-12-26,0.6579292193333334,0.888495886,7.60029941725,4.5395558356666665,24.29626688666667,71.53920479,9.086515072333333
1,2016-12-27,0.6122083859999999,0.984695886,6.819466083916667,4.009139169,27.496266886666664,82.87253812333334,7.428181740166667
1,2016-12-28,0.795583386,0.958295886,9.587799418125,5.829972502333334,30.304600219999998,68.99753812333334,11.844848403666667
1,2016-12-29,0.33563755266666667,0.645195886,5.204049417,3.0670558356666664,23.654600220000003,58.66420479000001,6.428181740666666
1,2016-12-30,0.901245886,0.972795886,10.636132753208333,6.159972502333333,32.15460022,82.99753812333334,12.094848403999999
1,2016-12-31,0.40355005266666666,0.790495886,5.448216083666666,3.2428891689999997,25.79210022,73.87253812333334,6.474015073666667
2,2013-01-02,0.19934171933333333,0.274995886,8.763216083916666,6.424139169,13.358766887166666,89.49753812333334,9.282348406833334
2,2013-01-03,0.499433386,0.615395886,14.52904942,10.065805836083333,-4.5078997764999995,76.78920479,14.515681736666666
2,2013-01-04,0.377845886,0.509995886,11.618216086666665,7.412889169,-12.082899779333333,74.66420479,10.569848405333333
2,2013-01-05,0.3573875526666667,0.430595886,10.980299419875001,7.059139169000001,-13.253733113333332,75.33087145666667,9.9698484055
2,2013-01-06,0.14941671933333334,0.274495886,8.370716084541668,5.391222502333334,-7.416233110833333,77.99753812333334,7.619848406666667
2,2013-01-07,0.3509750526666667,0.480695886,8.41779941825,5.661639169,-8.974566443999999,73.12253812333334,7.965681739666667
2,2013-01-08,0.357445886,0.494495886,12.636966086291666,8.109972502375,0.28793355699999995,75.03920479,11.782348403833334
2,2013-01-09,0.24162505266666667,0.415995886,5.657382750333333,4.251222502333333,0.2129335573333333,83.62253812333334,6.665681739833333
2,2013-01-10,0.4977250526666666,0.614095886,10.011966085166668,7.212889169083333,0.9462668906666667,76.87253812333334,10.632348405
2,2013-01-11,0.3284417193333333,0.473695886,8.576549417875,6.169972502333334,-4.524566442666667,74.87253812333334,9.082348405666666
2,2013-01-12,0.534858386,0.765395886,13.565716085666667,9.092055836125,-8.941233111,66.78920479,13.436515071166667
2,2013-01-13,0.5608375526666667,0.736795886,11.938632752583333,7.667472502333333,-3.612066444,71.33087145666667,10.824015071333333
2,2013-01-14,0.3955167193333333,0.728595886,9.029882751583333,6.200389169,5.887933557333334,72.20587145666667,8.74068174
2,2013-01-15,0.49147088600000005,0.653395886,12.215716086666667,7.911222502333334,13.304600221166666,67.03920479,11.124015070166665
2,2013-01-16,0.5220917193333333,0.635395886,10.5402994195,6.854555835666667,14.84210022,74.74753812333334,9.611515072666666
2,2013-01-17,0.49261671933333334,0.668895886,12.11654941875,8.139555835916667,18.23376688666667,77.74753812333334,11.474015071833334
2,2013-01-18,0.494858386,0.625195886,11.263216086041666,7.329139169,29.508766886666667,71.53920479,10.478181738333333
2,2013-01-19,0.501620886,0.575095886,9.936132751708334,6.072055835666667,28.600433553333332,82.91420479,8.499015074
2,2013-01-20,0.150908386,0.273495886,6.968216083666667,4.449972502333334,32.72543355333333,99.58087145666667,6.457348407333334
2,2013-01-21,0.10690005266666668,0.155595886,3.586132750333333,2.4053891689999998,29.717100220000003,92.74753812333334,3.444848407333333
2,2013-01-22,0.19645005266666668,0.306895886,8.929049417375,6.303722502333333,28.708766886666666,92.12253812333334,9.0823484065
2,2013-01-23,0.089333386,0.180095886,3.8294660836666665,2.750389169,26.946266886666667,83.78920479,4.278181740666667
2,2013-01-24,0.15194171933333334,0.323095886,5.473216083666666,4.226222502333333,22.837933553333333,88.66420479,6.215681740666667
2,2013-01-25,0.272120886,0.364995886,9.317799418,6.865389169,20.158766886666665,87.83087145666667,9.803181738333334
2,2013-01-26,0.471383386,0.584595886,10.909049419125,7.578305835666666,14.258766886666669,82.74753812333334,10.886515070833333
2,2013-01-27,0.6563875526666667,0.703295886,15.58404942,10.350389169791667,23.112933553333335,83.78920479,14.928181736666666
2,2013-01-28,0.6066917193333333,0.682795886,12.655716086666667,8.7374725025,28.321266886666667,88.41420479,12.761515070166666
2,2013-01-29,0.2704542193333333,0.529495886,6.753632750583333,4.406639169,30.008766886666667,91.62253812333334,6.511515073999999
2,2013-01-30,0.470483386,0.702395886,17.983632753333335,12.386222503083333,33.646266886666666,80.66420479,17.9990150705
2,2013-01-31,0.6077500526666667,0.698795886,13.539882753333332,9.452472502666668,24.475433553333332,82.03920479,14.01151507
2,2013-02-01,0.46492505266666667,0.660595886,10.463216085291666,7.350389169083333,6.258766890166666,76.49753812333334,10.9156817385
2,2013-02-02,0.6043875526666667,0.694295886,11.005299419375,7.201639169,2.7462668906666665,75.28920479,10.528181737833334
2,2013-02-03,0.45618338599999997,0.633095886,10.689466085541667,6.539139168999999,4.200433556666667,74.62253812333334,9.432348405833332
2,2013-02-04,0.34567921933333334,0.489395886,10.138216085416667,6.793305835666668,14.421266887333333,80.95587145666667,10.332348404833334
2,2013-02-05,0.079283386,0.187995886,5.493632750333333,3.5945558356666667,8.525433556000001,80.41420479,5.607348407333333
2,2013-02-06,0.288595886,0.516695886,8.654466084291666,6.077472502333333,8.787933556166667,82.99753812333334,8.990681738666668
2,2013-02-07,0.3313292193333333,0.447195886,9.294049418,6.876639169,1.2712668906666666,79.24753812333334,10.340681738333332
2,2013-02-08,0.367595886,0.489295886,10.194882751708333,6.7287225023333335,-5.4703997766666665,74.58087145666667,9.686515072
2,2013-02-09,0.47935838599999997,0.738395886,10.967382752208332,6.877055835666667,5.654600222166667,73.41420479,9.9656817385
2,2013-02-10,0.7037917193333333,0.741195886,12.6102994195,7.350805835666667,33.708766886666666,79.91420479,11.115681737333333
2,2013-02-11,0.6325667193333333,0.737495886,9.009882751708334,5.437055835750001,31.487933553333335,84.83087145666667,8.424015072333333
2,2013-02-12,0.6034458859999999,0.741995886,12.14779941925,7.357889169083333,27.262933553333337,76.95587145666667,11.832348404166666
2,2013-02-13,0.7272000526666668,0.776895886,13.15904942,7.772472502333334,30.10876688666667,76.16420479,12.274015069999999
2,2013-02-14,0.564020886,0.736595886,10.865299419000001,6.487055835666666,28.492100219999998,85.03920479,10.665681737666667
2,2013-02-15,0.5462042193333333,0.725995886,8.554882751333333,4.736639169,28.975433553333332,86.37253812333334,7.461515073666667
2,2013-02-16,0.4063042193333333,0.612095886,9.659882751708333,4.991639169,36.85043355333333,76.41420479,8.211515073
2,2013-02-17,0.49427921933333335,0.704595886,11.31904941925,5.967055835666667,39.40876688666667,72.87253812333334,10.086515071833334
2,2013-02-18,0.21059171933333332,0.425795886,6.895716083916667,3.5228891690000004,37.01293355333333,81.49753812333334,6.019848407333334
2,2013-02-19,0.5050292193333333,0.614795886,9.531132751458333,5.118722502333333,43.69626688666667,80.53920479,8.624015073333334
2,2013-02-20,0.511395886,0.595595886,9.827382751458334,5.5549725023333325,40.237933553333335,87.62253812333334,9.861515072000001
2,2013-02-21,0.2651792193333333,0.604795886,7.24529941775,4.132472502333333,41.93376688666667,72.20587145666667,7.0156817395
2,2013-02-22,0.19557921933333333,0.338095886,7.084882750333333,4.413305835666667,31.60876688666667,90.03920479,7.4740150734999995
2,2013-02-23,0.16529171933333334,0.284895886,7.151132750333333,4.863722502333333,26.10876688666667,76.37253812333334,8.649015072500001
2,2013-02-24,0.3489042193333333,0.400395886,8.245299417250001,5.817889169,20.258766886666667,68.12253812333334,10.740681738
2,2013-02-25,0.23572505266666666,0.348195886,6.345299417,4.215805835666667,22.662933553333332,67.62253812333334,7.628181739666666
2,2013-02-26,0.31906255266666667,0.381695886,4.748216084166667,3.2249725023333333,20.787933553333332,59.497538123333335,6.6823484065
2,2013-02-27,0.182983386,0.254595886,5.004466083666666,3.326639169,23.61710022,51.497538123333335,6.069848407333333
2,2013-02-28,0.11280005266666666,0.142295886,6.116132750333333,4.346222502333333,21.11293355333333,70.37253812333334,8.069848407333334
2,2013-03-01,0.20583755266666667,0.342895886,5.904882750583333,4.293305835666667,19.033766886666665,68.87253812333334,8.199015072666667
2,2013-03-02,0.190745886,0.388395886,3.1769660836666667,2.348722502333333,17.39210022,60.16420479000001,4.736515074000001
2,2013-03-03,0.47255005266666666,0.570695886,7.912382750333333,4.862889169,23.708766886666666,58.16420479000001,8.390681739166666
2,2013-03-04,0.5350250526666667,0.651195886,10.577382752333333,6.185805835666667,36.171266886666665,58.53920479000001,10.774015072166668
2,2013-03-05,0.19971671933333335,0.401195886,5.6815494175,3.3474725023333334,42.63793355333333,63.03920479000001,6.057348407166667
2,2013-03-06,0.42748755266666666,0.664995886,11.228216085291665,7.139555835958333,37.84210022,85.66420479,12.690681738499999
2,2013-03-07,0.638145886,0.667295886,17.56613275333333,11.920389169833333,28.092100220000003,43.45587145666667,21.43651507
2,2013-03-08,0.39214171933333336,0.589495886,10.308632751833333,7.345389169333334,20.05043355333333,50.83087145666667,13.9115150715
2,2013-03-09,0.11406255266666666,0.230995886,5.691132750333334,4.430805835666667,13.829600220833333,51.33087145666667,8.4490150725
2,2013-03-10,0.06662921933333334,0.153295886,4.817799417,3.8670558356666667,6.142100222833334,34.497538123333335,7.7948484071666675
2,2013-03-11,0.11861671933333333,0.202795886,4.217382750333333,3.1649725023333333,9.242100222166666,39.997538123333335,6.665681740666667
2,2013-03-12,0.38752505266666665,0.484995886,8.391966083791667,5.814972502333333,11.950433554666667,52.45587145666667,10.194848405166667
2,2013-03-13,0.21876671933333333,0.336795886,4.517799417,3.1599725023333334,11.733766888333333,50.997538123333335,6.290681740666667
2,2013-03-14,0.2790917193333333,0.434695886,6.984882750333333,4.884139169,16.387933553333333,57.122538123333335,8.753181739333334
2,2013-03-15,0.3108875526666667,0.479495886,8.441549417,5.577889169,24.01293355333333,66.62253812333334,9.803181739000001
2,2013-03-16,0.33884588600000004,0.417995886,8.20654941725,5.067472502333334,34.39210022,76.99753812333334,8.999015072666667
2,2013-03-17,0.5942667193333333,0.698795886,13.494466086541665,8.705805836041668,33.12960022,74.95587145666667,15.428181736833332
2,2013-03-18,0.22786255266666666,0.459195886,6.995299417625,4.373305835666667,31.333766886666666,52.497538123333335,7.915681739333333
2,2013-03-19,0.472808386,0.539195886,10.581966084791667,6.488305835666666,45.68793355333333,55.66420479000001,11.686515071166667
2,2013-03-20,0.122183386,0.252495886,5.486966083666666,3.2449725023333333,39.31293355333333,60.997538123333335,6.269848407166667
2,2013-03-21,0.11268755266666668,0.157495886,5.587382750333333,3.839555835666667,22.97960022,54.70587145666667,7.399015074
2,2013-03-22,0.49818755266666664,0.697895886,10.689466085666666,7.164972502333334,28.32960022,47.70587145666667,12.640681737666668
2,2013-03-23,0.311670886,0.555295886,6.620716084291666,3.9570558356666665,38.84626688666667,74.33087145666667,7.319848406833334
2,2013-03-24,0.2059250526666667,0.351595886,6.600716083791667,4.068722502333333,36.050433553333335,77.24753812333334,7.686515073833333
2,2013-03-25,0.19187505266666668,0.265395886,6.817799417,3.9862225023333333,35.52960022,76.95587145666667,7.324015073166667
2,2013-03-26,0.06318755266666666,0.101295886,3.4590494169999997,2.058305835666667,39.78793355333334,81.24753812333334,4.0781817406666665
2,2013-03-27,0.03359171933333333,0.046195886,3.332799417,2.3895558356666666,42.07126688666667,76.87253812333334,4.3073484073333335
2,2013-03-28,0.037120886,0.123695886,4.856966083666666,3.065389169,42.35460022,76.24753812333334,5.349015074
2,2013-03-29,0.16812921933333333,0.236295886,6.7911327508333335,4.103305835666666,47.16293355333334,63.08087145666667,7.228181739833333
2,2013-03-30,0.12631255266666666,0.298695886,5.593216083666667,3.4483058356666665,40.57960022,76.03920479,6.603181740499999
2,2013-03-31,0.037854219333333335,0.046095886,3.3098827503333332,2.3824725023333335,44.18793355333333,68.16420479,4.524015074
2,2013-04-01,0.11815005266666667,0.354495886,5.598216084041667,3.3491391690000003,47.00043355333333,68.41420479,6.2656817405
2,2013-04-02,0.3616125526666667,0.537595886,7.776132750958333,4.819972502333333,47.55876688666667,67.66420479,8.853181739166667
2,2013-04-03,0.15459171933333332,0.234995886,6.101549417,3.6970558356666667,46.00460022000001,56.83087145666667,6.603181740166666
2,2013-04-04,0.069683386,0.089995886,3.497799417,2.162889169,42.66710022,69.16420479,4.4115150739999995
2,2013-04-05,0.094170886,0.171895886,4.373632750333333,2.7178891689999998,38.829600219999996,80.49753812333334,5.361515074
2,2013-04-06,0.117733386,0.384995886,4.187799417,2.4833058356666666,37.896266886666666,60.53920479000001,4.799015074000001
2,2013-04-07,0.632520886,0.739995886,11.071549419375001,6.881222502333333,48.68376688666667,52.997538123333335,12.065681738
2,2013-04-08,0.4219250526666667,0.584395886,7.221966083916667,4.435389169,54.14210022,62.247538123333335,8.107348406333333
2,2013-04-09,0.5555250526666667,0.684795886,7.252799417625,5.2720558356666665,46.43376688666667,60.83087145666667,9.140681738166668
2,2013-04-10,0.44891255266666663,0.673495886,7.869882751458333,5.523305835666666,31.508766886666667,56.497538123333335,10.294848404666666
2,2013-04-11,0.10919171933333333,0.149495886,4.213632750333333,2.800805835666667,41.91293355333333,52.247538123333335,5.219848407333333
2,2013-04-12,0.07220005266666667,0.093495886,3.989049417,2.750389169,47.44210022000001,59.497538123333335,5.090681740666667
2,2013-04-13,0.43696255266666667,0.733295886,8.283632751458333,5.335805835666666,48.77543355333333,66.24753812333334,9.3781817385
2,2013-04-14,0.6355917193333334,0.804595886,10.280299418875,6.6728891690416665,56.75043355333333,78.74753812333334,12.411515070999998
2,2013-04-15,0.4023542193333333,0.735295886,6.207799417125,3.7433058356666664,51.53376688666666,56.08087145666667,7.60318174
2,2013-04-16,0.538745886,0.679395886,9.257799418,5.993305835666667,46.35460022,44.28920479000001,11.082348404833333
2,2013-04-17,0.324308386,0.433095886,5.289882750833333,3.435389169,37.85460022,58.95587145666667,7.5198484064999995
2,2013-04-18,0.24990421933333332,0.361795886,6.913216084166667,4.783722502333333,42.54210022,80.03920479,10.290681738333333
2,2013-04-19,0.07578755266666666,0.121795886,5.1957160836666665,3.261639169,40.60460022,80.95587145666667,5.753181740666666
2,2013-04-20,0.08857505266666667,0.205495886,4.506966083666667,3.177889169,44.04210022,77.53920479,5.774015074
2,2013-04-21,0.10007505266666666,0.208595886,2.761966083666667,1.9387225023333334,46.25876688666667,72.03920479,3.8198484073333336
2,2013-04-22,0.33011671933333336,0.473195886,7.501132750333333,4.794555835666666,50.57960022,58.70587145666667,8.732348405333333
2,2013-04-23,0.7413042193333333,0.882295886,9.684049417875,6.931639169,35.59210022,79.28920479,12.415681736666668
2,2013-04-24,0.4782167193333333,0.628195886,8.036132750708333,5.629139168999999,36.65460022,82.70587145666667,10.661515071166667
2,2013-04-25,0.5020750526666666,0.658395886,9.799049418375,7.099972502333333,32.642100219999996,75.99753812333334,12.803181736833332
2,2013-04-26,0.355158386,0.518995886,8.254882750708333,5.955805835666666,31.06710022,74.37253812333334,10.740681738166666
2,2013-04-27,0.16306671933333333,0.210295886,6.629466083666666,4.554139169,36.337933553333336,64.45587145666667,8.686515073
2,2013-04-28,0.13567088600000002,0.183595886,5.453632750333333,3.6858058356666668,39.16293355333333,54.122538123333335,6.619848406333333
2,2013-04-29,0.061716719333333336,0.103095886,3.3461327503333336,2.200389169,44.675433553333335,41.372538123333335,4.311515074
2,2013-04-30,0.22658338600000003,0.274995886,5.374882750333334,3.6024725023333333,47.22960022,47.497538123333335,6.499015072833333
2,2013-05-01,0.18423338599999997,0.302295886,6.2652994170000005,3.8874725023333334,46.67960022,45.622538123333335,7.115681740333334
2,2013-05-02,0.08612088600000001,0.248795886,4.757382750333334,3.1770558356666663,49.45043355333333,63.95587145666667,6.169848407333333
2,2013-05-03,0.3668125526666666,0.482895886,7.392799417,4.693305835666666,50.62543355333333,59.622538123333335,8.715681738999999
2,2013-05-04,0.20838755266666667,0.347495886,5.2948827503333336,3.470805835666667,54.362933553333335,52.66420479000001,6.319848407333333
2,2013-05-05,0.3165667193333333,0.629295886,7.5186327508333335,4.569555835666667,61.27543355333333,42.247538123333335,7.9365150731666665
2,2013-05-06,0.10967088600000001,0.201495886,5.776966083666667,3.6337225023333333,59.47126688666666,43.28920479000001,6.294848407333333
2,2013-05-07,0.46518755266666667,0.682295886,10.285716085166667,6.590805835666667,62.75043355333333,47.78920479000001,11.544848404666666
2,2013-05-08,0.4366500526666666,0.505895886,7.8127994178749995,5.086222502333333,59.70460022,61.20587145666667,9.7156817385
2,2013-05-09,0.144208386,0.352895886,5.773216083791667,3.676639169,55.37126688666667,50.622538123333335,7.024015073666667
2,2013-05-10,0.3371542193333333,0.630395886,6.846549417125,4.517472502333333,54.41710022,56.16420479000001,8.674015072666666
2,2013-05-11,0.27050005266666666,0.488595886,2.6182160836666664,2.2262225023333335,54.146266886666666,57.747538123333335,4.194848407333334
2,2013-05-12,0.24662088599999998,0.578495886,6.021132750708333,3.5512225023333333,64.08376688666667,47.33087145666667,6.65318174
2,2013-05-13,0.33405421933333335,0.666995886,7.885299417374999,4.863305835666667,65.46293355333334,42.28920479,8.640681739333333
2,2013-05-14,0.29545005266666663,0.377095886,7.291966083666666,4.500805835666667,64.99210022,49.872538123333335,8.31568174
2,2013-05-15,0.14046671933333332,0.222295886,6.7773827503333335,4.104139169,64.19210022,35.330871456666664,7.724015073666667
2,2013-05-16,0.2531042193333333,0.457495886,6.311549416999999,4.092055835666667,59.550433553333335,76.08087145666667,7.957348406166667
2,2013-05-17,0.6872417193333332,0.810595886,11.773632752458333,8.074139169291668,52.31293355333333,69.70587145666667,14.474015071166667
2,2013-05-18,0.5655667193333334,0.764795886,9.367382751333333,6.532889169,48.19626688666667,51.122538123333335,12.124015070833332
2,2013-05-19,0.22263338600000002,0.342395886,6.014882750333334,3.850389169,48.15460022,43.53920479000001,7.219848407333334
2,2013-05-20,0.289533386,0.513595886,6.329882750333333,4.469555835666667,42.69210022000001,72.12253812333334,7.969848405833333
2,2013-05-21,0.36070005266666666,0.829795886,7.970716084666667,5.7095558356666665,46.64210022,67.70587145666667,10.465681738333332
2,2013-05-22,0.240095886,0.489795886,6.510716084041667,4.819555835666667,49.425433553333335,63.66420479000001,8.465681738833334
2,2013-05-23,0.452483386,0.604695886,8.752382751333334,6.013722502333334,48.00460021999999,73.62253812333334,10.857348404333335
2,2013-05-24,0.3265667193333333,0.688195886,6.9169660845416665,5.0099725023333335,51.708766886666666,65.66420479,8.7656817385
2,2013-05-25,0.18847505266666667,0.317095886,8.098216084666667,5.244555835666667,57.87960022000001,60.16420479000001,9.811515071833334
2,2013-05-26,0.401008386,0.649795886,8.071966083666666,5.2095558356666665,56.43376688666667,52.997538123333335,9.453181739
2,2013-05-27,0.45207505266666664,0.784095886,7.639882750458334,4.894555835666667,60.021266886666666,49.20587145666667,9.249015072499999
2,2013-05-28,0.6350208860000001,0.782495886,10.507799418875,6.951222502333334,57.02960022,56.622538123333335,12.799015071166666
2,2013-05-29,0.606920886,0.770695886,10.36779941925,7.007889168999999,53.40460022,60.66420479000001,12.969848403833334
2,2013-05-30,0.3811542193333333,0.542895886,8.479049417625001,5.484139169,51.32960022,61.95587145666667,10.061515071833334
2,2013-05-31,0.16079171933333333,0.290795886,4.660299417,2.926639169,58.32126688666667,43.872538123333335,5.719848407333333
2,2013-06-01,0.5160750526666666,0.731595886,8.968632750583334,5.4283058356666665,66.85043355333333,40.622538123333335,9.544848405666666
2,2013-06-02,0.5470833860000001,0.719595886,10.026132751958334,6.342472502333333,74.69626688666666,51.83087145666667,11.249015071333332
2,2013-06-03,0.25140005266666665,0.372195886,7.973216083791667,5.050389169,72.55043355333333,35.747538123333335,9.2365150725
2,2013-06-04,0.06175421933333333,0.112295886,5.333216083666667,3.3637225023333333,71.49626688666667,34.705871456666664,6.132348407333333
2,2013-06-05,0.08650838599999999,0.244995886,5.837799416999999,3.531639169,70.24626688666667,49.497538123333335,6.728181740666667
2,2013-06-06,0.490970886,0.578395886,5.480716083666667,3.564972502333333,70.07543355333333,53.497538123333335,7.1531817405
2,2013-06-07,0.27902505266666666,0.424495886,4.752382750333333,3.297889169,67.21293355333334,56.247538123333335,6.465681740666667
2,2013-06-08,0.14412505266666667,0.198695886,4.450299417,2.8078891689999996,68.05043355333333,55.372538123333335,5.582348407333334
2,2013-06-09,0.43216671933333334,0.694195886,10.171132751708333,6.442055835666667,77.84210022,41.830871456666664,11.744848404999999
2,2013-06-10,0.271170886,0.716295886,6.538632750833333,4.606639169041666,70.52543355333333,52.95587145666667,9.124015072666667
2,2013-06-11,0.15141671933333334,0.304195886,5.846549417125,3.763305835666667,70.26710022,48.20587145666667,7.124015073333333
2,2013-06-12,0.14945421933333333,0.357495886,6.589466084041667,4.255389169,68.34210022,39.747538123333335,7.799015073
2,2013-06-13,0.3614417193333333,0.544595886,7.229882751083333,4.878305835666667,64.94626688666666,80.91420479,10.082348405166668
2,2013-06-14,0.6734667193333334,0.839095886,9.809049418625,6.4353891690000005,66.27543355333334,61.91420479000001,11.549015071166666
2,2013-06-15,0.5640375526666667,0.708195886,9.576132752083334,6.124139169,66.50043355333334,51.16420479000001,11.353181738000002
2,2013-06-16,0.12140421933333334,0.228595886,5.994882750333333,3.6524725023333335,66.51710022,54.28920479000001,6.528181740666667
2,2013-06-17,0.24821255266666667,0.320095886,7.3240494172499995,4.867055835666666,61.05460022,72.95587145666667,8.890681738666666
2,2013-06-18,0.2932917193333333,0.527295886,7.666549417374999,5.148722502333333,59.862933553333335,72.16420479,9.819848405333333
2,2013-06-19,0.20726255266666668,0.374495886,6.439049417,4.238305835666667,62.396266886666666,63.95587145666667,7.8865150726666675
2,2013-06-20,0.07154171933333334,0.156495886,4.829882750333334,2.9487225023333337,62.41293355333334,58.78920479000001,5.878181740666666
2,2013-06-21,0.3762000526666667,0.544295886,7.315716083791667,4.563305835666667,68.81293355333334,56.66420479000001,8.794848406333333
2,2013-06-22,0.4000375526666667,0.506295886,7.412382750833333,5.092055835666667,64.85043355333333,44.91420479000001,9.057348405333334
2,2013-06-23,0.6308750526666667,0.807995886,11.695299419625,8.127472502375,57.96710022,51.83087145666667,14.936515070166665
2,2013-06-24,0.5658875526666667,0.740195886,9.580716085291668,6.516639169,53.25460022000001,55.997538123333335,12.1323484045
2,2013-06-25,0.393458386,0.567395886,5.9977994169999995,3.889972502333334,53.69626688666667,67.08087145666667,8.144848406
2,2013-06-26,0.6421125526666667,0.710895886,3.0232160836666666,2.0512225023333333,57.62960021999999,55.16420479000001,4.299015074
2,2013-06-27,0.7224417193333333,0.760595886,11.341966086291668,7.266222502333334,66.02960022,50.872538123333335,12.865681737166668
2,2013-06-28,0.4408875526666667,0.552695886,8.071966084166666,5.283722502333333,66.94210022,65.53920479,10.103181738333333
2,2013-06-29,0.36739171933333337,0.386195886,4.432382750333333,2.912889169,63.60043355333334,70.37253812333334,5.428181740666667
2,2013-06-30,0.424895886,0.520195886,7.1419660839166665,4.879555835666666,60.84626688666666,65.37253812333334,9.203181738333333
2,2013-07-01,0.38685838600000005,0.578195886,7.224049417374999,4.596222502333333,65.42960022,57.16420479000001,8.344848406166667
2,2013-07-02,0.072845886,0.262495886,4.821132750333333,2.996639169,63.97543355333334,64.33087145666667,5.840681740666667
2,2013-07-03,0.2737500526666667,0.485195886,6.660716083666667,4.082889169,69.27960022,58.70587145666667,7.349015073833333
2,2013-07-04,0.22277921933333333,0.400995886,6.212799417,3.7628891689999997,76.59210022,62.83087145666667,7.286515074
2,2013-07-05,0.08226671933333334,0.181895886,4.221549417125,2.7137225023333333,76.97126688666667,61.45587145666667,5.211515074
2,2013-07-06,0.268770886,0.487095886,8.272799417875,5.193722502333333,74.37960022,50.58087145666667,9.511515072166667
2,2013-07-07,0.14677088600000002,0.268295886,5.741132750333333,3.753305835666667,70.32543355333333,55.997538123333335,6.869848406333333
2,2013-07-08,0.025283386,0.053795886,3.385716083666667,2.424972502333333,72.50460022,55.28920479000001,4.6615150739999995
2,2013-07-09,0.38805005266666664,0.626195886,8.134049417875,5.089139169,77.19626688666666,53.747538123333335,9.715681738666667
2,2013-07-10,0.12006671933333334,0.407495886,4.648216083666667,2.8249725023333334,72.52126688666667,59.03920479000001,5.436515074
2,2013-07-11,0.394433386,0.759795886,6.484466083916666,4.153722502333333,77.80876688666667,56.20587145666667,8.178181740000001
2,2013-07-12,0.40533338599999996,0.730695886,8.452382750708333,5.960805835666666,65.84626688666667,68.58087145666667,10.828181738166668
2,2013-07-13,0.06266671933333333,0.180795886,4.710299417,3.2728891690000004,63.25460022000001,67.16420479,6.611515074
2,2013-07-14,0.251820886,0.446295886,6.991132750583333,4.509555835666666,71.02960022,61.372538123333335,8.261515073166667
2,2013-07-15,0.17592921933333336,0.368395886,7.0352994173750005,4.594555835666667,73.20043355333333,62.20587145666667,8.669848406
2,2013-07-16,0.26013338599999997,0.364495886,7.155716084041667,4.597889169,73.18793355333334,60.41420479000001,8.2073484055
2,2013-07-17,0.152283386,0.477495886,6.794466084416666,4.364139169,80.30043355333333,56.91420479000001,8.5156817395
2,2013-07-18,0.32592088599999997,0.788895886,5.82279941725,3.766222502333333,69.05043355333333,60.747538123333335,7.440681740166667
2,2013-07-19,0.2828292193333333,0.378995886,5.310299417,3.3612225023333333,69.82960022,77.16420479,6.799015073666666
2,2013-07-20,0.22726671933333334,0.515995886,5.0586327503333335,3.342472502333333,74.15043355333333,70.74753812333334,5.990681740166667
2,2013-07-21,0.24361671933333331,0.408295886,5.286132750833334,3.31580583575,76.23793355333333,76.91420479,7.324015073166667
2,2013-07-22,0.19967921933333332,0.480295886,6.753632750458333,4.484972502333333,73.64210022,62.872538123333335,8.269848406
2,2013-07-23,0.22922921933333332,0.493295886,5.609882750333333,3.639972502333334,68.19626688666666,65.91420479,6.878181740333333
2,2013-07-24,0.3930667193333333,0.667595886,8.634882750583333,5.652889169000001,69.46710022,73.33087145666667,10.119848405166666
2,2013-07-25,0.10242505266666667,0.212295886,5.011966083666667,3.4245558356666668,73.70876688666667,65.95587145666667,6.557348406666667
2,2013-07-26,0.07517921933333334,0.106595886,4.9215494170000005,3.2258058356666663,72.09210022,57.95587145666667,5.9531817405
2,2013-07-27,0.20128338599999998,0.288395886,3.3044660836666666,2.2749725023333336,71.64210022,60.33087145666667,4.361515074
2,2013-07-28,0.19198755266666667,0.326195886,6.006549417,3.8178891690000003,73.16710022,61.41420479000001,6.986515074
2,2013-07-29,0.17080421933333334,0.359195886,6.070299417,3.8133058356666667,74.01293355333333,63.997538123333335,7.065681740666666
2,2013-07-30,0.06279588600000001,0.168695886,5.261966083666667,3.2949725023333336,74.38793355333333,68.91420479,6.236515073666666
2,2013-07-31,0.12355421933333333,0.299395886,4.995716083666667,3.2387225023333333,74.51293355333333,70.45587145666667,6.290681740666667
2,2013-08-01,0.16215005266666668,0.209595886,6.876966083666667,4.398722502333333,73.37960022,53.497538123333335,7.911515072833333
2,2013-08-02,0.23939171933333334,0.475095886,5.075716083666666,3.4033058356666666,63.02960022,74.66420479,6.4281817405
2,2013-08-03,0.20420005266666666,0.296495886,7.156966083666667,4.8712225023333335,59.36710022,70.83087145666667,8.936515072
2,2013-08-04,0.073758386,0.100895886,3.461549417,2.3178891690000003,63.66710022,60.497538123333335,4.444848407333334
2,2013-08-05,0.11789171933333333,0.127095886,3.824049417,2.689139169,64.19210022,67.74753812333334,5.024015074
2,2013-08-06,0.048225052666666664,0.099395886,4.003632750333334,2.798305835666667,60.862933553333335,84.37253812333334,5.4323484073333335
2,2013-08-07,0.030633386000000002,0.158795886,2.975299417,2.1108058356666666,64.97543355333333,67.66420479,4.149015074
2,2013-08-08,0.13294588599999999,0.296195886,5.6177994170000005,3.489139169,67.26710022,65.62253812333334,6.128181740666666
2,2013-08-09,0.06734171933333334,0.149995886,5.484882750333333,3.625389169,64.85043355333333,77.62253812333334,7.5740150735
2,2013-08-10,0.12332505266666667,0.231795886,6.197799417,4.162472502333333,63.712933553333336,73.70587145666667,7.649015073833334
2,2013-08-11,0.059237552666666665,0.103695886,3.7036327503333335,2.2674725023333333,65.08376688666667,62.372538123333335,4.153181740666667
2,2013-08-12,0.14827505266666666,0.257495886,5.724049417,3.495805835666667,61.900433553333336,85.78920479,6.411515073666667
2,2013-08-13,0.09144588599999999,0.197495886,4.816966083666666,3.3508058356666663,61.27960022,91.74753812333334,6.478181740666667
2,2013-08-14,0.016170886,0.032195886,4.397382750333333,3.2074725023333333,61.55460022,82.74753812333334,5.836515074
2,2013-08-15,0.10498755266666666,0.210195886,6.131549417,3.672889169,63.10460022,87.95587145666667,6.611515074
2,2013-08-16,0.18118338599999997,0.312495886,6.973216083666667,4.344555835666667,64.21710022,88.08087145666667,7.736515074
2,2013-08-17,0.32642505266666666,0.339295886,5.0186327503333334,2.871639169,66.99210022,69.20587145666667,5.532348407333333
2,2013-08-18,0.20844171933333333,0.337795886,5.626132750333333,3.7070558356666665,65.63793355333333,75.95587145666667,7.3406817395
2,2013-08-19,0.46826255266666666,0.541195886,8.28154941725,5.001639169,70.13793355333333,68.24753812333334,8.749015072499999
2,2013-08-20,0.2562500526666667,0.466195886,5.874882750708333,3.6962225023333333,65.11293355333333,58.20587145666667,7.0406817403333335
2,2013-08-21,0.44766255266666666,0.740995886,7.13779941725,4.498722502333333,64.26293355333333,65.74753812333334,8.032348406166667
2,2013-08-22,0.26462505266666664,0.483295886,6.2340494170000005,4.106222502333334,61.296266886666665,56.247538123333335,7.294848406333333
2,2013-08-23,0.11570421933333334,0.220695886,5.066966083666666,3.2570558356666663,64.46710022,63.122538123333335,5.699015073999999
2,2013-08-24,0.175495886,0.356895886,7.489882750333333,4.846222502333333,63.76710022,77.58087145666667,8.653181739166667
2,2013-08-25,0.061458386000000004,0.200095886,4.962799417,3.343305835666667,62.91710022,88.28920479,6.1823484073333335
2,2013-08-26,0.17005005266666665,0.386295886,4.200716083666667,3.001639169,65.42960022,78.62253812333334,5.582348407333334
2,2013-08-27,0.258395886,0.484695886,4.835299417,3.315805835666666,66.70460022,64.28920479,5.890681740666667
2,2013-08-28,0.27176671933333335,0.451195886,6.9511327503333336,4.149972502333333,69.45043355333333,53.20587145666667,7.074015074000001
2,2013-08-29,0.3706000526666666,0.658395886,7.398216083666667,4.359139169,71.56710022,56.53920479000001,7.832348406833333
2,2013-08-30,0.098470886,0.218695886,6.130716083666666,3.7708058356666663,67.57543355333333,65.49753812333334,6.844848407333334
2,2013-08-31,0.38061255266666666,0.627495886,8.717382750958334,5.643305835666666,69.28376688666667,75.20587145666667,9.794848404833333
2,2013-09-01,0.2914500526666667,0.684295886,7.904882751333333,5.129555835666666,68.82543355333333,81.28920479,9.657348404666667
2,2013-09-02,0.17608338599999998,0.431195886,6.454049417,3.7433058356666664,68.94626688666666,49.83087145666667,6.674015074
2,2013-09-03,0.37064171933333334,0.641495886,8.80154941775,5.304972502333333,74.37960022,54.28920479000001,9.732348406166667
2,2013-09-04,0.612908386,0.800395886,10.737799418875,7.108722502458334,62.35460022,51.872538123333335,12.749015071166667
2,2013-09-05,0.3656125526666667,0.489995886,8.733632751083332,5.707889169,56.50876688666667,52.247538123333335,10.540681738166667
2,2013-09-06,0.18943755266666665,0.421995886,3.497799417,2.4083058356666665,57.34210022,58.747538123333335,4.644848407333334
2,2013-09-07,0.210395886,0.536095886,6.398632750333333,3.610805835666667,65.03376688666667,52.622538123333335,6.482348407333333
2,2013-09-08,0.25585421933333335,0.320595886,7.1644660836666665,4.657472502333333,59.65876688666666,72.62253812333334,8.2906817395
2,2013-09-09,0.3547625526666667,0.571195886,8.936132750833332,5.815805835666667,65.59626688666667,69.74753812333334,10.303181738666668
2,2013-09-10,0.234670886,0.406195886,7.2461327503333335,4.498722502333333,70.98376688666667,66.83087145666667,8.190681740666667
2,2013-09-11,0.222495886,0.415495886,6.387382750333334,3.6658058356666667,69.41710022,46.622538123333335,6.607348407333333
2,2013-09-12,0.3580042193333333,0.649695886,5.6402994170000005,3.3337225023333334,74.74626688666667,67.91420479,5.9948484073333335
2,2013-09-13,0.05586255266666667,0.113995886,4.326966083666666,2.6412225023333336,72.52126688666667,56.53920479000001,4.936515074
2,2013-09-14,0.2109417193333333,0.446195886,7.2844660836666675,4.909555835666667,64.85043355333333,72.24753812333334,8.790681739166667
2,2013-09-15,0.526283386,0.644095886,9.004466084166667,6.3728891690000005,53.00460022000001,90.28920479,11.374015070666667
2,2013-09-16,0.15501671933333333,0.326795886,7.218216083666667,5.289139169,49.362933553333335,79.91420479,9.590681738666667
2,2013-09-17,0.18442505266666667,0.268195886,6.372799417125001,4.226222502333333,50.63376688666667,67.91420479,7.953181740000001
2,2013-09-18,0.24277505266666666,0.249995886,4.947799417,3.169555835666667,59.896266886666666,66.37253812333334,5.832348407333334
2,2013-09-19,0.5325583859999999,0.792395886,11.527799419125001,7.443722502416667,63.487933553333335,84.99753812333334,13.686515070833332
2,2013-09-20,0.39593755266666664,0.516195886,7.692799417,4.775389168999999,56.75876688666667,58.83087145666667,8.815681739333334
2,2013-09-21,0.518520886,0.767995886,8.932382751833332,5.739139169,64.62126688666667,63.45587145666667,10.178181738166666
2,2013-09-22,0.3622875526666667,0.492495886,9.169466084791667,6.047472502333334,58.90460022,85.03920479,10.8240150715
2,2013-09-23,0.13357921933333333,0.251195886,6.962382750333333,4.813722502333333,53.62960021999999,81.03920479,9.082348406166666
2,2013-09-24,0.2924250526666667,0.350095886,8.042799417,5.576639169,49.858766886666665,93.45587145666667,9.944848404666667
2,2013-09-25,0.114308386,0.206195886,5.105299417,3.5716391689999996,47.79210022,82.33087145666667,6.669848407333333
2,2013-09-26,0.056037552666666664,0.185995886,4.113216083666667,3.004555835666667,48.45460022,80.20587145666667,5.361515074
2,2013-09-27,0.23831671933333332,0.381795886,6.759466083666666,4.085805835666666,54.88793355333333,70.16420479,7.244848406666667
2,2013-09-28,0.08923338600000001,0.198695886,5.512382750333334,3.3887225023333336,56.987933553333335,68.08087145666667,6.111515074
2,2013-09-29,0.16101671933333334,0.328795886,5.439466083666667,3.188722502333333,49.708766886666666,73.74753812333334,5.853181740666667
2,2013-09-30,0.7143292193333334,0.881695886,11.949049419749999,7.614972502416666,57.46293355333333,76.37253812333334,13.286515070833333
2,2013-10-01,0.619045886,0.784395886,9.514466085041667,6.006639169,59.771266886666666,81.78920479,10.907348405
2,2013-10-02,0.22543755266666665,0.401495886,5.612382750333333,3.5233058356666667,52.61710022,72.62253812333334,6.694848407333333
2,2013-10-03,0.322770886,0.633495886,7.66154941775,5.027055835666666,48.80460022,65.83087145666667,8.932348405333334
2,2013-10-04,0.337145886,0.615795886,7.391966084041666,4.842889169,46.93376688666667,67.83087145666667,9.019848406
2,2013-10-05,0.04286671933333333,0.139795886,3.4973827503333332,2.3633058356666665,52.708766886666666,66.20587145666667,4.257348407333334
2,2013-10-06,0.366070886,0.591995886,3.9582160836666667,2.535389169,52.76293355333333,60.91420479000001,4.428181740666667
2,2013-10-07,0.5458667193333333,0.690195886,9.714882751708332,5.817472502333334,57.74210022,53.16420479000001,10.178181738666668
2,2013-10-08,0.3279125526666667,0.399395886,8.560299417625,5.617055835666666,51.10043355333334,51.16420479000001,10.078181738666666
2,2013-10-09,0.23264171933333333,0.456295886,6.074882750333334,4.1749725023333335,40.35460022,55.83087145666667,7.678181739666667
2,2013-10-10,0.42121255266666663,0.784695886,7.534049416999999,4.520805835666667,45.97126688666666,52.497538123333335,7.890681740666667
2,2013-10-11,0.7192042193333333,0.787395886,11.234882752833334,7.098722502333334,46.79626688666667,58.16420479000001,12.319848404166665
2,2013-10-12,0.5869542193333334,0.791595886,9.990716085166666,6.349555835666667,51.521266886666666,63.497538123333335,11.194848403666667
2,2013-10-13,0.12463755266666666,0.356595886,6.001966083791667,3.4520558356666666,44.80876688666667,63.247538123333335,6.474015074
2,2013-10-14,0.279870886,0.554695886,7.0986327503333335,4.301639169,41.57126688666667,79.28920479,7.657348407166666
2,2013-10-15,0.3988000526666667,0.723795886,8.675716084291667,5.276222502333334,42.47960022,64.66420479,9.536515072166667
2,2013-10-16,0.6355167193333333,0.842695886,9.239466084416668,5.280389169,51.55460022,52.91420479000001,9.124015072333334
2,2013-10-17,0.4486292193333334,0.717995886,9.581132751833334,5.498305835666667,56.35043355333334,52.08087145666667,9.215681738833334
2,2013-10-18,0.5806625526666667,0.728495886,10.444466085416666,6.277472502333333,53.10876688666667,39.41420479,11.136515071333333
2,2013-10-19,0.44366255266666665,0.794295886,9.086132751333333,5.107889169,55.92960022,51.122538123333335,8.7865150725
2,2013-10-20,0.546558386,0.688995886,12.739882753208333,7.825389169,62.32543355333333,65.53920479,13.4365150705
2,2013-10-21,0.46727088600000005,0.745495886,11.256966085916666,7.311639169,53.34210022,63.747538123333335,13.049015070166668
2,2013-10-22,0.6906667193333332,0.753095886,10.203216085291666,6.262472502333334,50.987933553333335,43.95587145666667,10.986515072000001
2,2013-10-23,0.749345886,0.804695886,13.967382753333332,9.403722502625,47.50460022000001,57.33087145666667,16.749015070000002
2,2013-10-24,0.5659500526666666,0.762195886,10.720299418624998,6.972472502333333,44.07960022,57.497538123333335,12.528181736999999
2,2013-10-25,0.45515421933333333,0.594695886,8.79029941825,5.311222502333333,53.04210022,51.372538123333335,9.540681739166667
2,2013-10-26,0.801583386,0.859795886,16.855716086666668,11.473305836458332,38.47960022,61.28920479000001,20.869848403333332
2,2013-10-27,0.5759500526666667,0.768795886,9.806549418375,6.687472502458333,29.75460022,56.372538123333335,12.444848404333333
2,2013-10-28,0.23700005266666668,0.438595886,4.220716083791666,2.5370558356666666,34.03376688666667,59.58087145666667,4.615681740666667
2,2013-10-29,0.6402000526666667,0.829395886,11.473216086416665,7.265805835666666,42.175433553333335,66.20587145666667,12.665681737833333
2,2013-10-30,0.7519250526666666,0.819795886,13.038632752708333,8.957055836041667,29.583766886666666,57.747538123333335,16.56151507066667
2,2013-10-31,0.2785917193333333,0.392495886,6.8623827505833335,4.469139169,28.26710022,59.78920479000001,8.032348405833334
2,2013-11-01,0.20585005266666667,0.437995886,5.318632750458334,3.453305835666667,31.683766886666664,85.95587145666667,6.357348407
2,2013-11-02,0.10339588599999999,0.230395886,5.635716083666666,3.642889169,28.346266886666665,81.28920479,6.586515074
2,2013-11-03,0.3921000526666667,0.629995886,6.866132750333333,4.804139169,25.35460022,83.16420479,8.4240150725
2,2013-11-04,0.23464171933333333,0.426395886,7.308216083916666,4.735389169,30.837933553333333,84.58087145666667,8.228181740333333
2,2013-11-05,0.3110500526666667,0.504895886,6.464882750458333,4.345805835666667,21.783766886666665,70.20587145666667,8.2198484055
2,2013-11-06,0.08142921933333333,0.114195886,3.1573827503333334,2.447889169,21.362933553333335,76.12253812333334,4.490681740666667
2,2013-11-07,0.31955005266666664,0.813095886,7.093632750958332,4.577472502333333,22.850433553333332,65.78920479,8.378181738833334
2,2013-11-08,0.115545886,0.369895886,5.1402994170000005,3.4008058356666666,21.062933553333334,72.08087145666667,6.444848407333333
2,2013-11-09,0.291145886,0.537695886,5.875299417,4.174139169,13.4879335535,58.28920479000001,7.915681739833333
2,2013-11-10,0.7183042193333332,0.776595886,10.655299418875,7.154555835666667,20.137933553333333,52.33087145666667,12.644848403833334
2,2013-11-11,0.2770667193333333,0.635695886,6.485299417375,3.689972502333333,28.14210022,77.78920479,6.724015074
2,2013-11-12,0.056233385999999996,0.217495886,5.034049416999999,2.625389169,30.66710022,73.12253812333334,4.678181740666667
2,2013-11-13,0.45765838600000003,0.547595886,5.315299416999999,2.919555835666667,34.47126688666667,85.58087145666667,5.053181740666667
2,2013-11-14,0.405170886,0.579295886,8.198216084291667,4.556222502333333,38.987933553333335,79.70587145666667,7.994848406666667
2,2013-11-15,0.519145886,0.812995886,8.848216085166667,6.187889169000001,23.60460022,66.41420479,11.353181737833333
2,2013-11-16,0.3435042193333333,0.871295886,9.971549418625,6.661222502333334,27.183766886666664,69.41420479,11.911515071333334
2,2013-11-17,0.25203755266666666,0.617195886,5.266132750333333,2.8983058356666667,32.34210022,79.37253812333334,5.303181740666667
2,2013-11-18,0.43072505266666666,0.742995886,8.656132751583334,5.457472502333334,23.79626688666667,66.28920479,9.499015072166667
2,2013-11-19,0.4474625526666667,0.764995886,8.74654941775,4.963722502333334,31.86710022,62.53920479000001,8.594848406333334
2,2013-11-20,0.6999667193333333,0.841895886,12.355716086666666,7.3103891690000005,38.75876688666667,47.95587145666667,12.386515070500002
2,2013-11-21,0.5713375526666666,0.805095886,9.631966085041666,6.604139169124999,17.287933553333335,57.83087145666667,12.203181737833333
2,2013-11-22,0.4458625526666667,0.719595886,8.428216083916666,4.870805835666666,26.683766886666664,63.372538123333335,8.536515072666667
2,2013-11-23,0.350520886,0.612795886,10.3352994185,5.626639169000001,40.896266886666666,76.12253812333334,9.503181738333334
2,2013-11-24,0.732745886,0.854195886,12.383632753208333,7.345805835666667,45.31293355333333,68.03920479,13.12401507
2,2013-11-25,0.35405421933333336,0.634795886,6.966132750708333,3.720805835666667,34.69210022,78.03920479,6.6781817405
2,2013-11-26,0.45839171933333334,0.792695886,7.740716084416667,4.1366391689999995,36.69626688666667,64.12253812333334,7.265681739666667
2,2013-11-27,0.4186500526666667,0.858895886,10.659049419125,6.175805835666666,44.81710021999999,63.372538123333335,10.678181738500001
2,2013-11-28,0.647983386,0.845595886,10.35404941875,6.120805835666666,36.72126688666667,47.41420479000001,10.911515071333334
2,2013-11-29,0.8491458860000001,0.897695886,14.124882753083334,8.819555836000001,38.25876688666667,51.497538123333335,15.369848404
2,2013-11-30,0.3898875526666667,0.851995886,9.765299418125,5.714555835666666,36.333766886666666,54.78920479000001,10.144848405500001
2,2013-12-01,0.15527505266666666,0.304095886,6.771132750333333,3.671222502333334,35.31710022,60.122538123333335,6.207348407333334
2,2013-12-02,0.2836875526666667,0.409495886,7.803216083666666,4.144972502333333,35.675433553333335,58.03920479000001,6.969848407333333
2,2013-12-03,0.30188338600000003,0.349395886,6.404882750333333,3.485389169,34.80876688666667,63.95587145666667,6.078181740666667
2,2013-12-04,0.6842500526666666,0.918295886,12.828216086041666,8.288722502666667,25.66710022,81.58087145666667,14.332348404166666
2,2013-12-05,0.6946917193333334,0.887195886,11.052799419000001,7.340389169000001,18.34210022,67.78920479,12.890681737166666
2,2013-12-06,0.7423583859999999,0.921595886,10.983216085916666,7.332055835666666,15.229600220333333,69.78920479,12.711515070499999
2,2013-12-07,0.4913625526666667,0.861995886,9.835299418,6.115389169,18.867100221333335,77.16420479,10.444848405333333
2,2013-12-08,0.5845625526666667,0.822495886,10.951132751958333,7.105805835666666,28.91710022,78.41420479,12.240681738333334
2,2013-12-09,0.38669588600000004,0.818395886,8.747799418,5.531222502333333,27.62960022,72.37253812333334,9.753181738833334
2,2013-12-10,0.234233386,0.463695886,9.658632751583333,5.657889169,34.587933553333336,62.83087145666667,9.790681739166667
2,2013-12-11,0.5652542193333333,0.814995886,11.748632752458333,7.599972502541667,29.842100220000003,74.12253812333334,13.532348404333334
2,2013-12-12,0.5759250526666667,0.810595886,10.478632751958333,6.174555835666666,33.425433553333335,67.12253812333334,10.465681738333332
2,2013-12-13,0.5595042193333334,0.828395886,12.905716085916666,8.502889169291667,33.275433553333336,75.41420479,15.382348403833333
2,2013-12-14,0.2705667193333333,0.488795886,7.869466083916667,5.049555835666667,29.175433553333335,76.45587145666667,8.836515072500001
2,2013-12-15,0.17148755266666668,0.301195886,6.592382750333333,3.8374725023333336,31.76293355333333,72.08087145666667,6.624015074
2,2013-12-16,0.21296255266666667,0.402395886,6.3919660836666665,3.8228891689999998,33.521266886666666,87.03920479,6.632348407333333
2,2013-12-17,0.135583386,0.361195886,6.40029941725,3.591639169,29.975433553333332,75.58087145666667,6.115681740666666
2,2013-12-18,0.6001167193333333,0.751195886,10.496966086041667,6.182889169,33.75876688666667,70.08087145666667,10.832348404333333
2,2013-12-19,0.5506667193333333,0.846995886,8.727799418750001,5.609555835666666,28.592100220000003,62.58087145666667,10.061515071333334
2,2013-12-20,0.5646167193333334,0.746995886,8.024466083666667,5.798722502333334,17.35460022,72.91420479,10.290681738166667
2,2013-12-21,0.24757505266666668,0.536795886,5.5290494169999995,3.953305835666667,10.7962668885,70.12253812333334,7.4906817395
2,2013-12-22,0.469920886,0.552095886,8.696966084041668,5.739972502333334,17.308766886666668,63.83087145666667,10.028181738833334
2,2013-12-23,0.5989500526666667,0.719895886,9.170716084041667,5.967055835666667,14.817100220166667,62.28920479000001,10.444848405333333
2,2013-12-24,0.421608386,0.688495886,8.892382750708334,5.894139169,11.112933555,68.45587145666667,10.399015071500001
2,2013-12-25,0.5461792193333334,0.612095886,10.122382751333333,7.132889168999999,-5.462066443333334,56.872538123333335,12.765681736833335
2,2013-12-26,0.310733386,0.469095886,7.9352994169999995,5.038305835666667,-6.932899776666666,61.20587145666667,8.8823484055
2,2013-12-27,0.08113755266666667,0.146895886,5.5152994170000005,3.5724725023333335,-3.1662331103333337,69.20587145666667,6.190681740666666
2,2013-12-28,0.310383386,0.462995886,7.963632750708334,5.172472502333333,1.8879335573333333,71.03920479,9.299015072333333
2,2013-12-29,0.167433386,0.266295886,5.590299417125,3.8203891690000003,-4.741233109833334,68.20587145666667,6.974015073666667
2,2013-12-30,0.047450052666666666,0.161495886,4.507799417,2.6962225023333333,-17.07456644666667,64.58087145666667,5.465681740666667
2,2013-12-31,0.08893755266666666,0.170495886,8.286132750333334,4.619972502333334,-16.05373311283333,67.45587145666667,7.8698484073333335
2,2014-01-01,0.08070838600000001,0.182495886,6.789882750708333,3.721639169,-10.370399777833333,66.99753812333334,6.4531817405
2,2014-01-02,0.427045886,0.583795886,13.718632753333333,8.584555835666666,6.367100222166666,70.66420479,14.68651507
2,2014-01-03,0.08681671933333333,0.284195886,4.767799417,3.140805835666667,2.9504335573333336,70.33087145666667,5.799015073833334
2,2014-01-04,0.045858386,0.052095886,4.355299417,3.295389169,5.304600223666667,69.24753812333334,6.115681740666666
2,2014-01-05,0.075783386,0.283795886,5.036549417,3.579555835666667,2.3379335573333333,69.53920479,6.357348407333333
2,2014-01-06,0.5360792193333334,0.628095886,10.564466085791667,6.515805835666666,13.1462668885,73.20587145666667,11.086515070666666
2,2014-01-07,0.5873417193333333,0.685895886,11.516966086666665,6.755389169,31.008766886666667,78.87253812333334,11.515681737166666
2,2014-01-08,0.26650005266666665,0.583495886,7.1219660842916666,4.0308058356666665,29.083766886666666,80.53920479,7.099015073166666
2,2014-01-09,0.140370886,0.197695886,6.692799417,3.4999725023333332,30.450433553333337,86.49753812333334,5.919848407333333
2,2014-01-10,0.4753500526666667,0.785295886,10.302799418375,6.527055835666666,24.650433554,81.49753812333334,11.265681738
2,2014-01-11,0.7349292193333333,0.814195886,10.61904941875,6.987055835666666,-4.32873311,70.95587145666667,12.524015070833334
2,2014-01-12,0.10627088600000001,0.359295886,5.223216083666666,3.1783058356666665,-13.4870664455,71.62253812333334,5.311515074
2,2014-01-13,0.130520886,0.482395886,5.614049417,3.3741391689999998,-7.9495664445,66.70587145666667,5.749015074
2,2014-01-14,0.7524292193333334,0.813795886,11.451132752708332,7.242055835666666,7.871266889499999,76.12253812333334,12.411515071000002
2,2014-01-15,0.745658386,0.875795886,10.521132752458334,6.764972502333333,-11.141233112500002,69.62253812333334,11.953181737
2,2014-01-16,0.499583386,0.729995886,8.458632751083334,4.774139169000001,-3.391233111,64.41420479,8.099015073166667
2,2014-01-17,0.800258386,0.879995886,14.071966086666668,7.923305835666667,22.429600220500003,64.12253812333334,13.353181736666668
2,2014-01-18,0.5353167193333334,0.785195886,11.23779941925,6.246222502333333,32.49626688666667,67.58087145666667,10.640681738
2,2014-01-19,0.6118125526666667,0.756895886,10.163216085291667,5.599139169,35.91710022,72.58087145666667,9.511515072166667
2,2014-01-20,0.3949875526666667,0.687995886,8.095716083916667,4.642055835666667,33.97543355333333,75.08087145666667,7.903181740666667
2,2014-01-21,0.10787921933333333,0.261895886,4.949882750333333,2.937055835666667,27.117100219999998,79.24753812333334,5.232348407333333
2,2014-01-22,0.06415005266666667,0.114495886,5.397799417000001,4.157889169,19.812933553333334,87.83087145666667,7.694848406833334
2,2014-01-23,0.23454171933333334,0.333895886,5.472382750333334,3.5508058356666665,23.04210022,80.58087145666667,6.315681740666666
2,2014-01-24,0.15381671933333332,0.258595886,5.266549417,2.863305835666667,25.258766886666667,74.20587145666667,4.969848407333333
2,2014-01-25,0.43267505266666667,0.555895886,10.039466085541667,5.741639169,29.57960022,64.45587145666667,9.6406817385
2,2014-01-26,0.5927792193333333,0.846895886,12.5577994195,7.792889169166667,31.41710022,69.58087145666667,13.582348404166666
2,2014-01-27,0.32306255266666667,0.523695886,8.773216084166666,5.790805835666667,18.0046002205,67.37253812333334,10.3740150715
2,2014-01-28,0.09764171933333333,0.284495886,3.9448827503333335,3.021639169,4.7171002235,64.83087145666667,6.157348407333333
2,2014-01-29,0.11548755266666666,0.336195886,3.5207160836666667,2.3412225023333333,8.321266888666667,62.247538123333335,4.4323484073333335
2,2014-01-30,0.6157375526666666,0.813495886,11.265299419249999,6.738305835666666,26.050433553333335,60.28920479000001,11.715681737666666
2,2014-01-31,0.621720886,0.881495886,10.221966085541666,6.724972502333333,20.587933554333333,65.41420479,12.211515071
2,2014-02-01,0.4712125526666667,0.809195886,7.0140494175,4.874139169,-0.6787331093333333,55.122538123333335,9.099015071666667
2,2014-02-02,0.27114171933333336,0.483295886,5.4352994169999995,3.2508058356666667,10.312933555166667,49.53920479000001,5.803181740666666
2,2014-02-03,0.5401167193333333,0.769195886,8.311966083791667,5.988305835666666,3.808766890333333,67.91420479,10.707348404666668
2,2014-02-04,0.6636417193333334,0.797295886,9.079882751083334,5.989555835666667,-1.3578997763333334,52.91420479000001,10.557348405
2,2014-02-05,0.2803667193333333,0.446695886,7.982799417,5.088722502333334,1.5879335573333335,58.45587145666667,9.119848405833332
2,2014-02-06,0.277408386,0.606195886,6.940299417375001,4.356639169,3.958766889333333,61.58087145666667,7.790681740166666
2,2014-02-07,0.33855421933333335,0.723295886,6.640716083791666,4.114555835666667,5.4837668893333325,64.91420479,7.544848407
2,2014-02-08,0.21415421933333334,0.446095886,4.505716083666667,3.018722502333333,3.8212668906666667,63.95587145666667,5.874015074
2,2014-02-09,0.19590421933333335,0.589995886,6.7348827507083335,4.465389169,0.45460022399999994,62.91420479000001,7.9531817401666665
2,2014-02-10,0.5189792193333334,0.824095886,9.21529941825,5.895805835666667,2.3421002231666663,58.91420479000001,10.257348404833333
2,2014-02-11,0.30570005266666667,0.525195886,8.84154941825,5.766222502333334,7.621266889499999,64.83087145666667,10.2948484045
2,2014-02-12,0.10557921933333332,0.298595886,4.565299416999999,2.9470558356666667,0.8212668906666667,61.622538123333335,5.636515073999999
2,2014-02-13,0.6626375526666667,0.774995886,11.128216085416668,7.006222502333333,17.321266888166665,65.24753812333334,11.990681738166666
2,2014-02-14,0.6550667193333334,0.774995886,10.975299419125001,6.484139169,33.242100220000005,52.58087145666667,11.169848404666666
2,2014-02-15,0.685270886,0.847295886,9.780299418124999,6.807472502333333,15.162933554333334,66.91420479,12.119848404
2,2014-02-16,0.6079375526666667,0.803995886,10.858216086416666,6.849972502333333,14.479600221666667,52.747538123333335,11.9573484035
2,2014-02-17,0.5024958860000001,0.686595886,7.913216084166667,4.895389169,20.06710022,63.08087145666667,8.982348406
2,2014-02-18,0.6983292193333334,0.868495886,9.963216085541667,6.814139169000001,13.983766887500002,73.24753812333334,12.049015070666668
2,2014-02-19,0.688020886,0.790795886,8.824466083666666,6.380389169,4.075433557333334,63.45587145666667,11.457348403333334
2,2014-02-20,0.5635375526666667,0.638795886,7.942799417124999,5.202889169,2.9129335573333335,71.33087145666667,9.344848405833334
2,2014-02-21,0.3469542193333333,0.662595886,7.758632751333334,4.376222502333333,2.3962668898333335,63.78920479000001,7.569848407166667
2,2014-02-22,0.263395886,0.418795886,6.151966083666667,3.216639169,13.125433555,77.03920479,5.769848407333334
2,2014-02-23,0.18756671933333333,0.369095886,6.280716083791667,3.8720558356666666,13.0212668875,78.87253812333334,6.349015074
2,2014-02-24,0.5004667193333333,0.654295886,7.258216083916667,4.065805835666667,11.950433555166667,82.24753812333334,7.024015074
2,2014-02-25,0.7471250526666666,0.809995886,11.585299419625,6.8778891689999995,19.271266886666666,80.08087145666667,11.357348403666668
2,2014-02-26,0.5261750526666666,0.779795886,10.646966085416667,5.800389169,23.437933553333334,73.53920479,9.578181738166668
2,2014-02-27,0.13519588600000002,0.236295886,4.672799417,2.6674725023333337,20.971266886666665,80.62253812333334,4.028181740666667
2,2014-02-28,0.27278755266666666,0.504995886,8.444466083666667,4.628305835666667,20.81710022,81.28920479,7.407348407333333
2,2014-03-01,0.330520886,0.786795886,6.009882750333333,3.4108058356666664,20.183766886666664,81.41420479,5.536515074
2,2014-03-02,0.621983386,0.693295886,9.548216084416667,5.376639169,24.06710022,81.08087145666667,8.849015073166667
2,2014-03-03,0.4340000526666667,0.582795886,8.542382750833333,5.0587225023333335,27.19210022,90.12253812333334,8.457348407333333
2,2014-03-04,0.468908386,0.649895886,9.600716084916668,5.527055835666666,32.41293355333333,92.95587145666667,9.1740150725
2,2014-03-05,0.145658386,0.378195886,8.331549417,5.397472502333333,30.00460022,95.12253812333334,9.028181739999999
2,2014-03-06,0.2575167193333333,0.564995886,9.664049417625,6.419972502333334,22.737933553333335,88.45587145666667,10.107348405333333
2,2014-03-07,0.5174417193333333,0.564995886,9.341132751583332,6.383722502333334,17.06710022,85.53920479,10.182348404499999
2,2014-03-08,0.16739171933333333,0.363695886,4.136132750333333,2.740389169,10.021266889,88.16420479,4.407348407333333
2,2014-03-09,0.066170886,0.073195886,4.013216083666666,2.6153891689999997,15.054600221500001,89.66420479,4.094848407333333
2,2014-03-10,0.258908386,0.498895886,6.0032160836666675,3.9187225023333334,22.346266886666665,94.08087145666667,6.328181740000001
2,2014-03-11,0.2863667193333333,0.395195886,9.1202994175,5.4924725023333325,20.57960022,84.28920479,8.532348407333332
2,2014-03-12,0.160908386,0.305995886,6.767799417375,3.433305835666667,21.558766886666664,77.45587145666667,5.449015074000001
2,2014-03-13,0.3007167193333333,0.525195886,7.270299417625,4.262055835666667,19.892100220333333,67.66420479,6.3740150735
2,2014-03-14,0.28929171933333336,0.679995886,8.071549417750001,4.430805835666667,27.121266886666664,81.78920479,7.19068174
2,2014-03-15,0.29336255266666666,0.545195886,8.357382750583334,4.959972502333334,22.158766886666665,84.99753812333334,8.053181740666666
2,2014-03-16,0.359820886,0.652295886,8.204466083666667,4.472055835666667,21.900433553333333,70.37253812333334,7.090681740666667
2,2014-03-17,0.03565005266666667,0.108395886,3.600299417,2.329139169,27.19210022,72.08087145666667,3.507348407333333
2,2014-03-18,0.05930421933333333,0.088095886,4.002382750333333,2.3495558356666666,27.875433553333334,92.03920479,4.149015074
2,2014-03-19,0.011062552666666664,0.017495886,4.052382750333334,2.725389169,28.94210022,94.37253812333334,4.399015074
2,2014-03-20,0.1741667193333333,0.402895886,3.627799417,2.4933058356666664,27.500433553333334,88.70587145666667,4.3906817406666665
2,2014-03-21,0.17500005266666666,0.507095886,4.694882750333334,2.961639169,28.76710022,86.91420479,4.761515074
2,2014-03-22,0.10375421933333334,0.288695886,5.886132750333334,3.577889169,27.66710022,87.49753812333334,5.532348407333333
2,2014-03-23,0.623608386,0.819795886,11.667382753083333,7.402889169000001,28.70460022,87.41420479,12.444848403833333
2,2014-03-24,0.38090005266666666,0.797795886,9.678216084916667,6.568305835666667,28.00460022,91.87253812333334,10.953181738
2,2014-03-25,0.4454167193333333,0.788995886,9.299882751708333,6.0837225024583335,28.333766886666666,92.66420479,10.532348404833334
2,2014-03-26,0.2519250526666667,0.411295886,3.2265494169999998,2.261639169,28.14210022,94.20587145666667,3.6781817406666666
2,2014-03-27,0.46103755266666663,0.725395886,9.459049418375,4.954972502333333,33.50876688666667,80.62253812333334,8.011515073666667
2,2014-03-28,0.7177042193333333,0.891695886,9.3877994185,5.972889168999999,29.812933553333334,80.49753812333334,10.424015071666666
2,2014-03-29,0.20495421933333333,0.372595886,5.061132750458333,2.848305835666667,23.95460022,73.70587145666667,4.886515074
2,2014-03-30,0.545633386,0.718795886,6.5452994175,4.544972502333334,20.321266886666667,79.62253812333334,8.7281817395
2,2014-03-31,0.7993667193333334,0.848295886,11.240716086416667,7.449555835666666,7.55876689,73.99753812333334,12.461515069999999
2,2014-04-01,0.46026671933333335,0.777095886,7.520716084916667,4.645389169,13.154600221666668,68.45587145666667,7.499015072833333
2,2014-04-02,0.5440292193333334,0.845795886,8.70904941775,5.669555835666667,17.36293355333333,81.66420479,9.269848404833333
2,2014-04-03,0.5692500526666667,0.776795886,9.029466084666668,5.793305835666668,8.571266889333334,73.70587145666667,9.536515072
2,2014-04-04,0.18970421933333334,0.410995886,6.318632750333333,3.6433058356666668,13.096266888333332,76.20587145666667,5.782348407333333
2,2014-04-05,0.4657667193333333,0.777995886,9.177799418125,5.651222502333333,18.896266886666666,79.49753812333334,9.278181738666666
2,2014-04-06,0.7766542193333333,0.881595886,10.864466085416666,7.016639169,4.817100223833333,73.87253812333334,11.561515070833332
2,2014-04-07,0.30421671933333333,0.455495886,5.252382750458334,2.905805835666667,9.108766889166667,78.70587145666667,4.9531817406666665
2,2014-04-08,0.29804171933333334,0.415595886,8.011132750333333,5.218722502333334,17.7296002205,89.53920479,8.315681740333334
2,2014-04-09,0.11138755266666667,0.187495886,3.419882750333333,2.3458058356666665,22.996266886666664,89.74753812333334,4.049015074
2,2014-04-10,0.21105421933333335,0.323895886,7.501132750333333,3.8712225023333335,27.946266886666667,83.70587145666667,5.9948484073333335
2,2014-04-11,0.34202921933333336,0.517595886,6.119882750333333,3.552889169,30.071266886666667,85.20587145666667,5.465681740666667
2,2014-04-12,0.30716255266666664,0.584995886,7.4344660837916665,4.545389169,32.72543355333333,93.33087145666667,7.394848407333334
2,2014-04-13,0.7552250526666667,0.806795886,11.896132753333333,7.590389169000001,24.458766886666666,76.83087145666667,12.4948484035
2,2014-04-14,0.6249917193333333,0.762595886,8.900299417874999,5.503722502333333,23.47960022,66.62253812333334,9.190681739
2,2014-04-15,0.16270421933333332,0.312995886,5.965299417,3.4412225023333334,22.596266886666665,68.95587145666667,5.607348407333333
2,2014-04-16,0.22719588599999999,0.274895886,4.146966083666666,2.569139169,22.70460022083333,69.74753812333334,3.974015074
2,2014-04-17,0.197933386,0.295695886,8.339049417250001,4.661222502333334,32.26293355333333,71.24753812333334,8.403181739833334
2,2014-04-18,0.21983755266666669,0.434995886,5.792799417,3.581222502333333,37.57126688666667,62.41420479000001,6.603181739833333
2,2014-04-19,0.35028338600000003,0.471895886,3.496966083666667,2.3620558356666668,40.59210022,58.08087145666667,4.865681740666667
2,2014-04-20,0.283420886,0.524695886,7.264882750333332,4.307472502333334,41.21710022,59.70587145666667,7.628181740666666
2,2014-04-21,0.26013755266666666,0.482495886,7.6323827504583335,4.549139169,44.74210022,66.45587145666667,8.332348406
2,2014-04-22,0.5438292193333333,0.623895886,8.69154941725,5.196639169,47.06293355333333,61.747538123333335,9.178181739333334
2,2014-04-23,0.38524171933333334,0.620395886,6.504049417250001,3.827889169,50.82543355333333,58.83087145666667,7.049015073666666
2,2014-04-24,0.556833386,0.875395886,7.92904941775,5.416639169,43.62126688666667,60.247538123333335,9.999015071499999
2,2014-04-25,0.6283667193333333,0.760795886,8.654049418,5.552055835666667,46.800433553333335,48.247538123333335,9.674015072
2,2014-04-26,0.5808375526666666,0.800295886,9.489466084791667,6.068305835666667,49.333766886666666,45.622538123333335,11.124015070666667
2,2014-04-27,0.5909917193333333,0.757695886,9.537382751708334,6.264555835666666,46.41293355333334,50.33087145666667,11.2906817375
2,2014-04-28,0.33173755266666666,0.685495886,6.535716084166666,4.516222502333333,45.150433553333336,52.28920479000001,7.761515072333334
2,2014-04-29,0.7084125526666667,0.753595886,13.533632753333334,8.757055835958333,55.91710022,50.997538123333335,15.344848403333335
2,2014-04-30,0.4217542193333333,0.640695886,8.539466085041667,5.514139169,57.40876688666666,66.12253812333334,10.057348405333334
2,2014-05-01,0.09230421933333333,0.291495886,5.642382750458334,4.027889169,43.34626688666666,73.33087145666667,7.944848406666666
2,2014-05-02,0.20934171933333334,0.314795886,5.964466083666667,3.704555835666667,50.733766886666665,63.53920479000001,6.8990150733333335
2,2014-05-03,0.14364171933333333,0.252995886,4.717799417125,2.8795558356666664,55.800433553333335,43.872538123333335,5.644848407333334
2,2014-05-04,0.36956671933333335,0.654995886,7.717799417625,4.9474725023333335,60.675433553333335,40.66420479,9.0781817395
2,2014-05-05,0.25175421933333336,0.312595886,6.683216083791667,4.033305835666667,61.24626688666667,47.08087145666667,7.561515073
2,2014-05-06,0.18938338600000001,0.368795886,4.7044660836666665,3.3170558356666664,60.84626688666666,43.33087145666667,5.819848406833334
2,2014-05-07,0.3224375526666667,0.517595886,8.852799418,5.290389169,65.29626688666666,47.58087145666667,9.674015071833333
2,2014-05-08,0.20766671933333333,0.323795886,6.467382750458333,4.208305835666667,57.45460022,77.87253812333334,7.932348406833333
2,2014-05-09,0.355308386,0.800795886,7.930299417375,5.137889169,55.25460021999999,73.41420479,9.690681739333334
2,2014-05-10,0.221283386,0.540295886,6.229882750333334,4.0499725023333335,42.650433553333336,39.872538123333335,7.344848407333334
2,2014-05-11,0.07846671933333334,0.124595886,5.477799417,3.5799725023333333,44.837933553333336,46.747538123333335,6.499015074
2,2014-05-12,0.054533385999999996,0.091095886,2.8019660836666667,2.0624725023333332,48.94626688666667,63.66420479000001,3.869848407333333
2,2014-05-13,0.07578755266666666,0.108295886,4.501132750333333,2.8399725023333335,55.51710022,70.37253812333334,5.357348407333333
2,2014-05-14,0.16807921933333334,0.209895886,5.741966083666667,3.3583058356666666,61.34626688666666,59.33087145666667,6.394848407333334
2,2014-05-15,0.30027505266666665,0.428795886,6.3261327503333336,3.733722502333333,60.84626688666666,42.91420479000001,6.757348407333333
2,2014-05-16,0.3676417193333333,0.520795886,5.673216084291667,3.3633058356666665,68.17960022,55.247538123333335,6.2448484073333335
2,2014-05-17,0.09166255266666667,0.254995886,7.296966083666667,4.498722502333334,64.93793355333334,64.41420479,8.461515072666666
2,2014-05-18,0.3971792193333333,0.594495886,8.019466084291667,5.452055835666666,51.88376688666667,86.33087145666667,10.074015071666667
2,2014-05-19,0.5846208860000001,0.765595886,10.146966085291668,6.751222502333333,50.95460022,54.95587145666667,12.369848404166667
2,2014-05-20,0.06614171933333333,0.263895886,4.591132750333333,2.8549725023333337,53.45460022,50.78920479000001,5.257348407333334
2,2014-05-21,0.08008338599999999,0.158695886,4.753632750333334,3.1937225023333333,57.43793355333333,64.66420479,5.590681740666667
2,2014-05-22,0.17069171933333335,0.286795886,5.740299417,3.1995558356666667,64.25876688666666,71.08087145666667,5.874015074
2,2014-05-23,0.37244171933333337,0.634895886,7.476132750333334,4.495389169,66.77960022,78.58087145666667,8.661515072666667
2,2014-05-24,0.401008386,0.538195886,8.168216084416667,4.9024725023333335,71.60460022,64.45587145666667,9.007348406166667
2,2014-05-25,0.41225005266666664,0.516395886,7.410716083666667,4.384139169,71.87543355333334,52.872538123333335,7.9365150731666665
2,2014-05-26,0.1880625526666667,0.324595886,4.358632750333333,2.718305835666667,73.35460022,50.622538123333335,5.111515074000001
2,2014-05-27,0.4704125526666667,0.554995886,8.019882750958333,5.137055835666667,72.47960022,66.70587145666667,9.486515072
2,2014-05-28,0.200558386,0.364995886,7.239466083666667,4.466222502333333,70.33376688666667,72.03920479,8.336515073500001
2,2014-05-29,0.20700838600000002,0.421195886,7.10404941725,4.1991391689999995,69.99210022,67.49753812333334,7.9698484060000006
2,2014-05-30,0.18521255266666667,0.387195886,4.501549417,2.764972502333334,67.15460022,77.41420479,5.765681740666667
2,2014-05-31,0.077608386,0.230195886,4.881966083666667,3.058305835666667,67.94626688666666,72.70587145666667,5.715681740666667
2,2014-06-01,0.389545886,0.738195886,10.699466085416667,6.860389169125,69.36710022,71.16420479,12.7823484045
2,2014-06-02,0.684020886,0.778995886,11.9077994195,8.070805835875001,60.396266886666666,61.41420479000001,14.478181737166667
2,2014-06-03,0.45426255266666665,0.745895886,8.459882751458332,5.637472502333334,60.30460022,56.70587145666667,10.424015071
2,2014-06-04,0.35754588600000003,0.722195886,6.31779941725,3.6312225023333333,69.32126688666666,54.997538123333335,6.5698484065
2,2014-06-05,0.2869250526666667,0.382895886,7.311549417125001,4.672889169,69.72960022,65.91420479,8.249015073666667
2,2014-06-06,0.24047505266666666,0.329795886,6.842799417125001,4.555389169000001,65.80460022,61.122538123333335,8.649015072666666
2,2014-06-07,0.3339625526666667,0.491895886,6.820299417,4.044139169,65.20876688666667,51.41420479000001,7.111515073666666
2,2014-06-08,0.2258042193333333,0.397995886,6.116966083791667,3.8391391689999996,69.13793355333333,68.53920479,7.1698484071666675
2,2014-06-09,0.26658338600000003,0.356195886,5.931549417,3.6233058356666668,74.61710022,61.91420479000001,7.1531817405
2,2014-06-10,0.5535667193333333,0.754295886,11.325299418999998,7.5916391690000005,72.72126688666667,67.24753812333334,13.4698484045
2,2014-06-11,0.16485005266666666,0.310495886,6.947799417,4.525805835666667,62.958766886666666,73.62253812333334,9.219848405666667
2,2014-06-12,0.234858386,0.375995886,6.88779941725,4.422889169,59.84210022,56.997538123333335,8.161515072666667
2,2014-06-13,0.2718792193333333,0.497995886,7.516549417,4.693722502333333,63.112933553333335,52.41420479000001,8.444848406333334
2,2014-06-14,0.5270125526666667,0.647095886,8.661132750958332,5.492055835666666,71.66293355333333,67.24753812333334,10.178181739000001
2,2014-06-15,0.4539542193333333,0.735195886,8.597382750708332,5.717889169,72.86293355333333,65.66420479,10.324015071333333
2,2014-06-16,0.38678755266666665,0.542295886,8.426549417125,5.699972502333334,68.04210022,69.74753812333334,10.553181737833333
2,2014-06-17,0.3231500526666667,0.416795886,8.704466084041668,5.829139169,62.775433553333336,73.20587145666667,10.815681738
2,2014-06-18,0.33473338599999997,0.583695886,6.699466083666667,4.184972502333333,63.63376688666667,62.872538123333335,7.611515073
2,2014-06-19,0.07163755266666667,0.111995886,5.424882750333333,3.5995558356666666,66.15460022,67.08087145666667,6.686515074
2,2014-06-20,0.12867921933333334,0.256995886,5.163632750333334,3.319139169,66.60876688666666,61.78920479000001,5.724015074
2,2014-06-21,0.09182505266666667,0.250695886,4.680716083666667,2.9141391690000003,71.30460022,52.747538123333335,5.169848407333333
2,2014-06-22,0.103445886,0.221295886,3.4394660836666664,2.7158058356666666,70.67126688666666,65.41420479,4.924015074000001
2,2014-06-23,0.08784171933333333,0.189095886,4.662799417,3.0299725023333335,67.50043355333334,71.95587145666667,6.157348406833333
2,2014-06-24,0.10402505266666667,0.139295886,6.074049417,3.9320558356666666,64.42960022,89.49753812333334,7.607348406666667
2,2014-06-25,0.2534417193333333,0.522295886,6.601966083666667,4.489555835666667,67.45043355333333,83.95587145666667,8.315681739
2,2014-06-26,0.03472921933333333,0.108795886,4.621966083666667,2.839555835666667,68.89210022,74.58087145666667,5.365681740666667
2,2014-06-27,0.137533386,0.297595886,5.801966083666667,3.5891391689999996,73.43376688666667,63.122538123333335,6.615681740333334
2,2014-06-28,0.37122088599999997,0.807095886,6.623632750583333,4.052472502333333,75.67960022,70.53920479,7.290681740499999
2,2014-06-29,0.12496255266666667,0.225195886,6.861966084166667,4.677472502333333,73.37960022,75.99753812333334,9.157348405666667
2,2014-06-30,0.17512921933333334,0.304295886,5.901966083666667,4.156639169,68.19626688666666,69.41420479,7.719848406333334
2,2014-07-01,0.064620886,0.178995886,4.944466083666667,3.331222502333333,69.02960022,59.247538123333335,6.3115150731666665
2,2014-07-02,0.132258386,0.272395886,5.8277994170000005,3.542889169,70.50876688666666,64.08087145666667,6.653181740666667
2,2014-07-03,0.246808386,0.508895886,5.454049417,3.7803891689999998,72.86710022,79.95587145666667,7.707348406833333
2,2014-07-04,0.268858386,0.419495886,7.707382750833333,5.019555835666666,71.98793355333333,67.28920479,9.594848405333334
2,2014-07-05,0.07267505266666667,0.139495886,4.331549417000001,2.582889169,67.50460022,61.58087145666667,5.174015074000001
2,2014-07-06,0.3213917193333333,0.514295886,8.671132751083332,5.558722502333333,69.93376688666667,74.78920479,9.899015071833334
2,2014-07-07,0.444483386,0.529295886,11.0890494195,7.256639169,79.91710022,68.37253812333334,12.769848403833334
2,2014-07-08,0.12690421933333332,0.219095886,7.1507160844166675,4.6316391690000005,78.22126688666667,70.45587145666667,9.294848405333333
2,2014-07-09,0.154483386,0.469995886,6.076549417,3.830389169,73.91293355333333,66.37253812333334,7.028181740666667
2,2014-07-10,0.466145886,0.771595886,9.274049418125001,6.007055835666667,75.53376688666667,70.37253812333334,10.874015071999999
2,2014-07-11,0.341058386,0.507395886,7.490299418125001,4.742472502333333,80.41710022,62.747538123333335,8.682348405499999
2,2014-07-12,0.054000052666666666,0.106295886,3.527382750333333,2.0524725023333334,73.72960022,60.95587145666667,4.5156817406666665
2,2014-07-13,0.19190005266666665,0.331295886,3.914466083666667,2.257889169,74.78793355333333,61.08087145666667,4.407348407333333
2,2014-07-14,0.38704588599999995,0.433895886,8.140299417,5.111222502333333,77.07543355333333,59.45587145666667,9.015681739
2,2014-07-15,0.20467505266666666,0.394495886,6.257382750333334,4.370389169,69.26710021999999,57.16420479000001,7.919848406333333
2,2014-07-16,0.134545886,0.275895886,4.866132750333334,3.209139169,69.65043355333333,63.78920479000001,5.844848407333333
2,2014-07-17,0.10927921933333333,0.154895886,4.964049417,3.204555835666667,68.59210022,66.62253812333334,6.124015074
2,2014-07-18,0.10621255266666667,0.164795886,6.380299417,4.025805835666667,70.75043355333334,75.24753812333334,7.236515073166667
2,2014-07-19,0.33732088600000004,0.607595886,7.005716084416666,4.913722502333333,67.69210022,86.03920479,9.303181738166666
2,2014-07-20,0.12772921933333334,0.249295886,5.786549417,3.955389169,67.12543355333334,79.87253812333334,7.278181739833333
2,2014-07-21,0.11928338599999999,0.306195886,4.382799417,3.145389169,65.35043355333333,81.99753812333334,5.6198484073333335
2,2014-07-22,0.333770886,0.526795886,6.7861327503333335,4.397889169,69.73376688666667,82.58087145666667,8.011515072833333
2,2014-07-23,0.2096042193333333,0.379995886,7.151966083666667,4.399139169000001,67.77126688666667,60.997538123333335,7.957348406
2,2014-07-24,0.05116671933333333,0.091095886,3.8807160836666665,2.2920558356666665,69.52126688666667,65.95587145666667,4.569848407333334
2,2014-07-25,0.26047921933333334,0.596395886,7.568216083916667,5.0099725023333335,65.12543355333334,69.41420479,9.553181739000001
2,2014-07-26,0.19827921933333334,0.372695886,7.149466083666667,4.671639169,59.88376688666667,73.87253812333334,8.474015072666667
2,2014-07-27,0.11682505266666666,0.138695886,3.881549417,2.564139169,63.362933553333335,68.78920479,4.728181740666667
2,2014-07-28,0.05765005266666667,0.088195886,1.7615494170000001,1.6766391690000002,65.51710021999999,68.12253812333334,3.2656817406666665
2,2014-07-29,0.02865421933333333,0.041895886,2.065299417,1.749139169,66.30460022,69.87253812333334,3.474015074
2,2014-07-30,0.021425052666666666,0.035095886,2.741549417,2.087889169,67.55460022,66.83087145666667,3.849015074
2,2014-07-31,0.144995886,0.244495886,8.318632750458333,5.110389169,72.11293355333333,60.28920479000001,9.115681739000001
2,2014-08-01,0.158545886,0.285195886,6.252799416999999,4.341222502333333,60.46293355333333,71.99753812333334,8.190681739666667
2,2014-08-02,0.24327088600000002,0.350395886,7.152799417,4.553722502333334,63.30460022,74.62253812333334,8.144848406333333
2,2014-08-03,0.253158386,0.497795886,6.1227994169999995,3.5608058356666668,72.40876688666667,78.03920479,6.628181740666666
2,2014-08-04,0.29383755266666667,0.622995886,6.870716083666667,4.107472502333334,74.42126688666666,56.03920479000001,7.507348407333333
2,2014-08-05,0.21209171933333335,0.413395886,5.575716083666666,3.3970558356666665,72.08793355333333,55.997538123333335,6.274015074
2,2014-08-06,0.061958386,0.126195886,3.4536327503333335,2.2020558356666666,67.33793355333334,79.83087145666667,5.399015074
2,2014-08-07,0.10783755266666667,0.244995886,4.261966083666667,2.625389169,72.10460022,63.622538123333335,4.707348407333334
2,2014-08-08,0.21942921933333334,0.461895886,6.664466084291667,3.886639169,76.45043355333333,52.53920479000001,6.986515073500001
2,2014-08-09,0.16556671933333333,0.264995886,3.4432160836666665,2.1883058356666667,74.48376688666666,59.41420479000001,4.290681740666667
2,2014-08-10,0.21476255266666666,0.308195886,4.596132750333333,2.5595558356666666,76.41710022,62.622538123333335,4.865681740666667
2,2014-08-11,0.08356671933333333,0.183795886,5.700716083666666,3.686222502333333,75.47543355333333,73.62253812333334,6.1823484073333335
2,2014-08-12,0.31196255266666667,0.602795886,9.446966084541666,5.836639169000001,79.85043355333333,59.997538123333335,9.986515071833333
2,2014-08-13,0.5005917193333334,0.611595886,8.0252994185,5.194555835666667,76.64626688666667,56.53920479000001,9.649015071833334
2,2014-08-14,0.17290005266666666,0.353395886,5.8157160836666675,3.9487225023333337,64.03793355333333,66.20587145666667,7.4531817401666665
2,2014-08-15,0.013145886,0.032395886,2.8457160836666664,1.9395558356666667,65.17126688666667,63.622538123333335,3.7698484073333334
2,2014-08-16,0.09750421933333332,0.197695886,2.6777994169999997,1.9783058356666665,70.69210022,69.20587145666667,3.7323484073333333
2,2014-08-17,0.31093338600000003,0.415195886,2.9194660836666664,2.0237225023333334,70.78793355333333,65.03920479,3.8115150740000003
2,2014-08-18,0.262695886,0.460495886,7.099882750333333,4.412472502333333,73.24210022,68.03920479,8.336515072666666
2,2014-08-19,0.29810421933333336,0.375995886,7.756132750958333,5.176222502333333,64.22543355333333,78.41420479,9.582348405166668
2,2014-08-20,0.25632505266666666,0.371995886,7.865716083666666,4.940805835666667,60.66710022,62.497538123333335,8.890681739
2,2014-08-21,0.09033755266666667,0.261895886,4.953216083666667,2.952472502333333,63.19626688666667,55.83087145666667,5.424015074
2,2014-08-22,0.22639171933333335,0.369295886,7.566132750708333,4.589139169,66.20043355333333,54.66420479000001,8.107348407
2,2014-08-23,0.19099171933333334,0.486495886,7.637799417375,4.972472502333333,66.59210022,78.62253812333334,9.236515072833333
2,2014-08-24,0.05821671933333333,0.098695886,5.064466083666667,3.5395558356666665,66.15460022,86.24753812333334,6.8031817405
2,2014-08-25,0.11377921933333333,0.177495886,4.773216083666667,3.0433058356666667,68.70460022,75.28920479,5.9031817405
2,2014-08-26,0.264608386,0.458795886,7.019466083666667,4.646639169,62.81293355333333,91.33087145666667,9.199015073
2,2014-08-27,0.14110421933333334,0.211395886,6.858216083666666,4.876222502333333,57.61710022,83.41420479,9.186515071833334
2,2014-08-28,0.053154219333333336,0.124995886,4.206966083666667,3.0683058356666666,54.296266886666665,79.28920479,5.836515074
2,2014-08-29,0.36933338600000004,0.584895886,5.805299417125,3.6041391689999998,60.07960022,70.28920479,6.353181740666667
2,2014-08-30,0.480845886,0.678195886,10.066966085291666,6.457055835666666,68.12543355333334,71.37253812333334,11.399015071
2,2014-08-31,0.14522505266666666,0.254395886,5.895299417125,3.404139169,69.69210022,71.62253812333334,6.478181740666667
2,2014-09-01,0.140608386,0.246195886,6.325716083916667,3.767055835666667,64.92543355333333,61.16420479000001,7.411515073166666
2,2014-09-02,0.07972921933333334,0.148395886,5.656549417250001,3.8041391690000004,61.23376688666667,68.33087145666667,7.257348406333333
2,2014-09-03,0.18002921933333335,0.260595886,7.274466083666667,4.528305835666667,64.60043355333333,73.95587145666667,7.744848406166667
2,2014-09-04,0.19586255266666666,0.319995886,7.719882750333333,4.908722502333333,65.20460022,71.99753812333334,8.749015073333334
2,2014-09-05,0.33531671933333335,0.372695886,5.646132750333333,3.796639169,56.72960022,61.58087145666667,6.765681740666667
2,2014-09-06,0.32711255266666667,0.401495886,7.700299417,4.516639169,60.15876688666666,59.622538123333335,7.899015072666667
2,2014-09-07,0.35040005266666663,0.464295886,8.51529941725,5.299555835666666,63.60876688666667,65.08087145666667,9.257348405666667
2,2014-09-08,0.5313208859999999,0.642695886,10.574466085916667,6.889139169,63.26293355333333,58.53920479000001,11.9656817375
2,2014-09-09,0.33936671933333334,0.542495886,9.356132751708333,5.965389169000001,66.67960022,72.12253812333334,11.324015071
2,2014-09-10,0.069758386,0.278795886,5.438216083666667,3.1174725023333334,65.36710022,72.12253812333334,5.711515074
2,2014-09-11,0.4521792193333333,0.592895886,9.067799418,5.474555835666667,68.70043355333333,71.66420479,9.632348405333333
2,2014-09-12,0.43653755266666666,0.617095886,9.63029941775,6.232472502333334,65.18376688666667,69.12253812333334,11.053181738
2,2014-09-13,0.2492417193333333,0.425895886,7.900716084291666,5.183722502416667,68.37543355333334,75.03920479,9.799015073
2,2014-09-14,0.28043755266666665,0.501395886,7.304049417000001,4.807889169,61.112933553333335,76.66420479,8.607348406666667
2,2014-09-15,0.16902921933333334,0.406195886,7.116549417000001,4.690805835666667,63.75876688666667,89.12253812333334,8.499015073333334
2,2014-09-16,0.5011625526666666,0.698595886,10.721132752083333,6.757889168999999,72.83376688666667,65.24753812333334,11.894848404833333
2,2014-09-17,0.14671671933333333,0.286795886,5.894466083666667,3.896639169,52.01293355333333,82.70587145666667,7.399015073666667
2,2014-09-18,0.137045886,0.173795886,5.3486327503333335,3.2628891689999997,52.237933553333335,81.66420479,6.1448484070000005
2,2014-09-19,0.22536671933333333,0.335695886,7.550716083666667,4.8658058356666665,53.75043355333333,82.20587145666667,8.644848406
2,2014-09-20,0.46470838600000003,0.759895886,9.1590494175,6.0308058356666665,49.150433553333336,90.16420479,10.424015071833333
2,2014-09-21,0.3932542193333333,0.707095886,6.906549417625,4.609972502333333,47.55460022,68.53920479,8.774015072
2,2014-09-22,0.24118755266666667,0.652395886,8.185716084541667,5.201639169,54.03376688666666,71.87253812333334,9.403181738999999
2,2014-09-23,0.241145886,0.284795886,7.736132750333333,5.141222502333333,49.87960022000001,88.66420479,9.115681739666668
2,2014-09-24,0.07703755266666666,0.188895886,6.301132750458334,4.104555835666667,50.45043355333333,80.62253812333334,7.669848406666667
2,2014-09-25,0.06735005266666667,0.207495886,6.522382750583334,4.2999725023333335,47.77960022,82.74753812333334,8.1740150725
2,2014-09-26,0.34286255266666665,0.468595886,8.639882750958334,5.333305835666667,51.27960022,66.53920479,9.690681739166667
2,2014-09-27,0.3736500526666667,0.674995886,8.244882750583335,5.3224725023333335,48.15460022,64.12253812333334,9.5948484055
2,2014-09-28,0.30051671933333335,0.466995886,7.318216083916667,4.819555835666667,40.37543355333333,57.33087145666667,8.844848405666667
2,2014-09-29,0.155558386,0.186895886,4.705299417,3.160389169,38.837933553333336,77.16420479,5.719848407333333
2,2014-09-30,0.10587505266666668,0.179095886,4.5952994170000006,3.112472502333333,39.10043355333333,81.08087145666667,5.749015074
2,2014-10-01,0.16143338599999998,0.272495886,5.594882750333333,3.612472502333333,41.487933553333335,82.45587145666667,6.632348407333333
2,2014-10-02,0.3369542193333333,0.418195886,7.9544660836666665,4.868305835666667,49.69210022000001,85.99753812333334,8.699015072666667
2,2014-10-03,0.349645886,0.755995886,8.959466084791666,5.968305835875,44.87543355333333,83.33087145666667,11.6073484055
2,2014-10-04,0.14650421933333332,0.438295886,5.994466083666667,3.9495558356666667,34.117100220000005,77.24753812333334,7.469848407
2,2014-10-05,0.12369588599999999,0.139295886,4.7894660836666665,3.440805835666666,36.34626688666667,92.78920479,6.315681740666666
2,2014-10-06,0.023070886,0.077995886,4.136549417,2.861639169,34.829600219999996,82.08087145666667,5.669848407333333
2,2014-10-07,0.037187552666666665,0.091195886,4.117382750333333,3.1524725023333335,34.56710022,86.28920479,6.015681740666667
2,2014-10-08,0.16708755266666667,0.276595886,6.708216083666667,4.635389169,34.51293355333333,98.83087145666667,8.157348407333332
2,2014-10-09,0.3520042193333333,0.565995886,9.570299418125,6.582472502333334,36.400433553333336,95.12253812333334,11.419848404833333
2,2014-10-10,0.626395886,0.664995886,12.888632753333333,8.470389169,30.650433553333333,93.45587145666667,14.678181736666666
2,2014-10-11,0.26995421933333336,0.557595886,7.073632750458334,4.390389169,28.258766886666667,79.70587145666667,7.861515073500001
2,2014-10-12,0.17937505266666667,0.400095886,7.493216084166666,4.0620558356666665,34.47126688666667,78.58087145666667,6.994848406833333
2,2014-10-13,0.4200250526666667,0.596895886,11.251132752208333,7.3478891690833334,36.796266886666665,65.08087145666667,12.986515071
2,2014-10-14,0.3567667193333333,0.438395886,9.504466084791666,6.434139169000001,29.20043355333333,63.70587145666667,11.4448484045
2,2014-10-15,0.45157505266666664,0.650395886,9.659466085166667,5.882055835666667,36.079600219999996,60.16420479000001,10.344848405
2,2014-10-16,0.5474583860000001,0.634095886,9.343632751458333,5.557472502333333,41.087933553333336,65.66420479,10.011515072
2,2014-10-17,0.12576671933333333,0.394995886,5.530299417375001,3.188722502333333,40.421266886666665,71.37253812333334,5.624015074
2,2014-10-18,0.5125042193333333,0.649495886,10.289466085291666,5.917055835666667,53.837933553333336,61.997538123333335,10.169848405166666
2,2014-10-19,0.6542375526666667,0.705395886,12.269466086666666,7.749972502333333,49.75460022000001,53.247538123333335,13.461515070499999
2,2014-10-20,0.25156671933333336,0.585895886,7.582799418,4.859972502333333,35.329600219999996,58.122538123333335,9.203181739
2,2014-10-21,0.29053755266666664,0.615695886,8.89279941825,5.2720558356666665,44.233766886666665,57.247538123333335,9.194848405166667
2,2014-10-22,0.297258386,0.574595886,7.939049417124999,4.464555835666666,43.06293355333333,56.95587145666667,7.807348406666667
2,2014-10-23,0.07077505266666667,0.288695886,5.257382750333333,3.326639169,35.25460022,69.78920479,5.582348407333334
2,2014-10-24,0.45486671933333334,0.509995886,10.825716085916667,6.684139169000001,45.00043355333333,68.87253812333334,11.469848403999999
2,2014-10-25,0.20496671933333332,0.372795886,6.51404941725,3.8978891690000004,49.54210022,82.12253812333334,7.032348406833333
2,2014-10-26,0.12307921933333332,0.257195886,7.435299417,4.226222502333333,47.396266886666666,69.20587145666667,7.311515074
2,2014-10-27,0.21667088599999998,0.496195886,9.398632751583333,5.815389169083333,46.18793355333333,72.99753812333334,10.182348405499999
2,2014-10-28,0.3473792193333333,0.592795886,7.464882751208333,4.9024725023333335,43.18793355333333,60.03920479000001,8.782348405333334
2,2014-10-29,0.120108386,0.222595886,5.6715494170000005,3.5487225023333333,42.117100220000005,73.74753812333334,6.919848406666667
2,2014-10-30,0.2863667193333333,0.428795886,8.68779941725,5.158305835666667,43.36710022,70.58087145666667,8.919848406666667
2,2014-10-31,0.10245005266666667,0.219495886,6.2902994171249995,3.956222502333333,39.25876688666667,77.12253812333334,7.24068174
2,2014-11-01,0.070520886,0.140595886,3.900299417,2.2520558356666665,36.771266886666666,84.99753812333334,3.9531817406666665
2,2014-11-02,0.025595886,0.078995886,4.611549417,3.142889169,36.70043355333333,91.58087145666667,5.482348407333333
2,2014-11-03,0.09247505266666667,0.136295886,6.646549417,4.638305835666666,33.47543355333333,94.99753812333334,7.849015074
2,2014-11-04,0.026337552666666667,0.059895886,4.377382750333333,3.1224725023333337,34.708766886666666,91.66420479,5.528181740666667
2,2014-11-05,0.08942088599999999,0.332495886,5.738632750458333,3.8408058356666666,34.10460022,93.28920479,6.7073484065
2,2014-11-06,0.635833386,0.739395886,12.238216086666666,8.469972502416667,26.054600219999998,70.28920479,14.957348403333334
2,2014-11-07,0.28815421933333335,0.514395886,7.2952994176249994,5.307889169,19.17960022,64.33087145666667,9.857348404833333
2,2014-11-08,0.175858386,0.338395886,5.504466083666667,4.081639169,17.900433553333333,56.122538123333335,7.54068174
2,2014-11-09,0.346783386,0.560895886,7.133216083916667,5.0428891689999995,12.5171002205,61.33087145666667,9.540681738666667
2,2014-11-10,0.37773755266666664,0.567695886,8.456132751083333,5.837889169,18.6379335535,67.33087145666667,10.361515071833333
2,2014-11-11,0.4430500526666667,0.613295886,9.361966084666667,6.688722502333333,19.36710022,63.78920479000001,11.936515070166665
2,2014-11-12,0.16933755266666664,0.350195886,6.099466083666667,4.274139169000001,14.162933553333334,65.08087145666667,7.878181739833334
2,2014-11-13,0.08447921933333334,0.412895886,4.556966083666667,2.6224725023333333,24.112933553333335,73.12253812333334,4.728181740666667
2,2014-11-14,0.634520886,0.756895886,9.905716085166667,5.484972502333334,37.77960022,62.16420479000001,9.215681739166667
2,2014-11-15,0.6841292193333333,0.750095886,10.826549419374999,6.572889169,36.06710022,76.78920479,11.424015071166666
2,2014-11-16,0.3078625526666667,0.460795886,5.941132750333334,4.270805835666667,22.56710022,83.95587145666667,7.5781817395
2,2014-11-17,0.23841255266666664,0.410295886,6.869882750583333,4.6212225023333335,10.767100221333335,72.45587145666667,8.332348406666666
2,2014-11-18,0.31164171933333334,0.526995886,7.907799418250001,4.939139169,23.037933553333332,77.12253812333334,8.549015071833333
2,2014-11-19,0.18423755266666667,0.455995886,4.764466083666667,3.548305835666667,11.037933555333334,72.03920479,6.778181740666667
2,2014-11-20,0.29496671933333335,0.611895886,8.539882751458334,5.307055835666667,28.47960022,84.41420479,9.265681738666666
2,2014-11-21,0.021600052666666664,0.025795886,5.734882750333333,3.9862225023333333,22.25460022,82.45587145666667,7.1823484073333335
2,2014-11-22,0.041258386,0.126295886,6.769882750333333,4.107472502333334,28.60876688666667,88.37253812333334,7.0573484073333335
2,2014-11-23,0.26787088600000003,0.395995886,8.165299417249999,4.485805835666667,33.96710022,77.12253812333334,7.486515073166667
2,2014-11-24,0.26316255266666666,0.348295886,8.264466083791666,5.657055835666667,25.06710022,83.87253812333334,9.924015071666666
2,2014-11-25,0.14650421933333332,0.315495886,6.038216083666666,4.404555835666667,18.48376688666667,69.74753812333334,8.286515073666667
2,2014-11-26,0.14475005266666666,0.265495886,5.221966083666667,3.639972502333333,10.467100222166666,68.78920479,6.778181740666667
2,2014-11-27,0.08957505266666667,0.206995886,4.604882750333333,3.183305835666667,14.408766888,71.33087145666667,5.836515074
2,2014-11-28,0.13648755266666668,0.176095886,7.665716083791668,4.832472502333333,25.67126688666667,85.99753812333334,8.411515073833334
2,2014-11-29,0.078745886,0.112095886,6.593632750333334,3.938722502333333,31.062933553333334,88.95587145666667,6.8698484073333335
2,2014-11-30,0.06883755266666666,0.142895886,6.039466083666667,3.5808058356666668,30.225433553333332,95.33087145666667,6.332348407333334
2,2014-12-01,0.026858386,0.052295886,8.044466083916667,5.477055835666667,26.271266886666666,95.24753812333334,9.590681738333334
2,2014-12-02,0.028966719333333335,0.052895886,8.467382750708333,6.1228891690000005,19.36293355333333,84.12253812333334,10.961515071
2,2014-12-03,0.016520886,0.016895886,3.5186327503333334,2.5770558356666666,20.350433553333332,74.58087145666667,4.986515074000001
2,2014-12-04,0.020520886,0.041195886,6.608216083666666,4.057055835666667,26.783766886666665,78.66420479,7.0906817405
2,2014-12-05,0.064333386,0.068395886,5.581132750333333,3.485805835666667,19.69210022,76.95587145666667,6.4906817405
2,2014-12-06,0.15133755266666668,0.276995886,5.115299417,3.452472502333334,14.221266887,69.12253812333334,6.419848407333333
2,2014-12-07,0.18386255266666665,0.357495886,5.791966083666666,3.4649725023333335,16.037933553333335,76.95587145666667,5.949015073999999
2,2014-12-08,0.35904171933333334,0.682895886,7.558216084166666,4.2566391690000005,19.56710022,76.41420479,7.2531817405000005
2,2014-12-09,0.25931671933333333,0.482495886,7.654466083666667,4.481222502333334,19.05460022,74.12253812333334,7.603181740666667
2,2014-12-10,0.29804171933333334,0.684795886,7.924466085041666,4.708305835666667,26.271266886666666,66.28920479,7.978181739
2,2014-12-11,0.112808386,0.146495886,6.326966083666666,3.5095558356666667,28.29626688666667,78.49753812333334,5.782348407333333
2,2014-12-12,0.240083386,0.441295886,7.073216083791666,3.9512225023333336,28.383766886666667,85.58087145666667,6.724015074
2,2014-12-13,0.5051042193333334,0.635595886,10.758632752458333,6.504139168999999,33.35460022,70.53920479,11.169848403833333
2,2014-12-14,0.6095000526666666,0.730095886,9.808216084916667,5.345389169,34.837933553333336,59.247538123333335,9.065681739833334
2,2014-12-15,0.7069500526666667,0.762395886,12.021966086666666,6.806639169,37.30876688666667,56.78920479000001,11.515681737500001
2,2014-12-16,0.37832505266666666,0.730995886,8.814466085041667,5.332055835666667,32.00876688666667,63.41420479000001,9.282348404666667
2,2014-12-17,0.25482505266666666,0.415895886,6.275299417,3.537889169,25.85876688666667,73.03920479,5.986515074
2,2014-12-18,0.29182505266666664,0.575795886,7.348632750708333,3.938722502333333,34.80876688666667,68.74753812333334,6.474015074
2,2014-12-19,0.6404750526666666,0.775795886,11.72904941975,7.030389169,36.87543355333333,74.49753812333334,11.986515071166666
2,2014-12-20,0.369758386,0.695495886,7.994466084791667,5.183305835666666,28.333766886666666,83.16420479,9.203181738166666
2,2014-12-21,0.09245005266666667,0.306895886,6.623632750458333,4.271639169,24.92126688666667,92.20587145666667,7.419848407333333
2,2014-12-22,0.4910292193333334,0.593795886,10.906966085541667,6.984139169,28.175433553333335,74.66420479,12.3490150705
2,2014-12-23,0.3539625526666667,0.603995886,7.236132750958333,4.970805835666667,19.850433553333335,69.58087145666667,9.057348405166666
2,2014-12-24,0.069770886,0.096995886,5.506549417,3.4449725023333335,18.900433553333333,76.33087145666667,5.940681740666666
2,2014-12-25,0.039383386,0.066395886,4.821966083666667,3.407472502333333,15.454600220000001,74.78920479,6.1823484073333335
2,2014-12-26,0.19513755266666666,0.289895886,6.432799416999999,4.557889169,13.321266887666667,79.41420479,8.090681740333332
2,2014-12-27,0.47085005266666663,0.700595886,13.497382752708333,8.61163916925,10.9212668885,85.24753812333334,14.119848404
2,2014-12-28,0.3669667193333333,0.637495886,9.712382751833333,6.089972502375001,-3.1578997760000003,78.99753812333334,10.4156817385
2,2014-12-29,0.46462505266666665,0.593195886,11.314049419749999,6.412472502333333,8.4754335555,77.53920479,10.269848404666666
2,2014-12-30,0.16613755266666666,0.287495886,8.626966084666666,4.984139169,24.275433553333333,86.62253812333334,8.332348406
2,2014-12-31,0.5471375526666666,0.698395886,13.060716086416667,8.438722502416667,-2.6245664438333334,75.53920479,14.028181737166667
2,2015-01-01,0.328233386,0.519995886,9.246132751708332,5.547889169,-7.5120664445,70.12253812333334,8.9031817395
2,2015-01-02,0.594095886,0.654995886,11.186966085791667,6.613305835666666,20.812933554,82.41420479,10.782348405
2,2015-01-03,0.6688167193333333,0.706695886,12.93529942,7.425805835666666,33.208766886666666,80.37253812333334,12.165681736666668
2,2015-01-04,0.531995886,0.640195886,12.131549419875,6.686222502333333,35.45043355333333,79.74753812333334,10.928181736833332
2,2015-01-05,0.28205421933333336,0.555595886,8.557799418375,5.045389169,30.600433553333332,86.12253812333334,8.4865150725
2,2015-01-06,0.030375052666666666,0.055995886,9.5077994185,5.912889169,23.70460022,95.58087145666667,10.115681738166666
2,2015-01-07,0.18171255266666667,0.433695886,9.810299418625,5.659555835666667,31.31710022,84.03920479,9.382348405666667
2,2015-01-08,0.6103458860000001,0.664995886,15.335716086666666,9.95122250275,17.021266887166664,74.91420479,17.11151507
2,2015-01-09,0.21740421933333332,0.527295886,6.3665494176249995,4.052055835666667,3.604600224,75.08087145666667,7.340681739833333
2,2015-01-10,0.20215005266666666,0.282095886,6.6490494170000005,3.866222502333333,10.879600221833334,83.12253812333334,6.624015074
2,2015-01-11,0.23651671933333332,0.372995886,6.489882750333333,3.955389169,16.150433553333333,84.45587145666667,6.694848407333333
2,2015-01-12,0.19902505266666667,0.313395886,3.9332160836666668,2.4687225023333332,14.654600220166666,86.24753812333334,4.294848407333333
2,2015-01-13,0.044591719333333335,0.074695886,8.016549417,4.597889169,20.81710022,88.37253812333334,7.611515073666666
2,2015-01-14,0.038570886,0.042695886,4.199466083666667,2.6758058356666665,18.975433553333332,91.49753812333334,4.690681740666666
2,2015-01-15,0.150395886,0.333195886,10.2590494185,6.672889169,19.937933553833332,86.74753812333334,11.632348404166668
2,2015-01-16,0.098933386,0.248795886,3.8157160836666666,2.422889169,-1.1953997760000001,80.95587145666667,4.207348407333334
2,2015-01-17,0.03720421933333334,0.059395886,4.6765494169999995,2.968305835666667,10.054600221833333,83.33087145666667,5.086515074
2,2015-01-18,0.137308386,0.209395886,5.8990494170000005,4.387889169,-2.0495664430000002,79.28920479,7.574015073666668
2,2015-01-19,0.14504588599999998,0.146795886,2.6507160836666666,2.2262225023333335,-8.2245664445,81.91420479,3.694848407333333
2,2015-01-20,0.14186671933333334,0.227495886,8.207799417375,6.004555835666667,-4.224566442666666,80.08087145666667,9.165681740166667
2,2015-01-21,0.28372921933333334,0.381795886,10.056966085541665,6.957055835666666,6.437933556333333,85.58087145666667,10.853181737833333
2,2015-01-22,0.3563375526666667,0.611995886,8.753632751333333,6.074972502333334,8.675433556166666,84.37253812333334,8.7156817395
2,2015-01-23,0.5181292193333333,0.778295886,11.999049419625,7.611639169166666,15.767100220833333,84.95587145666667,11.549015071666666
2,2015-01-24,0.565545886,0.757795886,11.856132752333332,7.8974725025416666,-6.2078997781666665,72.58087145666667,12.682348404499999
2,2015-01-25,0.272058386,0.402595886,6.812382750708333,4.182472502333334,-6.541233109333334,75.37253812333334,6.599015074
2,2015-01-26,0.2612000526666667,0.507095886,8.114882751333333,5.221639169,2.1046002235,79.95587145666667,8.294848406166667
2,2015-01-27,0.4810625526666667,0.751495886,11.904882752333334,8.249972502583335,5.142100223,83.58087145666667,12.140681738166668
2,2015-01-28,0.6044167193333333,0.774195886,14.371549419875,10.148722502875,0.1962668906666666,73.49753812333334,15.31151507
2,2015-01-29,0.6644792193333333,0.740095886,14.110299419999999,10.188722503,-17.870399779333333,63.45587145666667,15.028181736999999
2,2015-01-30,0.074795886,0.325395886,5.597799417,3.8987225023333334,-26.37039978,73.03920479,5.403181740666667
2,2015-01-31,0.15512088599999999,0.243895886,7.746549417250001,5.017472502333333,-10.628733111166666,77.28920479,7.207348407333334
2,2015-02-01,0.5198792193333334,0.731495886,11.628632752458335,7.333305835666667,18.04210022133333,81.49753812333334,10.453181738166666
2,2015-02-02,0.16295421933333334,0.348195886,5.250299417,3.797889169,12.917100220833333,89.33087145666667,6.332348407166666
2,2015-02-03,0.527108386,0.615795886,10.747382752083332,7.584139169041666,4.012933556666667,81.66420479,11.665681737333335
2,2015-02-04,0.47780005266666664,0.645995886,11.124049419125,8.172889169083334,-9.728733111666667,73.12253812333334,12.353181737666667
2,2015-02-05,0.06214171933333334,0.164495886,4.892799417,4.204972502333333,-7.712066443833333,77.41420479,7.149015074
2,2015-02-06,0.23166671933333335,0.534995886,8.409466084541668,6.784972502333333,-5.070399776,77.70587145666667,9.8198484055
2,2015-02-07,0.6537167193333334,0.688195886,14.399882753333332,10.735389169666666,-10.987066445166667,73.83087145666667,15.62401507
2,2015-02-08,0.36989588599999995,0.617695886,7.852799418125,5.357472502333334,-18.799566446666667,73.66420479,7.774015072666667
2,2015-02-09,0.20302505266666668,0.341695886,8.462382750333333,5.538305835666667,-10.878733111333332,77.58087145666667,7.8698484073333335
2,2015-02-10,0.03837921933333333,0.069695886,6.643216083666666,4.692055835666666,-7.1162331095,82.58087145666667,6.894848407333334
2,2015-02-11,0.15320421933333334,0.486495886,7.091132750333333,4.400805835666667,3.0879335565,86.87253812333334,6.515681740666667
2,2015-02-12,0.619445886,0.697695886,11.404882752583333,7.782889169166666,-1.2078997763333335,79.49753812333334,11.207348404333333
2,2015-02-13,0.29837921933333333,0.572595886,7.588216084666667,4.958722502333333,-0.6203997760000001,75.78920479,7.036515074
2,2015-02-14,0.5886792193333333,0.735395886,13.278632753333333,9.354972502583333,-3.107899776,77.16420479,13.565681736666667
2,2015-02-15,0.12397921933333333,0.376495886,5.67404941725,3.6537225023333337,-7.857899777666667,78.20587145666667,5.290681740666667
2,2015-02-16,0.071508386,0.127195886,7.324466083666667,4.844972502333333,0.8879335573333332,81.33087145666667,6.978181740666667
2,2015-02-17,0.15856255266666666,0.246395886,8.284882750708332,5.622472502333333,4.142100224,80.78920479,7.928181740666666
2,2015-02-18,0.16477921933333334,0.277195886,5.1644660836666665,3.6303891690000003,-2.3370664426666665,80.12253812333334,5.282348407333333
2,2015-02-19,0.24561255266666668,0.334295886,8.240716083666667,5.4562225023333335,-0.770399776,85.95587145666667,7.699015073999999
2,2015-02-20,0.155033386,0.337495886,6.880299417,4.944972502333333,9.429600222,86.45587145666667,7.282348407333333
2,2015-02-21,0.18728338600000002,0.455695886,6.7165494169999995,4.656222502333333,8.458766889666666,83.78920479,6.694848407333333
2,2015-02-22,0.062325052666666665,0.146195886,5.146549417,3.643722502333333,6.3629335565,85.78920479,5.232348407333333
2,2015-02-23,0.249283386,0.442495886,9.070716084416667,6.0887225025000005,11.737933554500001,86.16420479,8.649015073166668
2,2015-02-24,0.5596125526666667,0.627495886,16.611132753333333,12.13663916975,-3.0037331098333335,72.37253812333334,17.91151507
2,2015-02-25,0.07381671933333334,0.275295886,4.597382750333334,3.3420558356666668,-10.324566445333334,71.53920479,5.115681740666667
2,2015-02-26,0.304208386,0.487395886,3.5232160836666666,2.9658058356666666,-4.666233109333334,75.49753812333334,4.615681740666667
2,2015-02-27,0.5566000526666667,0.762995886,12.420716086166665,8.090389169,-2.1287331093333335,72.24753812333334,11.515681737666666
2,2015-02-28,0.37019171933333334,0.664495886,9.585716085166666,6.487055835666666,6.07126689,69.74753812333334,9.299015072333335
2,2015-03-01,0.13132505266666666,0.396195886,4.738632750333333,3.6028891689999996,7.567100222833333,82.41420479,5.149015074
2,2015-03-02,0.5626250526666666,0.635095886,10.409882752708333,7.405389169,-5.216233110166667,74.03920479,10.557348404499999
2,2015-03-03,0.7215000526666667,0.737495886,15.10529942,10.654555836333333,-11.037066444833334,69.87253812333334,15.328181736666666
2,2015-03-04,0.7066417193333333,0.739595886,16.919466086666667,11.862055836541666,-0.5662331093333334,73.41420479,17.232348403333333
2,2015-03-05,0.5657792193333333,0.715795886,12.74904942,8.727472502333333,5.921266890666666,77.24753812333334,12.557348403333334
2,2015-03-06,0.26421671933333335,0.534795886,8.805299418125001,5.881639169,4.087933557333334,79.74753812333334,8.5698484065
2,2015-03-07,0.073058386,0.098295886,6.361549417125,4.0587225023333335,1.204600224,81.66420479,5.678181740666666
2,2015-03-08,0.050737552666666665,0.070795886,6.292382750458334,4.264972502333333,17.271266886833335,89.91420479,6.415681740666667
2,2015-03-09,0.18762921933333332,0.418795886,9.854466085041667,7.007472502541667,21.312933553333334,91.12253812333334,10.036515072
2,2015-03-10,0.35664588599999997,0.506195886,10.597382751958333,7.081222502416666,14.458766886666666,81.33087145666667,10.299015071833333
2,2015-03-11,0.454095886,0.671195886,9.818216085041668,6.229139169,12.946266888166667,86.24753812333334,8.669848406
2,2015-03-12,0.4156625526666667,0.706495886,10.263216085041668,6.559555835666667,27.562933553333334,86.24753812333334,9.4990150725
2,2015-03-13,0.3828792193333333,0.703195886,11.231966084916666,7.847889169333333,25.07543355333333,86.53920479,11.149015072333334
2,2015-03-14,0.6263167193333333,0.681395886,20.829466086666667,15.153305836666666,27.804600219999998,85.70587145666667,22.17401507
2,2015-03-15,0.36438338600000003,0.554995886,11.060716085791666,7.349555835708333,22.083766886666666,84.66420479,10.819848404833332
2,2015-03-16,0.20362505266666667,0.337495886,5.435299417625,3.881639169,21.17126688666667,90.53920479,5.3365150733333335
2,2015-03-17,0.32585005266666667,0.446595886,10.119882751708333,6.389555835666666,24.050433553333335,82.28920479,9.032348407333332
2,2015-03-18,0.41297088600000004,0.478295886,11.189466085791667,7.144139169,23.88793355333333,80.08087145666667,10.199015072166667
2,2015-03-19,0.30162921933333336,0.543795886,9.465299418,6.431639169,28.112933553333335,90.28920479,9.082348406
2,2015-03-20,0.38300421933333334,0.528795886,10.304882751833333,6.743305835666667,31.462933553333333,85.66420479,9.674015072
2,2015-03-21,0.31292921933333334,0.592895886,9.208632751333333,5.878722502333333,32.204600219999996,85.12253812333334,8.278181739666666
2,2015-03-22,0.21877921933333333,0.493095886,5.9302994170000005,3.6987225023333337,28.10876688666667,84.08087145666667,4.999015074
2,2015-03-23,0.373695886,0.617695886,8.042799418125,5.244139169,33.41293355333333,84.16420479,7.3740150736666665
2,2015-03-24,0.2573125526666667,0.294395886,8.940299418,6.998722502333333,27.95460022,93.03920479,10.182348405333334
2,2015-03-25,0.06825005266666666,0.131095886,2.9757160836666667,2.556639169,23.492100219999998,83.74753812333334,4.215681740666667
2,2015-03-26,0.21095421933333333,0.289195886,9.861132752458333,6.2374725023333335,32.93793355333333,89.24753812333334,8.774015073166668
2,2015-03-27,0.43254171933333335,0.590195886,11.546132752208335,7.3966391690833335,37.09626688666667,86.08087145666667,10.6656817385
2,2015-03-28,0.19989171933333336,0.378995886,6.157799417,4.294139169,31.99210022,79.16420479,6.265681740666667
2,2015-03-29,0.219858386,0.313695886,7.668216084416667,5.601639168999999,29.45043355333333,83.87253812333334,7.978181739833333
2,2015-03-30,0.234595886,0.398995886,6.803632750708334,4.7062225023333335,21.712933553333333,69.20587145666667,7.503181740166667
2,2015-03-31,0.395170886,0.559395886,9.226132751083332,5.8362225023333325,28.79626688666667,81.99753812333334,9.319848405333333
2,2015-04-01,0.30038755266666667,0.545795886,6.093216084291666,3.8512225023333335,28.558766886666664,84.33087145666667,6.190681740166667
2,2015-04-02,0.4982542193333333,0.614495886,9.821132751958332,5.941222502333333,31.91710022,78.12253812333334,9.790681738
2,2015-04-03,0.14667921933333333,0.222295886,6.131132750458334,3.5220558356666665,28.133766886666667,75.95587145666667,5.986515074
2,2015-04-04,0.41301255266666664,0.603495886,9.394049417875001,5.3416391690000005,33.612933553333335,89.45587145666667,8.707348406166666
2,2015-04-05,0.287708386,0.544195886,6.8527994176250004,3.6487225023333334,38.60043355333333,91.37253812333334,6.340681740333333
2,2015-04-06,0.2532625526666667,0.426095886,7.3398827503333335,4.342055835666667,41.046266886666665,94.20587145666667,7.5115150735
2,2015-04-07,0.39402505266666665,0.564995886,6.912382751083334,4.750805835666667,49.09626688666666,66.78920479,8.357348405333333
2,2015-04-08,0.5817292193333333,0.684595886,9.360299418624999,5.843722502333333,49.35460022,55.20587145666667,10.2240150715
2,2015-04-09,0.19400421933333334,0.310495886,6.390716083666667,4.276639169,34.60043355333333,68.28920479,7.649015073666667
2,2015-04-10,0.4844875526666667,0.650795886,8.926966084166667,6.319972502333333,26.508766886666667,68.49753812333334,11.432348404499999
2,2015-04-11,0.6362417193333333,0.707295886,12.867382753208332,8.587472502541667,25.13793355333333,82.95587145666667,15.18651507
2,2015-04-12,0.5686042193333333,0.641295886,10.419049419,6.832055835666666,26.275433553333333,86.24753812333334,11.740681737666668
2,2015-04-13,0.3377750526666667,0.562795886,6.809466083666667,3.5083058356666665,28.437933553333334,77.37253812333334,5.803181740666666
2,2015-04-14,0.32182921933333336,0.440995886,8.563632750333333,4.844139169,26.775433553333333,81.45587145666667,8.149015074
2,2015-04-15,0.25813755266666666,0.566895886,7.504882750708333,3.9445558356666663,36.046266886666665,80.03920479,6.890681740666667
2,2015-04-16,0.07380005266666667,0.193695886,4.388216083666667,2.879139169,46.46293355333333,57.83087145666667,5.428181740666666
2,2015-04-17,0.17785005266666665,0.287695886,7.003632750333334,4.366639169,42.31710022,84.16420479,7.7323484071666675
2,2015-04-18,0.21514171933333334,0.333395886,5.386549417,3.551639169,43.84210022,75.99753812333334,6.653181740666667
2,2015-04-19,0.4159542193333334,0.564995886,8.647799418,5.517889169,49.20043355333333,60.16420479000001,9.578181738333333
2,2015-04-20,0.44455421933333333,0.638395886,8.73154941875,5.367055835666666,58.900433553333336,61.41420479000001,9.586515071833334
2,2015-04-21,0.5610458859999999,0.642695886,9.846966084666667,6.4995558356666665,50.108766886666665,72.53920479,11.669848404666666
2,2015-04-22,0.131233386,0.364895886,5.893632750333333,3.544972502333333,49.91710022,55.16420479000001,6.486515074
2,2015-04-23,0.31285421933333335,0.499995886,7.502382751083334,4.808305835666666,54.22543355333334,52.03920479000001,8.186515072666667
2,2015-04-24,0.23986671933333334,0.356495886,7.716966083791667,4.669139169,57.40876688666666,55.622538123333335,8.482348406333333
2,2015-04-25,0.43950005266666664,0.696595886,8.973632751208333,5.690805835666667,49.04210022,41.66420479,10.336515072
2,2015-04-26,0.08415421933333334,0.339195886,5.843216083666667,3.4916391690000004,44.22960022,43.58087145666667,6.461515074
2,2015-04-27,0.077383386,0.098195886,4.191132750333334,2.531639169,42.25876688666667,53.91420479000001,4.782348407333333
2,2015-04-28,0.37485838600000004,0.604195886,9.544049418,5.983305835708333,36.97543355333333,78.53920479,10.9781817385
2,2015-04-29,0.283758386,0.435495886,7.049466083916666,4.872055835666667,36.550433553333335,82.91420479,8.944848405833334
2,2015-04-30,0.067558386,0.139395886,5.254049417,3.6624725023333333,34.60043355333333,87.70587145666667,6.624015074
2,2015-05-01,0.07125421933333333,0.102595886,4.551132750333333,3.3353891690000004,34.708766886666666,94.87253812333334,6.032348407333334
2,2015-05-02,0.08840005266666667,0.131195886,5.80654941725,3.7699725023333333,41.45043355333333,70.20587145666667,6.882348407333333
2,2015-05-03,0.16826671933333334,0.377495886,6.872799417375,4.160805835666667,47.70460022,59.08087145666667,7.736515073500001
2,2015-05-04,0.2615375526666667,0.611595886,6.793632750958333,4.202889169,45.88793355333333,57.91420479000001,7.990681740166667
2,2015-05-05,0.10243755266666667,0.193895886,5.737382750333333,3.6883058356666667,42.646266886666666,55.372538123333335,7.2281817403333335
2,2015-05-06,0.11091255266666666,0.219995886,3.729049417,2.429139169,41.10460022,56.03920479000001,5.0365150739999995
2,2015-05-07,0.13760421933333333,0.269995886,5.0169660836666665,3.1345558356666667,41.671266886666665,63.33087145666667,6.032348407333333
2,2015-05-08,0.38176255266666664,0.581095886,8.266549417875,5.324972502333334,42.35460022,80.87253812333334,9.157348405666667
2,2015-05-09,0.3676875526666667,0.499495886,8.498632750958334,5.704972502333334,41.05876688666667,54.41420479000001,10.565681737333334
2,2015-05-10,0.45865005266666664,0.651295886,6.961966084041666,4.7878891690000005,46.07543355333333,52.16420479000001,8.561515072
2,2015-05-11,0.2667292193333333,0.690995886,6.8952994177499995,4.462889169,46.97543355333334,72.70587145666667,8.478181738833333
2,2015-05-12,0.067295886,0.236195886,3.199466083666667,2.0687225023333333,48.962933553333336,76.95587145666667,4.165681740666667
2,2015-05-13,0.257495886,0.371095886,7.778216083666667,4.748722502333333,56.13376688666667,64.62253812333334,8.382348406166667
2,2015-05-14,0.2513875526666667,0.369595886,5.854049417,3.546639169,58.65876688666666,68.83087145666667,6.636515073999999
2,2015-05-15,0.5549042193333333,0.673995886,9.649049418375,5.907889169000001,61.15876688666666,59.66420479000001,10.794848405000002
2,2015-05-16,0.25200005266666664,0.362595886,8.133632750583333,5.332055835666666,52.75460021999999,61.08087145666667,9.624015072
2,2015-05-17,0.45715421933333333,0.744095886,10.498632751833334,7.051639169,45.43793355333333,60.66420479000001,12.503181737666667
2,2015-05-18,0.7084583860000001,0.744595886,13.611966086666667,9.0487225025,42.28376688666667,87.70587145666667,16.482348403333333
2,2015-05-19,0.5202917193333333,0.687395886,7.92154941825,5.476222502333333,40.150433553333336,76.99753812333334,10.082348404500001
2,2015-05-20,0.09636255266666667,0.299895886,3.741132750333333,2.557889169,46.44626688666667,62.872538123333335,5.186515074
2,2015-05-21,0.407195886,0.657495886,9.81654941875,6.304139169,50.22126688666666,62.41420479000001,11.040681738166667
2,2015-05-22,0.36747921933333333,0.597495886,10.161966085166666,6.766222502333334,44.958766886666666,89.78920479,12.203181737833333
2,2015-05-23,0.11139171933333332,0.222595886,6.434466083666667,4.370389169,49.18793355333333,76.70587145666667,8.128181740166667
2,2015-05-24,0.34344588600000003,0.664295886,9.624049418375,6.441222502416667,51.93793355333333,75.37253812333334,11.669848405000002
2,2015-05-25,0.223933386,0.566095886,7.0594660840416665,4.953722502333333,52.35460022,70.87253812333334,9.0531817385
2,2015-05-26,0.155895886,0.389995886,5.778632750333333,3.8545558356666665,54.51710022,76.33087145666667,6.7323484071666675
2,2015-05-27,0.3407250526666667,0.428595886,8.153632750583332,5.642472502333334,50.10876688666667,86.12253812333334,10.086515071833334
2,2015-05-28,0.141758386,0.259395886,4.6298827503333335,2.917889169,53.82543355333333,70.99753812333334,5.636515073833333
2,2015-05-29,0.16646255266666668,0.316795886,5.567799417,3.297472502333333,62.26710022,54.20587145666667,6.303181740666666
2,2015-05-30,0.140195886,0.421195886,6.5136327503333336,3.8420558356666668,68.70876688666667,61.45587145666667,6.828181740666667
2,2015-05-31,0.3695750526666666,0.651895886,8.083216084041666,5.070389169,64.60876688666667,59.747538123333335,8.95318174
2,2015-06-01,0.08430421933333333,0.253095886,5.073216083666666,3.3683058356666664,56.63793355333333,59.83087145666667,6.428181740666666
2,2015-06-02,0.10372505266666666,0.296095886,4.9561327503333334,3.125389169,59.62543355333333,63.91420479000001,5.774015074
2,2015-06-03,0.34664588599999996,0.467395886,7.759882750458334,4.718722502333333,67.78793355333333,66.45587145666667,8.432348406666668
2,2015-06-04,0.06690421933333333,0.225995886,6.851966084041667,4.190805835666667,72.50460022,68.62253812333334,8.053181739833333
2,2015-06-05,0.09688755266666667,0.215695886,5.029466083666667,3.0103891689999998,67.01710022,59.16420479000001,5.953181740666667
2,2015-06-06,0.09872921933333334,0.222495886,5.368216083916667,3.0824725023333333,70.97960022,54.91420479000001,5.940681740666666
2,2015-06-07,0.518195886,0.700795886,11.886132753083333,7.5049725025,76.05876688666667,56.747538123333335,13.136515070833333
2,2015-06-08,0.25305005266666664,0.565695886,8.740716084791666,5.637472502333334,64.96293355333334,74.62253812333334,10.711515071500001
2,2015-06-09,0.325020886,0.535695886,8.047799417125,5.337472502333333,57.65876688666666,47.747538123333335,9.899015072166668
2,2015-06-10,0.3686917193333333,0.674495886,5.6802994170000005,3.7241391690000003,60.275433553333336,53.41420479000001,7.115681740333334
2,2015-06-11,0.331270886,0.716395886,5.448216083666666,3.469972502333333,60.75876688666667,56.747538123333335,6.674015073500001
2,2015-06-12,0.07351255266666666,0.312695886,3.314049417,1.931639169,56.04210022,55.872538123333335,4.728181740666667
2,2015-06-13,0.3947500526666667,0.505595886,8.250716083916666,5.140389169,63.33793355333333,54.66420479000001,9.211515072500001
2,2015-06-14,0.49827505266666666,0.542095886,4.930716084166667,2.809139169,70.85876688666666,58.58087145666667,6.074015073999999
2,2015-06-15,0.557820886,0.610595886,3.5815494169999997,2.4341391690000003,64.07543355333333,79.74753812333334,5.5531817405
2,2015-06-16,0.297183386,0.391295886,6.949466083791666,4.7270558356666665,60.91710022,66.95587145666667,8.778181738666666
2,2015-06-17,0.09129588599999999,0.177195886,5.764882750333334,3.8741391689999998,57.74626688666667,67.08087145666667,7.224015072833333
2,2015-06-18,0.016858386,0.051095886,3.6711327503333333,2.345389169,59.583766886666666,68.62253812333334,4.603181740666667
2,2015-06-19,0.06444171933333333,0.118795886,6.879049417,3.959139169,57.03376688666666,82.66420479,6.628181740666666
2,2015-06-20,0.07628755266666666,0.144895886,6.267382750333333,3.9291391690000004,58.88793355333333,87.41420479,7.340681740666667
2,2015-06-21,0.14715005266666667,0.303495886,6.219049417,4.154972502333334,60.458766886666666,91.53920479,8.132348405666667
2,2015-06-22,0.15891255266666668,0.225795886,4.819049417,2.896639169,59.47960022,65.53920479,5.678181740666666
2,2015-06-23,0.101558386,0.173095886,4.419466083666666,2.664139169,63.12543355333333,63.33087145666667,5.219848407333333
2,2015-06-24,0.12302505266666668,0.297495886,5.636132750333334,3.5228891690000004,65.28376688666667,64.78920479,6.8156817405
2,2015-06-25,0.33505838600000004,0.577095886,7.704049417125,5.116639169,64.01710022,66.33087145666667,9.115681739000001
2,2015-06-26,0.09932921991666667,0.284995886,4.4457160836666665,2.620805835666667,69.20876688666667,67.16420479,5.557348407166667
2,2015-06-27,0.06702505266666667,0.130495886,5.197382750333333,3.268722502333333,69.36710022,76.33087145666667,6.724015073666667
2,2015-06-28,0.2300750526666667,0.630695886,7.082799417125,4.471222502333333,69.12960022,81.87253812333334,8.136515073333333
2,2015-06-29,0.47099588600000003,0.672495886,9.096132751333334,5.771639169,76.41710022,80.41420479,10.790681739
2,2015-06-30,0.2862375526666667,0.604795886,6.585716083666667,4.104972502333333,73.91293355333333,68.03920479,7.524015073166667
2,2015-07-01,0.05371255266666666,0.116495886,4.979049417,2.8878891689999997,69.42960022,61.41420479000001,5.357348407333333
2,2015-07-02,0.12098338599999998,0.162395886,4.306549417,2.5191391690000002,71.95876688666667,68.20587145666667,5.215681740666667
2,2015-07-03,0.08631255266666667,0.194595886,4.4702994170000006,3.0183058356666668,71.95043355333333,75.87253812333334,5.874015074
2,2015-07-04,0.11791255266666667,0.256295886,5.393632750333333,3.671222502333333,65.90876688666667,80.03920479,7.036515074
2,2015-07-05,0.125108386,0.257895886,5.713216083666667,3.6062225023333334,64.20876688666667,78.78920479,6.657348406666667
2,2015-07-06,0.06388755266666667,0.074395886,4.417382750333333,2.642889169,64.89210022,68.24753812333334,5.128181740666666
2,2015-07-07,0.11979171933333332,0.244995886,6.551549417,4.119972502333334,68.47960022,69.08087145666667,7.278181739666667
2,2015-07-08,0.466170886,0.631595886,9.31904941775,6.005389169,73.91710022,77.99753812333334,10.961515071833333
2,2015-07-09,0.365833386,0.590695886,7.937382751333334,5.119972502333334,68.60876688666667,79.53920479,9.849015071833334
2,2015-07-10,0.4875625526666667,0.682395886,9.916966085541667,6.848305835791667,68.26293355333333,72.70587145666667,12.719848404166667
2,2015-07-11,0.2686917193333333,0.391495886,6.875299417,4.390389169,71.61293355333333,70.62253812333334,7.740681739166667
2,2015-07-12,0.077333386,0.197395886,4.218632750333334,2.616222502333333,74.57960022,67.70587145666667,5.069848407333333
2,2015-07-13,0.078095886,0.127895886,4.481132750333333,2.8499725023333333,73.78793355333333,76.20587145666667,5.2656817406666665
2,2015-07-14,0.058658386,0.085495886,4.574882750333333,2.829555835666667,74.88376688666666,86.28920479,5.632348407166667
2,2015-07-15,0.09688755266666667,0.188195886,4.976549417,3.234555835666667,77.78793355333333,69.37253812333334,6.136515073999999
2,2015-07-16,0.167020886,0.257395886,4.230299417,2.591639169,72.12126688666667,64.53920479,5.274015074
2,2015-07-17,0.18465838599999998,0.300695886,6.33779941725,4.398722502333333,73.65043355333333,70.20587145666667,8.565681739166667
2,2015-07-18,0.11832505266666667,0.203295886,5.924049417125,3.751222502333334,73.24210022,67.99753812333334,7.3115150736666665
2,2015-07-19,0.08596671933333333,0.201195886,5.184466083666666,3.4374725023333332,71.76293355333333,67.62253812333334,6.403181740333333
2,2015-07-20,0.137320886,0.225095886,4.747799417,2.8837225023333333,68.84626688666667,63.08087145666667,5.324015074
2,2015-07-21,0.05605421933333333,0.114395886,4.177799417,2.866222502333333,62.36710022,76.20587145666667,5.061515074
2,2015-07-22,0.07071255266666666,0.115895886,2.4973827503333332,2.053305835666667,64.16710022,73.20587145666667,3.932348407333333
2,2015-07-23,0.09006255266666667,0.149995886,4.5640494170000006,2.7241391690000003,68.20460022,64.20587145666667,5.053181740666667
2,2015-07-24,0.40141671933333334,0.546495886,8.858632751083332,5.604972502333333,70.54210022,63.497538123333335,9.7990150715
2,2015-07-25,0.129670886,0.338195886,6.817799417625,4.554972502333333,74.50460022,64.49753812333334,8.190681739333334
2,2015-07-26,0.3436750526666667,0.606295886,7.581966084166666,4.627055835666667,72.32543355333333,52.95587145666667,8.299015072833333
2,2015-07-27,0.17322505266666666,0.291295886,3.3790494169999996,2.2399725023333334,71.34210022,60.66420479000001,4.207348407333334
2,2015-07-28,0.166483386,0.338995886,6.378216083791667,3.9158058356666667,70.60876688666667,68.53920479,7.849015073333334
2,2015-07-29,0.15356671933333332,0.368895886,6.525716083666667,4.589555835666666,63.60460022,63.997538123333335,8.378181739666667
2,2015-07-30,0.08816255266666667,0.126495886,5.406966083666667,3.655805835666667,63.46293355333333,65.95587145666667,6.4656817405
2,2015-07-31,0.14281671933333334,0.190395886,7.041966083666666,4.509555835666666,70.09210022,73.66420479,8.232348406166667
2,2015-08-01,0.042516719333333335,0.090695886,5.166549417,3.3237225023333337,72.10043355333333,80.87253812333334,6.128181740666666
2,2015-08-02,0.068533386,0.077095886,4.446132750333334,2.9183058356666667,70.82126688666666,86.95587145666667,5.749015074
2,2015-08-03,0.06663755266666667,0.121195886,5.041549417,3.1508058356666666,70.32126688666666,78.58087145666667,5.840681740666667
2,2015-08-04,0.12888338600000002,0.289995886,4.422382750333333,2.6412225023333336,74.72543355333333,75.74753812333334,5.228181740666667
2,2015-08-05,0.2528375526666667,0.519495886,5.117799417,3.199139169,70.07960022,71.91420479,6.303181740666666
2,2015-08-06,0.20019171933333335,0.274795886,5.618216083791666,3.7758058356666666,72.00043355333334,66.99753812333334,6.986515073500001
2,2015-08-07,0.138970886,0.211995886,6.822799417,4.397472502333334,66.45043355333333,68.58087145666667,8.499015073
2,2015-08-08,0.022595886,0.085695886,4.161549417,2.685389169,63.96710022,61.70587145666667,4.944848407333333
2,2015-08-09,0.12971255266666668,0.219595886,6.049882750333333,3.685389169,64.62960022,76.16420479,6.465681740166667
2,2015-08-10,0.014116719333333333,0.069895886,3.1794660836666666,2.221222502333333,66.52543355333334,83.99753812333334,4.636515074
2,2015-08-11,0.010429219333333335,0.021195886,3.865716083666667,2.954555835666667,66.73376688666666,84.95587145666667,5.374015074
2,2015-08-12,0.06145421933333334,0.115595886,4.955299417125,3.234139169,65.11710022,87.78920479,6.586515073666667
2,2015-08-13,0.280620886,0.432895886,8.374466084166666,5.6124725023333335,62.58793355333333,78.03920479,10.057348405166666
2,2015-08-14,0.15945005266666668,0.260195886,3.871132750333333,2.4087225023333336,62.90876688666666,70.70587145666667,4.799015074000001
2,2015-08-15,0.158320886,0.312295886,6.307382750333333,3.7262225023333335,63.00043355333333,81.37253812333334,7.094848407333334
2,2015-08-16,0.12227088600000001,0.265095886,6.209049417,3.6358058356666665,67.04210022,69.24753812333334,6.440681740666666
2,2015-08-17,0.04416671933333333,0.098995886,5.629049417,3.4124725023333333,66.16293355333333,78.62253812333334,6.9406817405000005
2,2015-08-18,0.06972921933333333,0.214995886,6.3261327503333336,4.014139169,59.77960022,67.66420479,7.361515074
2,2015-08-19,0.23486255266666667,0.387195886,7.190716084291666,4.356639169,70.03376688666667,73.16420479,7.982348407
2,2015-08-20,0.20245005266666669,0.427295886,7.494466084291667,4.7374725023333335,67.72543355333333,73.83087145666667,8.749015072833332
2,2015-08-21,0.056620886,0.115795886,3.4636327503333333,2.3058058356666664,62.81293355333333,65.49753812333334,4.315681740666666
2,2015-08-22,0.15035421933333334,0.243795886,6.1332160836666665,4.194972502333333,62.77543355333333,71.20587145666667,7.2031817401666665
2,2015-08-23,0.39042505266666666,0.517895886,9.253216084166667,6.023305835666666,65.24626688666667,73.28920479,10.5990150715
2,2015-08-24,0.5180750526666666,0.561195886,11.603216086666668,7.726639168999999,67.99210022,76.33087145666667,13.56151507
2,2015-08-25,0.3486250526666667,0.470995886,9.224882751583333,6.162472502333333,67.53793355333333,80.87253812333334,11.328181737166666
2,2015-08-26,0.25175421933333336,0.562295886,8.689882751208334,5.667472502333333,64.07543355333333,73.58087145666667,10.807348405166666
2,2015-08-27,0.5316625526666666,0.668795886,12.53654942,8.353305835916666,58.91710022,61.83087145666667,15.032348403333332
2,2015-08-28,0.17602505266666668,0.373595886,7.9665494175000005,5.062889169,61.74210022,62.247538123333335,9.149015073166668
2,2015-08-29,0.30527921933333335,0.487895886,8.906132751708332,5.876222502333333,61.03376688666666,57.91420479000001,10.644848404333333
2,2015-08-30,0.049170886999999996,0.134395886,2.821132750333333,1.7566391689999998,60.12960022000001,64.91420479,3.603181740666667
2,2015-08-31,0.0805375535,0.173095886,6.322382750333333,4.201639169,61.51293355333333,76.87253812333334,7.582348406666667
2,2015-09-01,0.08724171933333334,0.166295886,3.334466083666667,2.142889169,64.84626688666667,78.53920479,4.419848407333333
2,2015-09-02,0.2527875526666667,0.303795886,7.3527994173749995,4.775805835666667,63.11710022,86.58087145666667,8.569848405666667
2,2015-09-03,0.3915125526666667,0.647295886,9.757799419,6.433722502333333,61.521266886666666,70.83087145666667,11.740681737833334
2,2015-09-04,0.13034171933333333,0.389595886,6.481132750833333,4.310805835666667,61.81710022000001,70.74753812333334,7.5115150726666675
2,2015-09-05,0.32942505266666666,0.573195886,8.813216084166667,5.474555835666667,69.39626688666667,67.33087145666667,9.869848405
2,2015-09-06,0.035404219333333334,0.101195886,4.682382750333333,2.949139169,63.81710022000001,70.12253812333334,5.3698484073333335
2,2015-09-07,0.261720886,0.398495886,8.166549417,5.177472502333333,52.68793355333333,85.83087145666667,8.924015071833333
2,2015-09-08,0.08512921933333334,0.154295886,6.518216083666666,4.587889168999999,52.93376688666667,84.33087145666667,8.224015073833334
2,2015-09-09,0.36932505266666665,0.531295886,6.289882750333334,4.079555835666667,57.63376688666667,94.53920479,7.503181739833334
2,2015-09-10,0.203645886,0.435795886,6.187382750333334,3.909555835666666,61.24210022,79.41420479,7.261515073999999
2,2015-09-11,0.22806671933333333,0.360995886,8.514049417499999,5.8416391690000005,57.796266886666665,83.03920479,10.399015071500001
2,2015-09-12,0.35885421933333334,0.494595886,8.639882751333333,5.969972502333333,51.22543355333334,91.78920479,10.786515071333334
2,2015-09-13,0.376683386,0.579095886,8.895716085041666,5.884555835666667,53.32543355333333,79.16420479,10.619848404333334
2,2015-09-14,0.3979292193333333,0.481995886,5.114466083666667,2.942055835666667,63.362933553333335,71.24753812333334,5.340681740666667
2,2015-09-15,0.40580838599999997,0.514295886,7.539882750958333,4.344139169,70.09210022,71.37253812333334,7.444848407333333
2,2015-09-16,0.380445886,0.589495886,10.576549419125,6.469555835666667,74.23376688666667,68.12253812333334,11.0323484035
2,2015-09-17,0.435795886,0.528095886,10.541132752333333,6.6853891690000005,75.58793355333333,66.62253812333334,11.740681737166668
2,2015-09-18,0.4638250526666667,0.613595886,9.833216085541666,6.344555835666667,67.27126688666667,65.58087145666667,11.415681737666667
2,2015-09-19,0.15276671933333333,0.234995886,5.934882750458333,3.8820558356666663,66.01710022,73.91420479,6.686515074
2,2015-09-20,0.41777505266666665,0.591195886,9.291549419,5.909555835666667,70.50043355333334,83.28920479,12.144848403666666
2,2015-09-21,0.24591671933333334,0.437295886,8.691132751458333,5.744555835666667,63.708766886666666,77.87253812333334,10.990681738166666
2,2015-09-22,0.087808386,0.192495886,6.582799417,4.032889169,57.62543355333333,68.83087145666667,7.332348407333334
2,2015-09-23,0.175408386,0.290195886,7.3286327504583335,4.334139169,61.837933553333336,63.747538123333335,7.594848407333334
2,2015-09-24,0.230958386,0.399395886,9.121966084541667,5.508305835666667,62.84210022,62.20587145666667,10.115681738666668
2,2015-09-25,0.5271750526666666,0.647695886,10.944882752583332,7.202055835666666,55.362933553333335,56.95587145666667,12.990681737166668
2,2015-09-26,0.27307921933333335,0.391995886,8.478632750583333,4.984972502333333,55.800433553333335,61.70587145666667,8.803181740166666
2,2015-09-27,0.177820886,0.423195886,5.487799417000001,3.8933058356666668,50.458766886666666,69.58087145666667,7.290681740499999
2,2015-09-28,0.1379000526666667,0.362795886,6.074466084416667,4.267889169,47.233766886666665,72.12253812333334,7.3615150725000005
2,2015-09-29,0.44295421933333334,0.524095886,9.694466085291667,6.309972502333333,50.24210022,91.70587145666667,11.086515071166666
2,2015-09-30,0.32085005266666666,0.340795886,9.023216084416667,6.1799725023333325,52.32543355333333,87.74753812333334,11.2490150705
2,2015-10-01,0.263595886,0.307395886,7.030716083666667,5.170389169,42.458766886666666,74.12253812333334,9.399015073166668
2,2015-10-02,0.175408386,0.225695886,6.103216083666666,4.5099725023333335,38.29210022,86.53920479,8.307348407000001
2,2015-10-03,0.11950005266666668,0.201895886,4.656132750333334,3.366222502333333,40.025433553333336,78.20587145666667,6.465681740666667
2,2015-10-04,0.44226671933333334,0.710595886,10.160716085416666,6.761222502333333,43.31293355333333,76.78920479,11.978181738000002
2,2015-10-05,0.538233386,0.736195886,10.27779941875,6.533305835749999,48.025433553333336,80.91420479,11.819848404833332
2,2015-10-06,0.6237417193333333,0.683895886,11.874882752708332,7.594139169041667,51.01710022,53.28920479000001,13.544848404
2,2015-10-07,0.24150838600000002,0.416195886,8.263216083916667,4.797055835666667,51.79210022,56.95587145666667,8.357348406666667
2,2015-10-08,0.29172505266666665,0.587795886,8.200299417624999,4.664139169,55.10043355333334,66.45587145666667,8.140681740333333
2,2015-10-09,0.35112088599999997,0.700795886,8.377382751208334,5.545805835666666,46.39210022,84.37253812333334,9.882348405166667
2,2015-10-10,0.6713750526666667,0.706495886,13.473216086541667,9.118305835875,32.37126688666667,86.66420479,16.082348403333334
2,2015-10-11,0.6371042193333333,0.664195886,17.431132753333333,11.702055836625,28.112933553333335,87.66420479,19.557348403333332
2,2015-10-12,0.6396875526666667,0.669195886,15.761966086666668,10.673722503083333,29.712933553333333,89.99753812333334,17.449015069999998
2,2015-10-13,0.34231255266666666,0.597195886,8.518632751708333,5.587472502333333,30.76710022,89.33087145666667,9.240681738166666
2,2015-10-14,0.11813755266666666,0.337495886,5.764466083666666,3.0974725023333334,31.996266886666664,90.12253812333334,4.949015074
2,2015-10-15,0.45416255266666666,0.634295886,10.899466085666667,6.844972502333333,34.612933553333335,92.53920479,11.628181737666667
2,2015-10-16,0.11131255266666668,0.179695886,5.551966083666667,3.128305835666667,33.833766886666666,88.91420479,5.374015074
2,2015-10-17,0.236833386,0.467495886,8.78654941775,5.233305835666667,44.66710022,77.91420479,8.878181739166667
2,2015-10-18,0.303758386,0.565195886,9.2490494185,5.667472502333333,51.400433553333336,68.58087145666667,10.211515071666666
2,2015-10-19,0.4389667193333333,0.630195886,9.4240494185,5.619555835666667,46.70460022,56.70587145666667,9.940681738666667
2,2015-10-20,0.215645886,0.412495886,7.841132751333333,4.749972502333333,42.483766886666665,78.33087145666667,8.036515072666667
2,2015-10-21,0.6269417193333333,0.689995886,14.328632753333332,9.300805836,40.56710022,87.70587145666667,16.340681736666667
2,2015-10-22,0.600083386,0.706995886,11.474882752333334,7.426222502416667,36.75043355333333,64.58087145666667,13.486515071
2,2015-10-23,0.16924171933333332,0.252995886,7.399466083916667,4.772889169,33.37960022,67.45587145666667,8.574015072666667
2,2015-10-24,0.11507505266666666,0.313695886,5.786966083666666,3.3720558356666666,35.18376688666667,77.33087145666667,6.174015074
2,2015-10-25,0.46643755266666664,0.575195886,10.49654941875,6.198305835666666,43.30876688666667,61.247538123333335,10.5448484045
2,2015-10-26,0.5775250526666666,0.695995886,11.130716085541666,7.094972502333333,43.71293355333333,67.24753812333334,12.540681737166667
2,2015-10-27,0.6103917193333334,0.689595886,9.791132751833333,6.815805835666667,28.66710022,62.122538123333335,12.219848403999999
2,2015-10-28,0.19994171933333335,0.421695886,7.437799417,4.923722502333333,26.775433553333333,57.08087145666667,8.815681739833334
2,2015-10-29,0.4881542193333333,0.607895886,9.103216084291667,6.427055835666667,22.842100220000003,51.83087145666667,11.565681738
2,2015-10-30,0.26338755266666664,0.407595886,6.915299417,4.405389169,23.554600219999998,57.372538123333335,8.099015073166667
2,2015-10-31,0.316658386,0.434195886,7.688216083666667,4.646222502333333,29.76710022,50.70587145666667,8.1156817395
2,2015-11-01,0.4873375526666666,0.660895886,9.554049418,6.311639169,34.21710022,83.66420479,11.644848405333333
2,2015-11-02,0.082308386,0.323195886,5.581132750333333,3.519555835666667,33.612933553333335,76.49753812333334,6.286515074
2,2015-11-03,0.08708755266666666,0.143295886,7.133632750333334,4.360805835666667,34.34626688666667,80.95587145666667,7.674015073500001
2,2015-11-04,0.356045886,0.625095886,7.604882750333334,5.047055835666667,27.708766886666666,72.33087145666667,9.186515072666667
2,2015-11-05,0.14685005266666665,0.419095886,2.7890494169999998,1.7995558356666665,21.850433553333332,67.33087145666667,3.6906817406666668
2,2015-11-06,0.3220500526666667,0.601295886,6.719882750458333,4.735805835666667,20.05043355333333,56.41420479000001,8.7823484055
2,2015-11-07,0.097583386,0.239295886,3.8286327503333335,2.471222502333333,19.00876688683333,72.45587145666667,4.561515074
2,2015-11-08,0.22796255266666665,0.317195886,8.671132751083332,5.123722502333334,31.658766886666665,61.41420479000001,8.815681739833334
2,2015-11-09,0.20266255266666666,0.415895886,5.981132750708333,3.511639169,34.546266886666665,86.66420479,6.5615150731666665
2,2015-11-10,0.11672505266666666,0.262095886,6.244882750333333,4.729139169,17.008766886666667,64.49753812333334,8.707348406833333
2,2015-11-11,0.26092505266666666,0.377995886,7.087799416999999,5.137055835666667,7.9087668896666665,59.16420479000001,9.486515071833333
2,2015-11-12,0.3047917193333333,0.492895886,7.796132750958333,5.023305835666666,17.446266888166665,63.78920479000001,9.053181738833333
2,2015-11-13,0.2782792193333333,0.433995886,7.439049417,4.727472502333334,25.600433553333332,69.12253812333334,8.336515072833334
2,2015-11-14,0.399958386,0.439895886,8.501966084916667,4.927889169,29.85460022,77.20587145666667,8.5448484055
2,2015-11-15,0.09948338600000001,0.189095886,5.891132750333334,3.6653891689999996,31.312933553333334,91.12253812333334,6.149015074
2,2015-11-16,0.287595886,0.408495886,9.656132751833333,5.430389169000001,36.13376688666667,84.83087145666667,9.174015072166666
2,2015-11-17,0.13440421933333332,0.303295886,7.3598827507083335,4.543722502333334,34.80876688666667,84.33087145666667,8.1948484065
2,2015-11-18,0.3834417193333333,0.526395886,10.390299418749999,5.894972502333334,38.521266886666666,83.70587145666667,9.974015071833334
2,2015-11-19,0.25003755266666666,0.345295886,6.469049417375,3.8049725023333334,33.921266886666665,78.91420479,6.874015073333333
2,2015-11-20,0.22125421933333334,0.317095886,8.182382750833334,5.304139169,31.900433553333333,89.99753812333334,9.061515072166667
2,2015-11-21,0.078770886,0.227495886,8.134466084291667,5.465805835666667,23.008766886666667,63.91420479000001,10.065681738
2,2015-11-22,0.511233386,0.691595886,11.001966085541667,6.627055835666667,30.53376688666667,58.247538123333335,11.274015071500001
2,2015-11-23,0.49570005266666667,0.706095886,11.797382752833334,7.037889169,36.88376688666667,61.03920479000001,12.169848403333333
2,2015-11-24,0.4003042193333333,0.514795886,10.316549418374999,5.941222502333333,39.59626688666667,68.33087145666667,10.194848405
2,2015-11-25,0.6141417193333333,0.811595886,12.626132752333334,8.251222502708334,34.087933553333336,76.20587145666667,14.744848404333332
2,2015-11-26,0.14449171933333332,0.349995886,5.631132750333333,3.6320558356666663,27.01293355333333,74.58087145666667,6.5865150735
2,2015-11-27,0.3556917193333333,0.579895886,6.939882750583333,4.984972502333333,24.554600219999998,70.16420479,9.140681738333333
2,2015-11-28,0.21295005266666667,0.302095886,7.653632750333333,5.651222502333333,22.01710022,71.83087145666667,10.107348404666666
2,2015-11-29,0.09930005266666668,0.220695886,6.8294660836666665,4.856639169,25.64210022,86.28920479,8.636515073666667
2,2015-11-30,0.040816719333333334,0.061495886,12.221966086291665,8.157055835708332,25.425433553333335,93.70587145666667,13.574015070500002
2,2015-12-01,0.102583386,0.295695886,9.672382751833334,6.475389169,18.38376688683333,89.45587145666667,10.703181738166668
2,2015-12-02,0.501870886,0.640495886,10.993216086166667,6.2841391689999995,22.800433553333335,83.33087145666667,9.882348405166667
2,2015-12-03,0.5936500526666667,0.632095886,13.045716086666665,7.652889169000001,31.60460022,81.49753812333334,12.38651507
2,2015-12-04,0.2680667193333333,0.566295886,9.546132751583334,5.2462225023333335,28.842100220000003,86.49753812333334,8.5490150725
2,2015-12-05,0.376970886,0.608195886,9.840299418875,5.914972502333334,27.346266886666665,86.74753812333334,9.799015071833333
2,2015-12-06,0.3842167193333333,0.593895886,7.1590494175,4.184555835666667,21.283766886666665,92.62253812333334,6.9615150728333335
2,2015-12-07,0.5075667193333333,0.559095886,9.443632751833333,5.362889169,29.146266886666666,87.49753812333334,8.569848406
2,2015-12-08,0.19835421933333333,0.331895886,8.919466084166666,6.069972502333333,15.554600221333333,87.08087145666667,9.944848405
2,2015-12-09,0.23482921933333334,0.350995886,10.458216085416668,6.6349725023333335,1.1921002239999998,83.28920479,10.353181738833333
2,2015-12-10,0.286658386,0.477995886,10.349882752208334,6.342889169,-3.274566443,81.70587145666667,9.882348405833334
2,2015-12-11,0.082483386,0.162595886,6.104882750333334,3.738305835666667,-3.782899776666667,85.24753812333334,5.853181740666667
2,2015-12-12,0.04801255266666667,0.080295886,4.032382750333333,3.265389169,2.8712668906666665,86.33087145666667,5.261515074
2,2015-12-13,0.3400167193333334,0.538595886,10.343632752208334,7.155389169041666,12.625433554666666,84.33087145666667,10.611515071666666
2,2015-12-14,0.31942505266666665,0.432295886,5.794466084166667,3.8012225023333333,-5.462066442666667,81.20587145666667,5.628181740333333
2,2015-12-15,0.14736671933333334,0.242795886,9.661549418375001,5.779972502333333,8.700433555,84.45587145666667,8.344848406666665
2,2015-12-16,0.275845886,0.389995886,10.022382751833334,5.953722502333334,13.7629335545,85.87253812333334,8.682348406000001
2,2015-12-17,0.289558386,0.496795886,7.156132750958334,4.6524725023333335,10.0171002215,82.41420479,7.011515073166667
2,2015-12-18,0.4646750526666667,0.511095886,11.217799419499999,6.555389169000001,17.879600221333334,79.53920479,9.799015071833333
2,2015-12-19,0.29182921933333333,0.473395886,7.418632750458333,4.6053891689999995,17.346266886666665,90.16420479,6.982348407333333
2,2015-12-20,0.2932625526666667,0.554995886,7.907382751208334,4.819972502333333,17.22960022,86.28920479,7.2573484065
2,2015-12-21,0.49952505266666664,0.620895886,11.721966085666667,6.573722502333333,31.308766886666664,73.83087145666667,10.086515072
2,2015-12-22,0.35315005266666666,0.610895886,9.736132752208333,5.419555835666666,33.16293355333333,72.49753812333334,8.482348406166667
2,2015-12-23,0.16145005266666665,0.225695886,7.344466083666667,4.387889169,22.48376688666667,93.12253812333334,6.849015074
2,2015-12-24,0.020887552666666667,0.083595886,5.666549417,3.5458058356666666,18.396266886666666,92.66420479,5.778181740666667
2,2015-12-25,0.06685421933333334,0.109595886,5.500299417,3.7137225023333333,16.35876688666667,93.99753812333334,6.774015074
2,2015-12-26,0.182770886,0.297695886,9.033216084041667,5.789555835666667,19.73376688666667,87.28920479,9.0698484065
2,2015-12-27,0.198708386,0.342295886,8.713216084666668,4.842472502333333,17.17543355333333,86.20587145666667,7.574015073999999
2,2015-12-28,0.16227505266666667,0.412495886,8.132799418,5.078722502333333,21.587933553333333,94.74753812333334,7.4906817395
2,2015-12-29,0.45116671933333335,0.478295886,19.274882753333333,13.32497250325,19.008766886666667,89.95587145666667,19.165681736666667
2,2015-12-30,0.4577292193333333,0.481495886,15.684882753333333,11.414972503291667,17.808766886666664,84.95587145666667,16.532348403333334
2,2015-12-31,0.38668755266666666,0.507495886,12.423216086166667,7.918305835708334,15.508766886666665,80.20587145666667,11.411515070999998
2,2016-01-01,0.3701625526666667,0.477495886,11.779882753333332,7.4683058356666665,29.650433553333333,82.20587145666667,10.686515071166667
2,2016-01-02,0.21222921933333336,0.369495886,7.93904941775,5.757889168999999,28.10460022,91.41420479,8.5781817395
2,2016-01-03,0.27872921933333333,0.479395886,9.213216085166666,6.337472502333333,23.37960022,85.74753812333334,9.0323484055
2,2016-01-04,0.401220886,0.517495886,12.113632752583333,7.629972502416667,21.95043355333333,80.12253812333334,10.757348405
2,2016-01-05,0.4944875526666666,0.522295886,17.81196608666667,12.277055836291666,30.021266886666666,72.83087145666667,17.999015070000002
2,2016-01-06,0.437895886,0.524895886,13.221966086666667,8.517889169208333,22.883766886666667,72.78920479,12.228181737333335
2,2016-01-07,0.19524171933333334,0.309395886,10.069049419125,6.494555835666667,11.317100221333334,74.78920479,9.453181738666666
2,2016-01-08,0.2760167193333333,0.496095886,10.391132752333332,7.302055835833333,3.012933557,79.16420479,10.536515071166667
2,2016-01-09,0.295758386,0.476195886,9.0777994185,5.982472502416667,12.042100221166665,80.33087145666667,8.828181739166666
2,2016-01-10,0.21105421933333335,0.371195886,7.689049418,5.727889169,-2.0328997760000003,71.83087145666667,8.528181738666666
2,2016-01-11,0.14103755266666665,0.254995886,8.069466083916668,5.159139169,-7.174566444500001,77.16420479,7.240681740666666
2,2016-01-12,0.15129588600000002,0.298195886,8.541549417625001,5.270389169,3.5671002238333336,81.16420479,7.582348407333334
2,2016-01-13,0.057270886,0.178195886,7.386966084041667,4.876222502333333,13.333766886833333,92.87253812333334,7.190681740666666
2,2016-01-14,0.11822088600000001,0.250295886,8.514466084791666,6.463722502333333,-1.3828997763333335,77.41420479,9.807348405333334
2,2016-01-15,0.262520886,0.436495886,10.011966085666666,7.415389169,-10.053733111333333,72.91420479,10.707348404500001
2,2016-01-16,0.14690005266666667,0.352195886,10.589049418375,6.883305835916667,-12.203733112333333,69.16420479,9.803181739000001
2,2016-01-17,0.36251255266666665,0.477595886,16.212382752708333,11.291222503083333,16.092100220833334,84.08087145666667,16.836515070666668
2,2016-01-18,0.4605125526666667,0.480195886,19.00904942,14.023722503333333,-4.491233109333334,71.37253812333334,20.561515070000002
2,2016-01-19,0.25052921933333333,0.451695886,10.2527994185,6.971222502375,-10.062066444166666,73.03920479,10.211515071833334
2,2016-01-20,0.266045886,0.477495886,8.937799418500001,6.041639169166667,-4.707899777000001,77.03920479,8.382348405666667
2,2016-01-21,0.44468338599999996,0.477495886,14.968632752833335,9.652889169583334,18.56293355433333,77.95587145666667,13.9906817375
2,2016-01-22,0.109395886,0.254995886,6.897799417125,4.893305835666666,23.833766886666666,84.49753812333334,6.782348407333333
2,2016-01-23,0.05370421933333333,0.097695886,8.040716083916667,6.110389169,18.450433553333333,91.58087145666667,8.882348406666667
2,2016-01-24,0.036870886,0.038095886,3.318632750333333,2.4899725023333334,19.187933553333334,88.70587145666667,3.7031817406666665
2,2016-01-25,0.051895886,0.132495886,6.481966083666666,4.515805835666667,19.900433553333333,90.37253812333334,6.407348407333333
2,2016-01-26,0.155020886,0.223595886,9.345716084666668,6.544972502333334,25.592100220000003,88.91420479,9.394848406500001
2,2016-01-27,0.065870886,0.073295886,3.010299417,2.501639169,16.79626688666667,87.28920479,4.0365150739999995
2,2016-01-28,0.050370886000000004,0.057795886,4.856966083666667,3.545389169,20.687933553333334,94.24753812333334,5.065681740666666
2,2016-01-29,0.034870886,0.042295886,3.6598827503333333,2.784139169,24.375433553333334,96.87253812333334,4.094848407333333
2,2016-01-30,0.019370886,0.026795886,3.301549417,2.598305835666667,26.13793355333333,97.33087145666667,3.9573484073333334
2,2016-01-31,0.025325052666666667,0.153795886,7.564882751208334,5.345805835666667,24.312933553333334,86.58087145666667,7.7656817395
2,2016-02-01,0.4527792193333333,0.559795886,14.4465494195,9.32372250275,35.05876688666667,68.74753812333334,13.232348404333335
2,2016-02-02,0.45137505266666667,0.550395886,14.149466086166667,9.577055836125,33.93793355333333,75.33087145666667,13.999015070833332
2,2016-02-03,0.261045886,0.397595886,9.064466084666668,6.5549725023333325,18.121266886666664,77.99753812333334,9.624015071333334
2,2016-02-04,0.12305421933333334,0.332495886,5.907382750708333,4.167472502333333,12.033766888333332,82.12253812333334,5.761515073666668
2,2016-02-05,0.547358386,0.662095886,13.163216086416668,8.591222502375,17.600433553333332,73.99753812333334,12.349015070833333
2,2016-02-06,0.22132921933333335,0.366395886,9.029466084791666,6.619139169,14.517100221,83.20587145666667,9.549015072166666
2,2016-02-07,0.15565421933333332,0.371895886,7.688216084291667,5.544555835666666,-1.0537331093333333,72.62253812333334,8.1365150735
2,2016-02-08,0.179433386,0.239995886,7.137382751083333,4.845389169,15.637933554,84.08087145666667,7.0406817403333335
2,2016-02-09,0.194970886,0.318895886,8.714882750958333,5.724555835666667,20.200433553333333,84.49753812333334,8.103181739833333
2,2016-02-10,0.5180667193333334,0.572695886,12.158216086416667,8.356639169,21.471266886666665,80.74753812333334,12.153181736833334
2,2016-02-11,0.462558386,0.671795886,12.231966086666667,8.052472502333334,21.250433553333334,76.87253812333334,11.5073484045
2,2016-02-12,0.5621000526666667,0.663595886,13.310299419624998,9.831222502874999,0.012933555166666721,74.91420479,14.757348404166668
2,2016-02-13,0.12867921933333334,0.309095886,8.307799417375,5.496639169000001,-9.678733111166666,70.74753812333334,7.832348407166666
2,2016-02-14,0.5382500526666667,0.610895886,14.532799419999998,9.154972502541666,12.304600221666666,76.83087145666667,13.186515070166665
2,2016-02-15,0.37347505266666664,0.532095886,10.248632751958334,7.130389169041667,23.137933553333337,80.99753812333334,10.453181738166666
2,2016-02-16,0.15991255266666668,0.234195886,7.063216083666667,5.2062225023333335,14.187933553833332,87.16420479,7.574015073000001
2,2016-02-17,0.16803755266666667,0.232495886,6.956549417125,4.886222502333333,21.308766886666664,86.87253812333334,7.282348406833333
2,2016-02-18,0.29307505266666667,0.417695886,9.497799417875,6.877889169041667,3.9421002228333335,75.45587145666667,9.924015072333333
2,2016-02-19,0.13795838600000002,0.399995886,6.403632750333333,4.604139169,-6.007899776333333,69.24753812333334,6.503181740666666
2,2016-02-20,0.49095421933333333,0.645395886,13.49904941975,8.447472502416668,8.242100222,71.58087145666667,11.8490150705
2,2016-02-21,0.523208386,0.704495886,13.338632752958333,8.34288916925,24.525433553333333,64.28920479,11.957348404333333
2,2016-02-22,0.41377921933333334,0.639595886,12.393632753208335,7.797055835666666,30.158766886666665,63.33087145666667,10.944848403666667
2,2016-02-23,0.4101375526666667,0.556095886,12.053632752208335,8.103305836,29.70460022,72.41420479,11.894848404666668
2,2016-02-24,0.26866671933333336,0.301395886,4.5273827503333335,3.156639169,27.212933553333333,80.95587145666667,4.415681740666667
2,2016-02-25,0.2581500526666667,0.354595886,7.719882750958334,5.672889169,19.07960022,87.37253812333334,8.3615150725
2,2016-02-26,0.04205005266666667,0.083595886,3.837382750333333,2.7637225023333336,15.29210022,85.62253812333334,4.1198484073333335
2,2016-02-27,0.03221671933333333,0.047295886,5.159882750333334,3.5199725023333333,15.750433554499999,90.83087145666667,5.011515074
2,2016-02-28,0.073995886,0.334995886,4.699882750583334,3.5045558356666664,24.06710022,92.74753812333334,5.061515073833333
2,2016-02-29,0.500283386,0.618895886,9.733632752083333,6.064972502333333,30.22960022,82.41420479,8.599015073
2,2016-03-01,0.48994588600000005,0.629395886,15.24154942,10.577889169583333,30.35876688666667,74.45587145666667,15.47401507
2,2016-03-02,0.47610421933333336,0.613795886,13.007799419500001,8.494555835875,25.083766886666666,80.16420479,12.269848404500001
2,2016-03-03,0.3440917193333333,0.579295886,9.462799418625,6.500389169125,28.90876688666667,81.33087145666667,9.603181738333333
2,2016-03-04,0.18327505266666666,0.448795886,11.596966085666667,7.599555835791667,32.921266886666665,80.62253812333334,11.065681738333334
2,2016-03-05,0.4681375526666667,0.594795886,14.469882752583333,10.627889169666666,29.996266886666664,80.91420479,15.894848404166666
2,2016-03-06,0.3864417193333333,0.515795886,12.02779941925,7.824555835791666,28.012933553333337,84.03920479,10.999015071333332
2,2016-03-07,0.19022505266666667,0.447795886,9.194466084541666,5.332055835666667,35.212933553333336,80.12253812333334,7.574015073000001
2,2016-03-08,0.18872921933333334,0.334195886,9.951549418625,6.453305835666666,33.60460022,83.95587145666667,9.994848404833332
2,2016-03-09,0.15335005266666665,0.265195886,5.045716083666666,3.616222502333333,17.05460022,85.49753812333334,6.311515074
2,2016-03-10,0.03952921991666667,0.247495886,3.9607160836666666,2.6562225023333332,23.096266887166667,88.41420479,4.232348407333333
2,2016-03-11,0.34870421933333334,0.480695886,9.970716085666666,5.497472502333333,34.77960022,80.24753812333334,8.974015072333334
2,2016-03-12,0.41199171933333334,0.550395886,11.212799419375001,7.126222502333333,31.35876688666667,79.83087145666667,12.036515070833333
2,2016-03-13,0.17466671933333333,0.401395886,6.724466084416666,4.211639169000001,19.808766886666664,76.03920479,7.353181740166666
2,2016-03-14,0.10899171933333333,0.132295886,6.864882750333333,4.557055835666667,16.16710022,81.83087145666667,7.703181740666667
2,2016-03-15,0.104745886,0.138495886,7.4144660836666665,4.6645558356666665,23.367100219999998,85.33087145666667,7.799015073333333
2,2016-03-16,0.11162088599999999,0.254995886,8.218632750708332,5.365389169,25.62960022,80.91420479,8.940681739
2,2016-03-17,0.12920421933333334,0.284495886,7.428632751083334,4.333305835666667,25.371266886666664,74.53920479,7.3698484065
2,2016-03-18,0.015920886,0.055195886,4.564049417,3.1933058356666666,29.95043355333333,91.33087145666667,5.578181740666667
2,2016-03-19,0.002708387583333333,0.017495886,10.444882752333333,7.187889169000001,15.154600220833332,81.45587145666667,12.311515071166667
2,2016-03-20,0.030983386,0.034795886,5.619466084291666,3.3758058356666667,9.179600222666666,63.41420479000001,6.211515073166667
2,2016-03-21,0.058925052666666665,0.120395886,7.987382750333333,4.701222502333334,22.07960022,64.03920479,8.01568174
2,2016-03-22,0.08258755266666666,0.130795886,4.6140494169999995,3.0458058356666666,27.217100220000003,78.20587145666667,5.419848407333333
2,2016-03-23,0.1786417193333333,0.302495886,6.489466083916667,4.059555835666667,32.50460022,69.99753812333334,6.8115150736666665
2,2016-03-24,0.17833755266666665,0.352495886,7.85529941775,4.674139169,40.06710022,79.16420479,8.236515073333333
2,2016-03-25,0.144383386,0.243195886,4.818216083666667,3.246639169,28.800433553333335,71.49753812333334,6.207348407333334
2,2016-03-26,0.07438755266666668,0.233695886,4.095716083666667,2.6183058356666664,30.56710022,76.20587145666667,4.882348407333333
2,2016-03-27,0.20267505266666666,0.407595886,6.381549417,4.063305835666667,38.63793355333333,77.24753812333334,7.269848406666667
2,2016-03-28,0.092358386,0.231295886,5.887382750333334,3.397472502333333,37.81293355333333,66.12253812333334,6.2073484070000005
2,2016-03-29,0.143083386,0.270995886,5.831549417000001,3.361639169,38.97960022,52.122538123333335,6.036515074
2,2016-03-30,0.24891255266666668,0.299295886,8.775299417625,5.077889169,42.771266886666666,52.53920479000001,8.694848405833334
2,2016-03-31,0.280008386,0.396495886,9.764882751583334,5.947889169,44.06710022000001,64.45587145666667,10.444848405
2,2016-04-01,0.31024588599999997,0.501795886,8.248632751083333,5.398305835666666,39.050433553333335,70.28920479,10.199015072
2,2016-04-02,0.4606167193333333,0.493495886,10.891966086541666,7.607472502333334,17.20460022,76.95587145666667,13.424015070000001
2,2016-04-03,0.2620375526666667,0.393195886,6.91904941725,5.138305835666666,19.67126688666667,52.41420479000001,9.703181737833333
2,2016-04-04,0.16941671933333333,0.294095886,7.5794660836666665,4.621639169,25.837933553333333,46.78920479000001,8.290681739166667
2,2016-04-05,0.10833338599999999,0.175395886,6.898216083791667,4.030389169,36.27960022,61.95587145666667,7.374015073333333
2,2016-04-06,0.06759171933333334,0.116995886,5.821132750333334,3.547472502333333,45.04210022,80.95587145666667,6.578181740666667
2,2016-04-07,0.06723755266666666,0.148795886,6.222799417249999,3.7558058356666666,46.15876688666666,65.78920479,7.0865150735
2,2016-04-08,0.37409588600000004,0.444995886,11.983216086291668,7.840389169125,37.81293355333333,48.91420479000001,14.278181737333334
2,2016-04-09,0.36441671933333336,0.438595886,9.446549418750001,6.458305835791666,29.475433553333332,51.08087145666667,12.032348404333334
2,2016-04-10,0.113533386,0.186995886,5.929466083666667,3.612472502333333,36.87960022,49.872538123333335,6.678181740666667
2,2016-04-11,0.17210421933333334,0.192495886,8.503632751083334,5.7183058356666665,34.03793355333333,63.33087145666667,10.153181738333334
2,2016-04-12,0.2036875526666667,0.262295886,8.459466083791666,5.894139169,25.82960022,47.78920479000001,10.836515071666668
2,2016-04-13,0.216420886,0.307895886,8.540299417875,6.088305835666667,22.47960022,46.95587145666667,11.207348405
2,2016-04-14,0.059745886,0.151595886,5.274049417,3.938722502333333,21.758766886666667,44.20587145666667,7.6156817405
2,2016-04-15,0.044383386,0.073695886,3.8019660836666667,2.476639169,26.658766886666665,41.78920479,5.1406817406666665
2,2016-04-16,0.11865005266666667,0.203495886,6.675716083666667,4.448722502333333,31.66710022,39.122538123333335,8.215681739166667
2,2016-04-17,0.20092921933333333,0.305695886,8.4265494175,5.439972502333333,37.40460022,40.997538123333335,9.594848405
2,2016-04-18,0.23531671933333334,0.307295886,10.675716085541666,6.802472502333334,43.90460022,48.08087145666667,12.232348404
2,2016-04-19,0.11898755266666666,0.231595886,7.031132750833334,4.439139169,36.53376688666666,57.497538123333335,8.344848406
2,2016-04-20,0.200070886,0.317995886,10.611549419000001,6.835805835833334,43.11710022,54.16420479000001,12.624015070833332
2,2016-04-21,0.109458386,0.170395886,5.217799417,3.729139169,39.65876688666666,67.78920479,6.732348406666667
2,2016-04-22,0.070933386,0.098295886,6.7182160841666665,4.2495558356666665,53.587933553333336,55.997538123333335,7.732348405500001
2,2016-04-23,0.058008386,0.172495886,4.655299417,3.3545558356666665,51.51293355333333,63.872538123333335,6.069848406833334
2,2016-04-24,0.21253755266666666,0.320795886,3.232382750333333,2.387889169,49.66710022,65.66420479,4.815681740666666
2,2016-04-25,0.023945886,0.067495886,5.309049417,3.424139169,46.65876688666666,79.20587145666667,7.140681739833333
2,2016-04-26,0.11754171933333334,0.175095886,5.9215494170000005,4.017055835666667,49.51710022,68.78920479,7.353181739333333
2,2016-04-27,0.08698755266666668,0.116495886,4.183216083666667,2.4549725023333333,53.84626688666666,49.70587145666667,4.769848407333334
2,2016-04-28,0.06187505266666667,0.101895886,5.690299416999999,3.6166391690000004,50.296266886666665,78.49753812333334,7.5781817401666665
2,2016-04-29,0.050708386,0.071895886,6.554466083666667,4.579972502333333,50.612933553333335,67.95587145666667,8.357348406166667
2,2016-04-30,0.12352505266666668,0.190795886,7.2044660836666665,4.474139169,54.16710022,51.28920479000001,7.649015072666667
2,2016-05-01,0.182383386,0.276995886,8.727799417875,5.477472502333334,58.91710022,54.497538123333335,9.994848405666668
2,2016-05-02,0.162683386,0.343995886,8.680716084791667,5.509139169,55.41293355333334,45.03920479000001,10.044848405666666
2,2016-05-03,0.10903755266666666,0.136295886,5.964049417000001,4.279139169,44.80460022,65.24753812333334,7.649015073833334
2,2016-05-04,0.07335421933333333,0.122195886,6.032382750333333,3.8849725023333335,39.67960022,84.49753812333334,6.911515074
2,2016-05-05,0.09838755266666667,0.204995886,6.078216083666667,4.204972502333333,40.483766886666665,84.16420479,7.599015073166666
2,2016-05-06,0.10894171933333334,0.211795886,5.313216083666666,3.2916391689999998,47.67126688666667,67.45587145666667,6.153181740666667
2,2016-05-07,0.18355421933333335,0.283995886,7.567799417,4.911222502333334,42.28376688666667,52.95587145666667,8.699015072333333
2,2016-05-08,0.135320886,0.221295886,4.552799417,2.756639169,41.22960022,50.53920479000001,5.649015074
2,2016-05-09,0.15522921933333333,0.265595886,10.629049418625,6.9137225024583335,39.07960022,67.74753812333334,12.436515071166667
2,2016-05-10,0.225558386,0.283095886,8.591966083666668,5.6991391689999995,36.10043355333333,55.622538123333335,10.357348405333333
2,2016-05-11,0.04582921933333334,0.099095886,5.346132750333333,3.3316391690000002,36.42960022,52.66420479000001,6.424015073666666
2,2016-05-12,0.06886671933333334,0.150895886,5.407799417,3.687889169,39.25043355333333,50.997538123333335,6.507348407333333
2,2016-05-13,0.17242921933333333,0.321295886,7.143216083666666,4.636222502333333,46.07126688666667,78.62253812333334,8.732348405666666
2,2016-05-14,0.25499171933333337,0.474495886,8.273632751083333,5.358305835666666,50.296266886666665,66.91420479,9.7406817385
2,2016-05-15,0.04413755266666666,0.171795886,3.789882750333333,2.464972502333333,50.43793355333333,61.747538123333335,4.711515074
2,2016-05-16,0.0009208891666666667,0.007995886,3.8911327503333335,2.6245558356666665,51.38793355333333,71.33087145666667,4.5365150739999995
2,2016-05-17,0.009541722333333334,0.069995886,5.559882750333333,3.4345558356666666,54.31293355333333,64.74753812333334,6.240681740666666
2,2016-05-18,0.217395886,0.315595886,8.20029941725,5.124139169,56.00460021999999,62.70587145666667,9.136515072333333
2,2016-05-19,0.23523755266666668,0.288795886,9.242799417625,6.088305835666667,58.74626688666667,70.49753812333334,10.836515071166666
2,2016-05-20,0.3060542193333333,0.335695886,11.331132753333334,7.696639169,59.53793355333334,76.70587145666667,13.519848403333333
2,2016-05-21,0.281933386,0.360995886,10.186966085791667,6.822889169,61.15460022,79.37253812333334,12.294848403833333
2,2016-05-22,0.153608386,0.192295886,7.821549417,5.078722502333334,63.54210022,76.58087145666667,9.2531817395
2,2016-05-23,0.06565005266666667,0.159495886,6.022799417000001,3.6633058356666663,63.983766886666665,74.41420479,6.832348407333334
2,2016-05-24,0.061283385999999995,0.090895886,4.851549417,3.0720558356666667,59.06293355333333,87.83087145666667,5.861515074
2,2016-05-25,0.053945886,0.103695886,5.291549417,3.5387225023333335,57.33793355333333,77.33087145666667,6.582348407333334
2,2016-05-26,0.021537552666666668,0.041795886,3.789882750333333,2.5774725023333334,60.50043355333333,67.95587145666667,4.978181740666667
2,2016-05-27,0.072208386,0.137495886,6.673632750333333,4.085805835666666,65.04210022,56.247538123333335,7.3948484070000005
2,2016-05-28,0.24649171933333333,0.333295886,9.718216084916667,6.279555835666667,58.38376688666667,47.95587145666667,11.299015072000001
2,2016-05-29,0.09954171933333333,0.179695886,4.514049417,3.120805835666667,52.79210022,65.62253812333334,6.115681740666667
2,2016-05-30,0.04716671933333333,0.068795886,5.038632750333334,3.3058058356666664,53.30876688666667,56.83087145666667,6.265681740666667
2,2016-05-31,0.188483386,0.246495886,8.665299418,5.413305835666667,61.32126688666667,56.28920479000001,9.503181738833334
2,2016-06-01,0.05311671933333333,0.158195886,5.776132750458333,3.5808058356666668,72.60460022,64.66420479,6.599015074
2,2016-06-02,0.009708386000000001,0.016295886,6.487799417000001,3.8233058356666665,68.74626688666667,51.747538123333335,7.024015073666667
2,2016-06-03,0.016004219333333333,0.042495886,5.925299417000001,3.622472502333333,67.64626688666667,52.16420479000001,6.586515073833334
2,2016-06-04,0.10436671933333334,0.213495886,4.017799417,2.6170558356666667,64.70043355333333,59.747538123333335,5.228181740666667
2,2016-06-05,0.10931255266666667,0.139195886,3.7690494169999997,2.1249725023333332,64.00460022,52.33087145666667,4.353181740666667
2,2016-06-06,0.23357088599999998,0.317695886,12.208632752583334,7.759139169125,64.74626688666667,50.28920479000001,13.703181737666666
2,2016-06-07,0.10322505266666666,0.202695886,9.911132751708333,6.370805835708333,74.80043355333333,71.70587145666667,12.786515070833333
2,2016-06-08,0.04759171933333333,0.150495886,6.21029941725,3.9558058356666668,71.48793355333333,69.20587145666667,8.06568174
2,2016-06-09,0.160495886,0.217095886,9.375299418125,6.095389169000001,59.54626688666667,67.24753812333334,11.015681737833333
2,2016-06-10,0.09740005266666667,0.119395886,9.331132751958334,6.145805835666667,59.44626688666667,57.33087145666667,11.294848404166666
2,2016-06-11,0.07010005266666666,0.110995886,7.0932160839166665,4.491639169,63.78793355333334,49.83087145666667,7.97818174
2,2016-06-12,0.11080421933333334,0.175195886,6.979882750333334,4.7720558356666665,62.53793355333334,67.08087145666667,8.536515072333334
2,2016-06-13,0.212258386,0.230795886,10.389882751833333,6.905389169,65.53376688666667,63.497538123333335,11.990681737833334
2,2016-06-14,0.228045886,0.244295886,13.206966086666666,8.683722502583334,71.88793355333333,59.53920479000001,15.282348403333332
2,2016-06-15,0.080358386,0.177295886,7.370716084666667,4.613305835666666,76.02960022,52.78920479000001,8.6740150725
2,2016-06-16,0.12877921933333333,0.220795886,12.470299419125,7.862472502708333,76.39210021999999,53.91420479000001,13.490681738
2,2016-06-17,0.1821667193333333,0.292095886,11.3802994195,7.405389169,77.72960022,57.872538123333335,13.936515070333334
2,2016-06-18,0.09815421933333333,0.146695886,7.319466083791667,5.055805835666667,64.67960022,65.28920479,9.649015072
2,2016-06-19,0.03582505266666667,0.092495886,5.829049417125,3.840389169,61.78793355333334,56.83087145666667,7.524015074
2,2016-06-20,0.12683755266666666,0.208595886,7.306549416999999,4.722889169,64.67126688666666,70.37253812333334,9.003181739166667
2,2016-06-21,0.07185421933333333,0.085795886,3.616132750333333,2.292889169,60.47960022,70.87253812333334,4.824015074
2,2016-06-22,0.08944588599999999,0.120695886,5.944049417,3.8808058356666666,61.15460022,60.45587145666667,7.190681739833334
2,2016-06-23,0.040308386,0.068895886,4.533216083666667,3.1024725023333333,62.858766886666665,65.08087145666667,5.719848407333333
2,2016-06-24,0.17536671933333334,0.305795886,4.644466083666667,2.7958058356666666,68.23793355333333,60.08087145666667,5.274015074
2,2016-06-25,0.2990750526666667,0.369495886,7.091132750333333,4.265389169,70.70876688666667,68.20587145666667,8.211515072500001
2,2016-06-26,0.05446671933333333,0.112495886,4.915299417,3.234139169,72.29210022,60.16420479000001,6.274015074
2,2016-06-27,0.091820886,0.122895886,7.459882750708334,4.850805835666667,74.53793355333333,58.747538123333335,8.265681739166666
2,2016-06-28,0.213883386,0.292695886,10.507382752333333,6.901639169,76.30460022,66.37253812333334,12.490681737833334
2,2016-06-29,0.11962921933333333,0.157595886,8.160716083666665,5.477472502333334,77.60876688666666,71.16420479,9.753181739
2,2016-06-30,0.116795886,0.218395886,9.746966084666667,6.5949725023750005,76.89210022,81.41420479,11.790681738166667
2,2016-07-01,0.11306255266666666,0.211895886,6.243632750458333,3.8333058356666663,70.61710022,68.99753812333334,7.3906817405
2,2016-07-02,0.24387088599999998,0.325295886,10.082382751833334,6.373305835666667,76.85043355333333,65.37253812333334,11.153181738166667
2,2016-07-03,0.041845886,0.110495886,5.51279941725,3.4566391690000002,75.60876688666667,68.70587145666667,6.940681740333333
2,2016-07-04,0.171333386,0.256495886,6.550716083666667,4.078722502333333,75.91293355333333,75.16420479,7.803181739833334
2,2016-07-05,0.07077505266666666,0.125095886,4.297799417,2.779139169,74.18793355333334,74.87253812333334,5.836515074
2,2016-07-06,0.05575005266666667,0.122995886,2.786549417,1.9608058356666669,71.17543355333333,76.08087145666667,4.136515074
2,2016-07-07,0.089458386,0.214395886,6.8823827507083335,4.512055835666667,72.70460022,71.70587145666667,7.907348405833333
2,2016-07-08,0.093420886,0.147595886,6.328216084416667,4.216222502333333,74.74626688666667,72.53920479,8.340681739166667
2,2016-07-09,0.11725005266666666,0.162295886,6.730299417125,4.395805835666667,69.60043355333333,62.372538123333335,8.044848405833333
2,2016-07-10,0.06237088599999999,0.134495886,3.4157160836666667,2.0520558356666667,69.11710022,70.74753812333334,4.240681740666667
2,2016-07-11,0.105033386,0.170895886,7.199466083916666,4.846639169,67.32543355333333,71.99753812333334,8.836515072333333
2,2016-07-12,0.040208386,0.056395886,4.898216083916666,3.4358058356666668,70.41293355333333,66.08087145666667,6.136515073833333
2,2016-07-13,0.11845421933333333,0.223795886,8.381966084416666,5.411639169,72.10460022,64.74753812333334,10.057348405166666
2,2016-07-14,0.08259171933333333,0.178795886,5.478216083666666,3.6237225023333335,67.06710022,57.372538123333335,6.753181740333333
2,2016-07-15,0.23828755266666668,0.304295886,7.2261327507083335,4.653722502333333,69.55876688666667,57.08087145666667,8.244848406166666
2,2016-07-16,0.16769171933333335,0.259395886,5.553216083666666,3.662889169,71.81293355333334,56.16420479000001,6.6240150735
2,2016-07-17,0.26990421933333336,0.400895886,8.750299417875,5.417055835666667,74.77126688666667,71.03920479,10.215681738333332
2,2016-07-18,0.17646255266666666,0.281695886,6.174882750333333,4.314555835666667,69.89626688666667,73.74753812333334,8.069848406
2,2016-07-19,0.133320886,0.213095886,7.534882750333334,4.932889169,67.48376688666667,63.53920479000001,8.978181739166667
2,2016-07-20,0.03195421933333333,0.059995886,4.075716083666666,2.919555835666667,67.66710022,68.74753812333334,5.365681740666666
2,2016-07-21,0.02880005266666667,0.066795886,4.696132750333334,3.015805835666667,65.01710022,75.24753812333334,5.790681740666667
2,2016-07-22,0.08672921933333333,0.211195886,6.672382750333333,4.347055835666667,65.82126688666666,75.87253812333334,7.719848406333334
2,2016-07-23,0.30769171933333334,0.368795886,10.217382751708334,6.690805835666667,73.65043355333334,74.24753812333334,11.753181738
2,2016-07-24,0.17210005266666664,0.372195886,8.349466084541666,5.470389169,80.22543355333333,70.74753812333334,10.353181739
2,2016-07-25,0.19261255266666666,0.318095886,4.479882750458333,2.841639169,77.30043355333333,80.16420479,6.094848407000001
2,2016-07-26,0.161758386,0.374395886,6.554466083666667,4.148722502333333,69.89626688666667,64.20587145666667,7.599015073833333
2,2016-07-27,0.08384171933333333,0.108395886,5.574049417,3.233722502333333,70.53793355333333,59.95587145666667,5.978181740666667
2,2016-07-28,0.029820886,0.048895886,3.6773827503333334,2.7874725023333333,68.92960022,64.95587145666667,4.7240150739999995
2,2016-07-29,0.051841719333333335,0.165595886,4.304049417,2.975389169,68.27126688666667,68.74753812333334,5.174015074
2,2016-07-30,0.5191375526666667,0.844395886,2.339882750333333,1.7262225023333333,69.48376688666666,69.03920479,3.478181740666667
2,2016-07-31,0.4667625526666667,0.985895886,6.521132750333333,4.089139169,73.38376688666666,66.24753812333334,7.436515073833333
2,2016-08-01,0.306620886,0.482395886,7.791549417,5.1941391690000005,67.95460022,62.872538123333335,9.319848405333333
2,2016-08-02,0.08974171933333334,0.238995886,6.069882750333334,3.8220558356666667,64.16710022,64.87253812333334,7.049015074
2,2016-08-03,0.007566721500000001,0.044995886,3.7090494169999997,2.4987225023333335,64.17543355333333,58.20587145666667,4.694848407333334
2,2016-08-04,0.10364171933333333,0.140795886,6.026132750333333,3.767055835666667,65.27960022,63.20587145666667,6.9948484073333335
2,2016-08-05,0.0067542225000000004,0.058395886,3.948632750333333,2.5295558356666668,65.15460022,81.66420479,5.240681740666667
2,2016-08-06,0.020787554666666666,0.085095886,4.442799417,3.0712225023333333,67.40043355333334,74.41420479,5.515681740666667
2,2016-08-07,0.100845886,0.213595886,6.7636327503333336,4.049139169,73.67126688666667,76.12253812333334,7.590681740166667
2,2016-08-08,0.13238755266666666,0.295595886,5.773632750333333,3.470805835666667,70.29626688666667,68.70587145666667,6.607348407
2,2016-08-09,0.14477921933333335,0.338395886,6.186132750333333,3.6937225023333333,70.09626688666667,75.83087145666667,7.011515073166667
2,2016-08-10,0.17829588600000001,0.270695886,6.974882750333333,4.1053891689999995,66.64626688666667,47.16420479000001,7.3865150735
2,2016-08-11,0.13846672033333332,0.419295886,6.614049417625,3.9362225023333335,71.74210022,62.372538123333335,7.4948484065
2,2016-08-12,0.0727250535,0.197295886,6.245299417000001,4.036222502333334,71.94210022,78.66420479,7.765681739833333
2,2016-08-13,0.15580421933333333,0.259395886,6.916966083916667,4.265389169,76.84210022,72.58087145666667,8.032348407166667
2,2016-08-14,0.2645417193333333,0.432895886,7.648216084541667,5.087472502333333,65.70460022,79.41420479,9.8948484055
2,2016-08-15,0.2526292193333333,0.362695886,6.967799417625,4.3503891690000005,68.52960022,60.16420479000001,7.674015073333333
2,2016-08-16,0.08665838599999999,0.139195886,5.563632750333333,3.644555835666667,68.07960022,63.03920479000001,6.2448484065
2,2016-08-17,0.028662554833333336,0.164995886,3.3915494170000002,2.1670558356666665,68.56293355333334,70.16420479,4.103181740666667
2,2016-08-18,0.203533386,0.341195886,7.359466083791666,4.317472502333334,73.01293355333333,63.78920479000001,7.536515074
2,2016-08-19,0.17499172033333332,0.524195886,6.579049418125,3.857889169,76.59626688666667,65.53920479,7.1323484065
2,2016-08-20,0.05490005266666667,0.150795886,4.8607160836666665,2.971639169,73.79626688666667,77.49753812333334,5.765681740666667
2,2016-08-21,0.014087554583333333,0.099295886,2.692799417,1.839139169,73.13793355333333,85.87253812333334,3.694848407333333
2,2016-08-22,0.06547505366666666,0.188995886,4.204049417,2.558722502333333,75.49210022,72.12253812333334,4.615681740666667
2,2016-08-23,0.100645886,0.246095886,4.938216083791667,2.927889169,74.30043355333333,73.33087145666667,5.953181740333334
2,2016-08-24,0.085783386,0.147795886,6.498632750333333,4.200389169,69.35876688666666,76.45587145666667,7.753181740666666
2,2016-08-25,0.031291719333333336,0.079595886,5.253216083666667,3.4187225023333334,73.42543355333333,84.74753812333334,6.319848406666666
2,2016-08-26,0.04100005266666667,0.124695886,4.259466083666667,2.877055835666667,73.58376688666667,81.74753812333334,5.157348407166666
2,2016-08-27,0.025833386,0.039295886,4.284049416999999,2.8087225023333335,67.18376688666667,77.12253812333334,5.111515074000001
2,2016-08-28,0.15268755383333335,0.447895886,8.034049418124999,5.153722502333333,65.36710022,72.99753812333334,9.686515072
2,2016-08-29,0.12689171933333335,0.375595886,4.885299417,2.8353891690000004,63.37543355333333,65.83087145666667,5.232348407333333
2,2016-08-30,0.5831750526666667,0.707995886,10.274882752208333,6.625389168999999,63.84210022,68.74753812333334,11.944848403833333
2,2016-08-31,0.33067921933333333,0.501395886,7.435716084041666,4.702889169,59.99626688666667,51.03920479000001,8.519848405833333
2,2016-09-01,0.43174171933333333,0.694295886,10.426966085416668,6.433722502333333,65.75043355333334,43.247538123333335,11.303181737833334
2,2016-09-02,0.19877921933333334,0.484895886,9.942382751583333,6.0753891690833335,67.29626688666667,47.53920479000001,10.899015072333334
2,2016-09-03,0.445095886,0.540495886,11.455299419125,7.642055835666667,59.11710022,51.83087145666667,14.032348403999999
2,2016-09-04,0.19570838599999998,0.443395886,6.125716083666667,3.890389169,61.22126688666666,55.122538123333335,6.903181739666667
2,2016-09-05,0.118658386,0.287895886,5.8469660836666675,3.906639169,65.28376688666667,53.497538123333335,6.786515073
2,2016-09-06,0.382445886,0.640395886,10.25154941875,6.469139169000001,65.19626688666666,53.622538123333335,11.578181737833333
2,2016-09-07,0.09244588599999999,0.315795886,5.344466083666667,3.598722502333333,48.79626688666667,68.66420479,6.640681740333334
2,2016-09-08,0.05106671933333334,0.155295886,5.016549417,3.6158058356666665,44.35460022,54.622538123333335,6.928181740666666
2,2016-09-09,0.06242088600000001,0.295195886,3.855716083666666,2.629555835666667,46.30460022,59.122538123333335,4.8698484073333335
2,2016-09-10,0.230320886,0.501795886,6.4144660836666665,3.7895558356666665,51.72960022,58.08087145666667,6.953181740666667
2,2016-09-11,0.06936255266666667,0.094195886,5.8102994169999995,3.627055835666667,51.60876688666667,76.45587145666667,6.965681740333333
2,2016-09-12,0.005608386,0.031595886,3.6082160836666666,2.437889169,57.15043355333333,79.33087145666667,4.7240150739999995
2,2016-09-13,0.11330421933333333,0.211295886,6.748216083666667,4.207889169,56.362933553333335,71.74753812333334,7.715681739833333
2,2016-09-14,0.1944917193333333,0.404495886,8.078216084166668,4.844972502333333,60.76710022,67.16420479,8.507348406666667
2,2016-09-15,0.25572088600000004,0.663095886,6.577382750958333,3.825805835666667,66.59210022,61.95587145666667,7.249015073
2,2016-09-16,0.18306255325,0.337295886,5.563216083666667,3.8558058356666667,54.675433553333335,69.16420479,7.336515073
2,2016-09-17,0.008279220333333333,0.053395886,4.127799416999999,2.462889169,53.333766886666666,71.99753812333334,4.632348407333334
2,2016-09-18,0.23599171933333332,0.343495886,7.159466083666666,4.499139169,53.99626688666667,63.28920479000001,7.790681739500001
2,2016-09-19,0.24130005266666665,0.368995886,8.390299417375,5.066222502333333,61.212933553333336,63.622538123333335,8.994848406000001
2,2016-09-20,0.014012554833333335,0.112895886,9.141132751458334,5.599972502333333,67.04626688666666,57.122538123333335,10.219848404666667
2,2016-09-21,0.08201671933333333,0.212495886,6.079466083791666,3.6995558356666667,66.85876688666667,48.91420479000001,6.632348406999999
2,2016-09-22,0.05859588600000001,0.154795886,5.083216083666667,3.3545558356666665,66.47126688666667,60.95587145666667,5.228181740666667
2,2016-09-23,0.20190838600000002,0.389195886,6.661549417,4.328305835666667,62.29210022,73.37253812333334,7.378181739833334
2,2016-09-24,0.14618755266666666,0.310195886,6.828216084166667,4.232472502333334,61.72960022,75.49753812333334,7.611515073333333
2,2016-09-25,0.17812505266666667,0.365195886,7.4969660840416665,4.467472502333333,64.54210022,50.83087145666667,8.378181739166667
2,2016-09-26,0.19691255266666666,0.447795886,7.176132750958334,4.325805835666666,60.34626688666666,55.247538123333335,7.765681739833333
2,2016-09-27,0.22075005366666667,0.536595886,12.846549419874998,8.546222502375,53.03793355333334,63.03920479000001,15.22401507
2,2016-09-28,0.19055422033333333,0.515495886,9.91904941925,6.533722502333333,50.97543355333334,60.997538123333335,11.957348404166666
2,2016-09-29,0.476145886,0.634195886,10.72779941925,6.812472502333333,57.47126688666666,47.997538123333335,11.903181737499999
2,2016-09-30,0.065420886,0.259795886,13.131966086666667,8.795805835874999,50.81710022000001,50.497538123333335,15.836515069999999
2,2016-10-01,0.06144171933333333,0.103195886,6.9569660840416665,4.862055835666667,42.93793355333333,65.62253812333334,8.928181738666668
2,2016-10-02,0.017270886,0.053995886,3.463216083666667,2.1595558356666666,42.462933553333336,66.53920479,4.0990150739999995
2,2016-10-03,0.03375005266666666,0.121395886,3.6094660836666663,2.477889169,44.26293355333333,66.70587145666667,4.549015074000001
2,2016-10-04,0.2874042193333333,0.398795886,8.577799417625,5.238722502333333,48.79210022,64.74753812333334,9.1281817385
2,2016-10-05,0.36770838600000005,0.580995886,11.072382752583332,6.731222502333334,57.70043355333333,54.747538123333335,11.824015070833333
2,2016-10-06,0.29722921933333335,0.405795886,9.076549417875,5.386222502333333,60.89210022,47.747538123333335,9.411515072
2,2016-10-07,0.209995886,0.430195886,6.887382750333334,4.284139169,55.89210022,42.28920479,7.615681739666666
2,2016-10-08,0.126470886,0.198395886,8.289466084416667,4.989972502333333,54.70460022,49.16420479000001,8.524015072333333
2,2016-10-09,0.23447505266666668,0.384795886,8.567382750708333,4.961639169000001,60.337933553333336,52.372538123333335,8.7156817395
2,2016-10-10,0.094358386,0.217995886,7.999882751208333,4.979972502333333,52.49210022,58.122538123333335,8.619848405166666
2,2016-10-11,0.13465005266666666,0.392295886,13.034466086291667,8.524972502375,59.35876688666667,51.997538123333335,15.332348403333334
2,2016-10-12,0.19287921933333332,0.347095886,8.902382751208334,5.565805835666667,52.00876688666667,42.78920479000001,10.099015071833334
2,2016-10-13,0.25942088599999996,0.637495886,10.187382752208334,6.644972502333334,49.01710022,50.28920479000001,12.203181737666666
2,2016-10-14,0.12297505366666667,0.316395886,12.100716085916666,8.04788916925,46.30876688666667,54.872538123333335,14.374015071
2,2016-10-15,0.3495042193333333,0.633495886,10.458632752333333,6.915805835666667,38.37960022,50.997538123333335,12.728181737333335
2,2016-10-16,0.3293875526666667,0.588595886,8.309882751583332,5.661222502333334,37.59626688666667,52.122538123333335,10.428181737666668
2,2016-10-17,0.213520886,0.415795886,7.990716083791667,5.593722502333333,32.74626688666667,70.08087145666667,9.969848405166667
2,2016-10-18,0.21740005266666665,0.353595886,6.786549417,4.6212225023333335,26.587933553333333,63.122538123333335,8.449015072833333
2,2016-10-19,0.015100054833333335,0.082495886,2.5161327503333335,1.9749725023333333,28.25460022,71.91420479,4.007348407333333
2,2016-10-20,0.326895886,0.691795886,8.204882751083334,5.304972502333333,31.458766886666666,90.70587145666667,9.282348406333334
2,2016-10-21,0.08831255366666667,0.386795886,4.859882750333333,3.0512225023333333,28.021266886666666,73.74753812333334,5.932348407166667
2,2016-10-22,0.123583386,0.200195886,6.954882750333333,4.702472502333333,25.833766886666666,88.41420479,8.090681740666666
2,2016-10-23,0.19677505266666664,0.272395886,7.528216083666667,4.490389169,21.121266886666668,81.74753812333334,7.740681740666667
2,2016-10-24,0.009720886,0.065395886,2.9073827503333334,1.9587225023333332,19.596266886666665,84.53920479,3.415681740666667
2,2016-10-25,0.16646671933333332,0.286595886,6.266132750333334,3.502472502333333,17.875433553333334,77.41420479,5.907348407333333
2,2016-10-26,0.33762505266666665,0.619795886,8.508216084541667,5.052472502333333,13.54210022,83.83087145666667,8.407348405833334
2,2016-10-27,0.3953292193333333,0.527795886,13.134466086666668,7.720389169000001,23.10460022,79.16420479,12.994848403333334
2,2016-10-28,0.202445886,0.374395886,8.5777994185,5.027889169,35.09626688666666,83.24753812333334,8.744848405
2,2016-10-29,0.07079171933333334,0.143195886,5.497382750333333,3.4758058356666663,27.70043355333333,90.66420479,5.874015074
2,2016-10-30,0.02430005266666667,0.060595886,6.756132751208334,4.225805835666667,34.896266886666666,87.28920479,7.432348406333333
2,2016-10-31,0.0037208881666666665,0.015995886,14.756132753333333,9.559555836083334,39.925433553333335,61.497538123333335,17.028181736666667
2,2016-11-01,0.08325005266666667,0.223795886,7.874049417999999,4.913722502333333,31.487933553333335,57.20587145666667,9.028181739166667
2,2016-11-02,0.08880005266666667,0.137795886,10.082382752208334,5.612055835666666,46.05460022,52.872538123333335,9.649015071833334
2,2016-11-03,0.21413755266666668,0.358495886,10.991966085791667,6.154555835666667,53.96710022,48.997538123333335,10.453181738
2,2016-11-04,0.18227921933333333,0.271895886,9.816132752208334,5.337472502333333,55.583766886666666,44.622538123333335,9.049015073666666
2,2016-11-05,0.24668755266666667,0.485095886,8.632382751708333,5.047889169,53.708766886666666,58.16420479000001,8.8198484055
2,2016-11-06,0.038416720333333335,0.207895886,6.494882750333333,3.7987225023333333,51.78376688666666,60.497538123333335,6.528181740666667
2,2016-11-07,0.024616720166666665,0.122095886,5.9615494170000005,3.7274725023333333,40.25460022,84.24753812333334,6.649015074
2,2016-11-08,0.10659588599999999,0.223095886,13.029049419875001,8.229139169166666,54.333766886666666,65.03920479,14.624015070333334
2,2016-11-09,0.18830421933333333,0.332595886,8.736966084541667,5.951222502333334,27.196266886666667,53.03920479000001,10.957348405
2,2016-11-10,0.034625054833333335,0.137495886,4.9369660836666664,2.8583058356666666,25.84626688666667,68.12253812333334,5.449015073999999
2,2016-11-11,0.31485421933333335,0.403495886,10.972382752083334,6.952472502333333,29.833766886666666,62.83087145666667,12.111515071666666
2,2016-11-12,0.15741255266666668,0.222495886,7.490716083916666,4.877472502333333,19.900433553333333,62.622538123333335,8.936515071833334
2,2016-11-13,0.12524171933333333,0.272495886,7.905716083666667,4.351222502333333,28.246266886666664,68.99753812333334,7.586515073666667
2,2016-11-14,0.13540421933333333,0.321695886,10.589466085166666,6.425389169041666,37.458766886666666,54.33087145666667,11.011515071166668
2,2016-11-15,0.145395886,0.290795886,11.85654941875,7.795389169166666,29.771266886666666,59.45587145666667,14.099015071166667
2,2016-11-16,0.13998755266666665,0.315495886,7.665299418,5.0741391689999995,30.23376688666667,69.70587145666667,8.957348405500001
2,2016-11-17,0.11330421933333333,0.188495886,6.620716084041667,3.845805835666667,27.900433553333333,79.74753812333334,6.540681740499999
2,2016-11-18,0.009345889166666666,0.080795886,7.481132751083333,4.087889169,39.88376688666667,66.70587145666667,7.0323484065
2,2016-11-19,0.022100054666666664,0.154195886,6.890716083666667,3.8699725023333333,37.78793355333333,81.41420479,7.324015073999999
2,2016-11-20,0.19326255266666667,0.302795886,6.3486327503333335,4.031639169,26.658766886666665,73.28920479,7.282348406833333
2,2016-11-21,0.3730792193333334,0.548395886,9.166132750833333,5.157055835666667,33.47543355333333,74.12253812333334,8.7823484065
2,2016-11-22,0.28652921933333336,0.445695886,8.298632751458333,5.158305835666667,28.496266886666664,74.03920479,9.107348405333333
2,2016-11-23,0.3306250526666667,0.454595886,10.455716085541667,6.523305835666666,29.47960022,76.03920479,11.136515071666667
2,2016-11-24,0.23451671933333332,0.340395886,7.405716083666667,4.716639169,28.621266886666664,81.28920479,8.578181739
2,2016-11-25,0.12971671933333334,0.239495886,7.047382750583334,4.180389169000001,28.237933553333335,72.16420479,7.032348407333333
2,2016-11-26,0.19236255266666666,0.297695886,9.772382751833334,6.152889169000001,32.85460022,66.66420479,10.790681737666667
2,2016-11-27,0.3245125526666667,0.520095886,9.912799418,5.878305835666667,31.45460022,58.997538123333335,10.1365150715
2,2016-11-28,0.247820886,0.397295886,11.95029942,6.882055835708333,39.15460022,42.91420479000001,11.657348403833334
2,2016-11-29,0.02626255483333333,0.163595886,11.264049418874999,7.353305835708333,27.17126688666667,57.08087145666667,13.324015071166668
2,2016-11-30,0.129783386,0.179195886,8.2927994175,4.610389169,28.646266886666666,53.83087145666667,7.8573484071666675
2,2016-12-01,0.19723755266666668,0.352395886,7.1827994175,3.950805835666667,30.946266886666667,63.622538123333335,6.794848407333333
2,2016-12-02,0.292445886,0.471595886,8.599049417375001,5.262055835666667,31.071266886666667,76.70587145666667,9.099015073666667
2,2016-12-03,0.49876255266666664,0.534495886,10.923632752833333,6.4091391689999995,33.78376688666667,52.83087145666667,10.8698484035
2,2016-12-04,0.25738755266666663,0.469895886,9.272799417749999,5.261222502333333,34.487933553333335,67.62253812333334,8.990681740166666
2,2016-12-05,0.27094588599999997,0.434595886,9.674882751958334,5.456639169,34.68376688666667,70.49753812333334,9.3906817385
2,2016-12-06,0.120083386,0.197595886,7.484466083666667,4.0620558356666665,35.833766886666666,67.83087145666667,6.799015074
2,2016-12-07,0.274795886,0.323095886,10.622799419,5.954139169,37.087933553333336,54.70587145666667,10.069848405333333
2,2016-12-08,0.281370886,0.407095886,11.148632753208332,6.263722502333334,42.02960022,50.78920479000001,10.607348404333333
2,2016-12-09,0.15146255266666667,0.342895886,7.65154941775,4.174555835666667,38.37126688666667,68.83087145666667,7.3948484064999995
2,2016-12-10,0.13563755266666666,0.324495886,9.138632751333333,5.802472502333334,32.921266886666665,81.16420479,10.2406817385
2,2016-12-11,0.005595889166666666,0.048395886,3.8607160836666665,2.8803891690000003,25.17126688666667,81.78920479,5.469848407333333
2,2016-12-12,-4.11e-06,-4.11e-06,3.1244660836666664,2.558305835666667,20.775433553333333,76.66420479,5.011515074
2,2016-12-13,0.0378625535,0.095495886,8.463216084291666,6.055805835666667,18.487933553999998,64.66420479,10.890681738333333
2,2016-12-14,0.005041721083333333,0.040895886,4.057799417,2.942472502333333,7.675433556000001,62.16420479000001,5.861515074
2,2016-12-15,0.032987554583333335,0.189095886,6.075299417,3.774139169,17.750433553333334,74.28920479,6.586515074
2,2016-12-16,0.22906671933333334,0.345195886,8.811132750708333,5.161639169,25.633766886666667,77.99753812333334,8.8406817395
2,2016-12-17,0.10240421933333334,0.236995886,6.347382750833333,3.7774725023333335,27.175433553333335,82.87253812333334,6.4115150734999995
2,2016-12-18,0.2967917193333333,0.529395886,9.130716085041668,5.695389168999999,25.20043355333333,70.20587145666667,10.2031817385
2,2016-12-19,0.2917917193333333,0.470295886,9.511132752083332,5.618722502333333,25.07543355333333,60.08087145666667,9.594848404833334
2,2016-12-20,0.15902921933333333,0.377495886,11.233632752083333,6.598305835666667,32.51293355333333,68.20587145666667,11.544848405000002
2,2016-12-21,0.19067505266666665,0.445495886,11.774466085416668,7.428722502708333,31.737933553333335,61.91420479000001,13.311515071166667
2,2016-12-22,0.26661255266666667,0.444195886,8.861549417875,4.997472502333333,33.054600220000005,62.622538123333335,8.578181739166666
2,2016-12-23,0.28525005266666664,0.487895886,15.100716086541667,10.312889169625,9.9421002225,67.41420479,18.282348403333334
2,2016-12-24,0.08383755366666668,0.265395886,5.486132750333333,3.684972502333333,6.483766888999999,61.41420479000001,6.849015073666667
2,2016-12-25,0.30850005266666664,0.513495886,9.156132751708332,5.106639169,27.125433553333334,69.91420479,8.728181739333333
2,2016-12-26,0.026525052666666663,0.066295886,4.372382750333333,2.7395558356666663,22.308766886666664,85.78920479,4.836515074
2,2016-12-27,0.012233388166666666,0.071495886,6.616966083666667,4.547889169,18.46710022,77.08087145666667,8.290681739166667
2,2016-12-28,0.058475053666666665,0.136495886,7.040299417,4.262889169,15.55460022,71.08087145666667,7.536515074
2,2016-12-29,0.21925005266666667,0.356295886,9.741132751833334,6.0549725023333325,19.81710022,83.16420479,10.432348405166666
2,2016-12-30,0.24969171933333334,0.480495886,9.233216084916666,5.958722502333333,19.033766886666665,75.87253812333334,10.619848404833332
2,2016-12-31,0.23642505266666666,0.356095886,9.084882750708333,5.066222502333333,23.95460022,66.24753812333334,8.461515073833334
3,2013-01-02,0.501883386,0.573095886,5.981549417,3.8574725023333336,31.787933553333332,82.41420479,6.636515073999999
3,2013-01-03,0.3806292193333333,0.453195886,10.701132752458333,7.507889168999999,18.637933554,61.372538123333335,13.219848403999999
3,2013-01-04,0.22917505266666668,0.301795886,7.1957160836666665,5.281222502333333,5.908766889833333,43.66420479000001,9.653181738333334
3,2013-01-05,0.08076255266666667,0.150295886,6.9040494169999995,5.0395558356666665,5.433766890666667,44.95587145666667,9.186515072499999
3,2013-01-06,0.013720886,0.025095886,4.909882750333334,3.2378891690000002,6.600433555333333,46.33087145666667,6.040681740666667
3,2013-01-07,0.005358386,0.008795886,4.767799417,2.969972502333333,10.242100222333333,48.08087145666667,5.319848407333333
3,2013-01-08,0.208733386,0.536595886,8.173632751083334,5.213305835666667,14.008766888333334,48.747538123333335,9.061515072166666
3,2013-01-09,0.3554750526666666,0.654395886,6.839466083666667,4.240389169,19.625433553333334,65.37253812333334,7.682348406666667
3,2013-01-10,0.561420886,0.687195886,8.333632751333333,5.172055835666667,24.908766886666665,71.74753812333334,9.615681739166666
3,2013-01-11,0.6086917193333333,0.694195886,8.171966084166668,5.4299725023333325,14.700433554333332,64.91420479,9.861515072
3,2013-01-12,0.3491292193333333,0.569695886,5.801132750333333,4.212055835666667,11.958766888666666,52.03920479000001,7.974015073
3,2013-01-13,0.09223338599999999,0.278095886,4.533216083666667,3.1170558356666667,8.433766888666666,48.372538123333335,5.903181740666667
3,2013-01-14,0.011216722166666667,0.035995886,2.912799417,2.0949725023333334,20.4546002205,38.205871456666664,3.474015074
3,2013-01-15,0.08213755266666667,0.121395886,4.303216083666666,2.814972502333333,26.371266886666664,47.03920479000001,4.611515074000001
3,2013-01-16,0.09334171933333334,0.111795886,5.341966083666667,3.5487225023333333,29.662933553333332,93.83087145666667,5.978181740666667
3,2013-01-17,0.05478755266666666,0.073295886,6.407799417,4.072055835666666,29.425433553333335,86.28920479,7.086515074
3,2013-01-18,0.250708386,0.674395886,8.625716084041667,4.842055835666667,35.608766886666665,67.33087145666667,8.182348407333334
3,2013-01-19,0.3732292193333333,0.739695886,6.212799416999999,3.4487225023333337,35.02960022,90.58087145666667,6.011515073999999
3,2013-01-20,0.11267088600000001,0.256895886,4.669049417,2.797472502333333,35.41293355333333,99.03920479,4.749015074
3,2013-01-21,0.051487552666666665,0.120395886,4.937382750333334,2.6220558356666666,36.737933553333335,93.28920479,4.374015074
3,2013-01-22,0.24073755266666666,0.403095886,6.280299416999999,3.8087225023333335,33.233766886666665,89.20587145666667,6.465681740666667
3,2013-01-23,0.09436671933333333,0.250295886,3.9452994169999998,2.524139169,32.18793355333333,79.37253812333334,4.732348407333333
3,2013-01-24,0.4788167193333333,0.915895886,7.327382750583333,4.797889169,30.967100220000003,86.33087145666667,8.561515072
3,2013-01-25,0.9131375526666666,0.938695886,9.776549418375,6.371222502333333,28.550433553333335,89.62253812333334,10.965681737833334
3,2013-01-26,0.7730542193333334,0.870595886,8.456549417,5.673722502333334,23.39210022,82.37253812333334,9.7865150725
3,2013-01-27,0.782995886,0.878895886,8.488216083791666,5.091222502333333,21.512933553333337,79.53920479,8.624015073166666
3,2013-01-28,0.7382792193333333,0.895995886,9.457382751708334,5.7687225023333335,28.17126688666667,83.78920479,9.940681738
3,2013-01-29,0.5387750526666667,0.679595886,6.7548827505833335,4.214139169,30.012933553333337,79.99753812333334,7.686515072833334
3,2013-01-30,0.5963917193333333,0.905495886,10.060299418375001,6.102055835791667,34.62543355333333,78.53920479,10.094848405333334
3,2013-01-31,0.788545886,0.933795886,9.824466084541667,6.280389169,34.775433553333336,70.99753812333334,11.040681738166667
3,2013-02-01,0.7447875526666667,0.894695886,8.33404941725,5.7424725023333325,24.871266886666664,55.20587145666667,10.224015071666667
3,2013-02-02,0.6371625526666667,0.890595886,7.538216083666666,5.1749725023333335,16.79626688666667,41.330871456666664,9.432348405166666
3,2013-02-03,0.159783386,0.492495886,5.474049417,3.6128891690000002,19.037933553333335,36.03920479,6.649015074
3,2013-02-04,0.7190417193333333,0.957395886,10.393632752083333,6.609139169,30.19210022,48.28920479000001,11.561515071499999
3,2013-02-05,0.483408386,0.907295886,6.043632750958333,3.9158058356666667,25.662933553333332,63.41420479000001,7.540681739333333
3,2013-02-06,0.6721500526666667,0.925295886,6.6177994170000005,3.596639169,37.30876688666667,80.03920479,6.232348407333333
3,2013-02-07,0.6782042193333333,0.954195886,7.957382751083333,5.448722502333333,29.012933553333337,74.53920479,9.590681738333332
3,2013-02-08,0.5694125526666667,0.780695886,7.307799417000001,5.3849725023333335,13.9046002205,46.122538123333335,10.015681738333333
3,2013-02-09,0.49840421933333334,0.756895886,6.451966083916666,4.234139169,15.8504335545,45.66420479000001,7.8281817401666665
3,2013-02-10,0.6188208860000001,0.942695886,8.261966084416667,4.942889169,37.35460022,61.95587145666667,8.653181738999999
3,2013-02-11,0.2631167193333333,0.512295886,5.970716083666667,3.2995558356666668,40.771266886666666,79.83087145666667,5.836515074
3,2013-02-12,0.5837167193333334,0.864095886,9.226549418,5.681639169,36.28376688666667,61.91420479000001,10.128181738166667
3,2013-02-13,0.6450042193333333,0.794095886,9.209882751208333,5.251639169,37.28793355333333,50.95587145666667,9.003181739333334
3,2013-02-14,0.8142542193333333,0.928395886,9.921966085416667,6.175389169,36.546266886666665,60.41420479000001,10.803181738500001
3,2013-02-15,0.23879171933333332,0.654995886,5.899466083666667,3.4470558356666667,31.04210022,51.66420479000001,6.486515073833334
3,2013-02-16,0.335870886,0.679095886,5.822799417,3.222055835666667,41.521266886666666,68.45587145666667,5.478181740666667
3,2013-02-17,0.6332417193333333,0.872995886,8.301966084041666,4.513305835666666,48.60876688666667,65.62253812333334,7.590681739666667
3,2013-02-18,0.8608542193333334,0.910295886,4.712382750333334,2.589139169,45.108766886666665,71.70587145666667,4.607348407333333
3,2013-02-19,0.9278292193333333,0.932295886,8.876966084791666,5.139972502333333,52.84210022,72.28920479,8.749015072499999
3,2013-02-20,0.784758386,0.939595886,9.379466084416666,5.407055835666667,53.85043355333334,88.83087145666667,9.569848405666667
3,2013-02-21,0.4917917193333334,0.900595886,7.946966084666666,4.776639169,49.42960022,63.53920479000001,8.049015072166666
3,2013-02-22,0.559820886,0.925095886,8.991549418125,5.382472502333333,53.62960022000001,55.08087145666667,9.549015073
3,2013-02-23,0.7964917193333334,0.873895886,10.327382751583334,7.125805835666667,36.09626688666667,79.99753812333334,12.499015070166665
3,2013-02-24,0.4240500526666667,0.740195886,13.625716086666666,8.978305835916666,23.846266886666665,83.53920479,15.332348403333334
3,2013-02-25,0.28899171933333334,0.484895886,8.753632751458333,4.828722502333333,16.371266886666664,77.28920479,7.849015073333334
3,2013-02-26,0.21877088600000003,0.348595886,7.435716084041666,4.186639169,20.65460022,81.70587145666667,6.294848407333333
3,2013-02-27,0.4718542193333333,0.726095886,8.009882750833333,3.7074725023333333,27.97126688666667,77.78920479,5.832348407333334
3,2013-02-28,0.5897167193333334,0.738095886,6.187799417,3.439555835666667,37.21710022,89.95587145666667,5.9906817405
3,2013-03-01,0.7625083859999999,0.882595886,9.829466084791667,6.541639169,32.24626688666667,74.62253812333334,11.586515071166666
3,2013-03-02,0.20150005266666668,0.405695886,5.213216083666667,3.314555835666667,24.087933553333333,55.78920479000001,6.25318174
3,2013-03-03,0.6154875526666667,0.772495886,7.0186327508333335,4.5412225023333335,26.66710022,44.16420479000001,7.961515072666667
3,2013-03-04,0.7452542193333334,0.905395886,9.550299417749999,5.7841391689999995,39.72126688666667,55.872538123333335,9.886515071833333
3,2013-03-05,0.767233386,0.879995886,10.956966086041668,6.839972502333333,52.34210022,74.66420479,11.819848403833333
3,2013-03-06,0.5911167193333333,0.853795886,14.517382753333335,9.575389169333333,58.175433553333335,70.49753812333334,17.407348403333334
3,2013-03-07,0.6911792193333333,0.812495886,12.996132753333333,8.751222502541667,42.21710022,33.28920479,15.99901507
3,2013-03-08,0.6119500526666667,0.908895886,10.096966085416666,6.6278891689999995,38.77960022,31.24753812333333,12.024015071166666
3,2013-03-09,0.5348750526666667,0.880595886,7.534466083791667,5.096222502333333,31.279600220000003,49.28920479000001,9.290681738833333
3,2013-03-10,0.36675005266666666,0.797395886,5.86404941725,4.399972502333333,18.908766886666665,21.705871456666667,8.6073484055
3,2013-03-11,0.160408386,0.395795886,3.590716083666667,2.7749725023333336,20.29626688666667,27.16420479,5.624015074
3,2013-03-12,0.548958386,0.733395886,7.148632751208333,4.877055835666667,23.00460022,51.03920479000001,8.407348405333334
3,2013-03-13,0.6663875526666666,0.892095886,8.666132751583334,5.562889169000001,20.80460022,78.12253812333334,9.832348404833334
3,2013-03-14,0.16445421991666667,0.458495886,4.599466083666667,2.6545558356666668,13.058766888500001,58.622538123333335,4.340681740666667
3,2013-03-15,0.19691671933333332,0.493095886,5.164882750333334,3.058305835666667,21.096266887166667,52.16420479000001,5.1198484073333335
3,2013-03-16,0.778233386,0.881695886,9.687382751583334,5.734139169,35.28376688666667,65.37253812333334,9.903181738666667
3,2013-03-17,0.800208386,0.908595886,10.343216085541668,6.438305835708333,43.60460022,67.28920479,11.432348404833334
3,2013-03-18,0.29301255266666665,0.721195886,6.332799417375,3.9499725023333334,37.19626688666667,63.997538123333335,7.490681740166667
3,2013-03-19,0.5463750526666666,0.903995886,8.992382751833334,5.757889168999999,48.72960022,67.16420479,10.157348405333334
3,2013-03-20,0.6104875526666667,0.671995886,8.524466084416668,5.433722502333333,48.87543355333333,61.58087145666667,9.594848405166667
3,2013-03-21,0.46675838599999997,0.545995886,7.424466083791667,4.872889169,37.56293355333333,45.70587145666667,8.724015072166667
3,2013-03-22,0.6205542193333333,0.825995886,8.257799417625,5.555389169000001,33.78376688666666,47.83087145666667,9.7365150715
3,2013-03-23,0.8403917193333333,0.878495886,10.267382752208333,6.547472502333334,45.04210022,61.66420479000001,12.124015070666667
3,2013-03-24,0.651708386,0.864995886,8.776966084541668,5.521222502333333,45.583766886666666,84.33087145666667,10.811515070833332
3,2013-03-25,0.7229250526666666,0.878595886,8.644466084166668,5.752472502333333,39.16293355333334,90.24753812333334,10.057348404666667
3,2013-03-26,0.10975005266666667,0.327395886,4.0794660836666665,2.9137225023333335,40.079600219999996,91.83087145666667,5.415681740666667
3,2013-03-27,0.12513338599999999,0.226895886,4.051132750333333,2.7766391689999996,43.675433553333335,78.20587145666667,5.378181740666666
3,2013-03-28,0.1741167193333333,0.353095886,4.319466083666667,2.783722502333333,46.862933553333335,73.28920479,5.190681740666666
3,2013-03-29,0.6976125526666667,0.857595886,10.169466085291667,6.455805835666666,41.32126688666667,89.70587145666667,11.0990150715
3,2013-03-30,0.6839417193333333,0.813995886,8.899466084416668,6.080805835666666,39.275433553333336,86.78920479,10.686515070833332
3,2013-03-31,0.30182505266666665,0.413995886,5.315716083666667,3.720389169,43.75460022000001,70.45587145666667,7.119848407166667
3,2013-04-01,0.378995886,0.401995886,2.535716083666667,1.7653891689999999,45.44626688666667,67.91420479,3.778181740666667
3,2013-04-02,0.25451671933333336,0.353995886,5.2357160836666665,3.377055835666667,48.62126688666667,82.74753812333334,6.153181740666667
3,2013-04-03,0.399645886,0.580595886,5.565299416999999,3.470805835666667,48.708766886666666,96.24753812333334,5.769848407333334
3,2013-04-04,0.5603000526666667,0.880095886,6.863216083666667,4.4178891689999995,50.50043355333333,63.872538123333335,8.303181739333334
3,2013-04-05,0.5109750526666667,0.695295886,8.224882750458333,5.281222502333333,47.68376688666667,50.997538123333335,9.524015072500001
3,2013-04-06,0.698895886,0.875295886,8.254049417125,5.266222502333334,43.425433553333335,49.53920479000001,9.603181738833333
3,2013-04-07,0.5936167193333334,0.881395886,6.919882751083333,4.602889169,46.62960022000001,52.372538123333335,8.0281817385
3,2013-04-08,0.8074625526666667,0.889395886,9.864466085041666,6.1783058356666665,60.15876688666666,57.16420479000001,10.886515071333333
3,2013-04-09,0.39890421933333337,0.574395886,6.952382750583333,4.378722502333333,63.16710022,77.49753812333334,8.203181739166666
3,2013-04-10,0.5338792193333334,0.776395886,7.7590494171249995,5.400805835666667,47.583766886666666,74.12253812333334,9.932348405499999
3,2013-04-11,0.282458386,0.614295886,5.0640494170000006,3.4137225023333335,44.84210022,61.91420479000001,6.953181740666667
3,2013-04-12,0.4453542193333333,0.867195886,6.987382750333333,4.203722502333333,54.22126688666666,63.45587145666667,7.836515073833334
3,2013-04-13,0.47030421933333333,0.651495886,7.111966084166667,4.534972502333333,57.59210022,73.45587145666667,8.069848406666667
3,2013-04-14,0.6852375526666666,0.806195886,9.8477994185,6.252472502333333,59.84626688666666,83.53920479,11.507348405
3,2013-04-15,0.3978875526666667,0.845895886,7.859049417624999,5.120805835666666,63.63793355333333,78.49753812333334,10.219848405
3,2013-04-16,0.3502125526666667,0.822095886,5.472799417,3.809139169,56.837933553333336,50.03920479000001,6.924015073666666
3,2013-04-17,0.11890421933333334,0.295095886,4.927382750333334,2.9612225023333334,57.25876688666667,53.872538123333335,5.615681740666667
3,2013-04-18,0.15489171933333334,0.346095886,9.739466085166667,6.059972502333333,60.146266886666666,66.78920479,11.224015071333334
3,2013-04-19,0.5235917193333334,0.681895886,7.638216083916666,5.056639168999999,52.50876688666667,80.37253812333334,10.640681739
3,2013-04-20,0.6916500526666667,0.797895886,8.93529941825,6.288722502333333,50.112933553333335,66.74753812333334,11.461515071500001
3,2013-04-21,0.403120886,0.655395886,6.480299417,4.039139169,49.25876688666667,59.91420479000001,7.5323484060000006
3,2013-04-22,0.10861255266666668,0.390195886,3.9607160836666666,2.524139169,53.35043355333334,50.58087145666667,4.986515074
3,2013-04-23,0.34808338600000005,0.637495886,7.327382750833333,4.437889169,55.737933553333335,51.33087145666667,7.7740150728333335
3,2013-04-24,0.5147250526666667,0.674395886,11.273216085916667,7.216222502583334,60.22543355333334,41.78920479,13.069848405166667
3,2013-04-25,0.3922167193333333,0.595595886,6.882799417125,4.540805835666666,53.37543355333333,74.49753812333334,8.369848406833333
3,2013-04-26,0.525208386,0.634795886,8.782382750958334,6.239972502333334,41.146266886666666,75.66420479,11.199015071333333
3,2013-04-27,0.35883755266666667,0.477495886,6.777799417,5.028305835666667,39.90876688666666,60.247538123333335,9.324015071333333
3,2013-04-28,0.26813755266666667,0.564595886,6.968632750333334,4.522889169,40.237933553333335,65.83087145666667,8.349015073166667
3,2013-04-29,0.6892417193333333,0.815295886,9.811549418375,6.474972502333333,43.337933553333336,56.91420479000001,11.515681738
3,2013-04-30,0.7777750526666667,0.846095886,11.299882752583335,7.465805835708333,40.62126688666667,85.24753812333334,13.694848403833333
3,2013-05-01,0.5710125526666666,0.864095886,10.044882751583334,6.888722502416666,40.25460022,79.49753812333334,12.3156817375
3,2013-05-02,0.4362417193333334,0.796895886,6.549882750333333,4.2599725023333335,49.23376688666667,53.70587145666667,7.765681739333334
3,2013-05-03,0.324483386,0.825095886,5.770716083666667,3.535389169,51.84210022,56.872538123333335,6.519848407333334
3,2013-05-04,0.581445886,0.769895886,7.368216083666667,4.690805835666667,53.78793355333334,59.58087145666667,8.515681739
3,2013-05-05,0.226620886,0.332895886,6.3390494171250005,3.935389169,59.26710022,52.622538123333335,6.8823484065
3,2013-05-06,0.19753755266666664,0.372495886,5.7661327504583335,3.420389169,59.78793355333334,51.497538123333335,6.603181740666667
3,2013-05-07,0.28902088600000003,0.465195886,6.632799417125,4.007472502333333,61.925433553333335,54.66420479000001,7.174015074
3,2013-05-08,0.5990875526666667,0.788695886,8.576966083916666,5.292055835666667,68.53376688666667,61.83087145666667,9.574015072333333
3,2013-05-09,0.34097088600000003,0.719595886,7.010716084041667,4.775389168999999,64.70043355333333,63.41420479000001,9.099015072166667
3,2013-05-10,0.2692542193333333,0.401295886,6.530716083666667,4.021639169,58.85876688666667,75.33087145666667,7.378181740166667
3,2013-05-11,0.2876417193333333,0.383795886,6.278216083666667,4.120805835666666,56.54626688666667,60.53920479000001,7.665681739666667
3,2013-05-12,0.11426671933333334,0.334895886,4.644049417000001,2.669555835666667,59.50876688666667,55.91420479000001,5.153181740666667
3,2013-05-13,0.501095886,0.710195886,7.958216083666667,4.832055835666667,66.55043355333333,49.28920479000001,8.590681739833334
3,2013-05-14,0.43476671933333333,0.625095886,7.482799417,4.842472502333334,70.00876688666666,59.33087145666667,8.724015072666667
3,2013-05-15,0.2069750526666667,0.304195886,5.064466083666667,3.312055835666667,72.22126688666667,75.03920479,7.549015073666666
3,2013-05-16,0.3154125526666667,0.539195886,9.536132751958332,6.146222502375,72.72543355333333,73.62253812333334,12.624015070833332
3,2013-05-17,0.29172921933333334,0.498695886,9.962382751958334,6.778722502333333,65.75876688666666,78.95587145666667,12.769848404000001
3,2013-05-18,0.6057333859999999,0.739295886,8.626966084041667,6.222055835666667,56.40460022,72.95587145666667,11.365681737166668
3,2013-05-19,0.6820375526666668,0.743895886,9.786549418,6.649139169000001,46.40460022,82.95587145666667,11.894848403666666
3,2013-05-20,0.717283386,0.773495886,10.126966085291667,6.919139169,49.84626688666666,87.58087145666667,12.878181736666667
3,2013-05-21,0.6806583860000001,0.753995886,9.623632751833332,6.629139169000001,47.650433553333336,66.37253812333334,12.086515070666666
3,2013-05-22,0.5474208859999999,0.765395886,7.286966084416666,4.615389169,57.858766886666665,62.33087145666667,8.790681739666667
3,2013-05-23,0.38208338599999997,0.513895886,7.083216083791666,4.843722502333333,52.487933553333335,71.16420479,9.215681738999999
3,2013-05-24,0.259570886,0.595695886,5.831549417000001,3.8924725023333333,54.900433553333336,67.37253812333334,7.349015073333334
3,2013-05-25,0.3118625526666667,0.429095886,7.020299417,4.461639169000001,60.71710022,65.91420479,8.003181739
3,2013-05-26,0.1968750526666667,0.454895886,5.056132750333333,2.941639169,65.76710022,65.37253812333334,6.099015074
3,2013-05-27,0.06822921933333333,0.106895886,3.325299417,2.190389169,62.083766886666666,63.997538123333335,4.124015074
3,2013-05-28,0.2922125526666667,0.604095886,7.275299417125001,4.557889169,63.458766886666666,57.95587145666667,8.2156817395
3,2013-05-29,0.44887505266666666,0.724495886,8.266966084666667,5.315389169,59.025433553333336,59.33087145666667,9.886515072166667
3,2013-05-30,0.28882921933333333,0.696695886,8.417799417875,5.316639169,58.86710022,56.41420479000001,9.624015072166667
3,2013-05-31,0.053320886000000005,0.116395886,3.3307160836666667,2.4299725023333334,59.50460022000001,60.247538123333335,4.565681740666666
3,2013-06-01,0.039720886000000004,0.096895886,3.5507160836666665,2.5216391689999997,66.11710022,56.78920479000001,4.732348407333333
3,2013-06-02,0.301045886,0.559595886,7.549466083791667,4.6870558356666665,72.49626688666667,69.87253812333334,8.465681739333334
3,2013-06-03,0.3481375526666666,0.520795886,7.583632750333333,4.638722502333334,75.84626688666667,59.33087145666667,8.224015072666667
3,2013-06-04,0.14175005266666665,0.405295886,4.849466083666667,2.8495558356666666,75.47960022,54.41420479000001,5.361515074
3,2013-06-05,0.3012292193333333,0.536695886,6.453216083666667,4.270389169,71.74626688666667,55.997538123333335,7.686515074
3,2013-06-06,0.23241671933333333,0.447795886,4.941549417,3.0124725023333334,70.56293355333334,55.70587145666667,5.794848407333333
3,2013-06-07,0.31447921933333334,0.639795886,6.371549417,3.9462225023333333,72.26293355333333,46.372538123333335,7.199015073999999
3,2013-06-08,0.478970886,0.630395886,6.672382750333333,4.2566391690000005,73.45876688666667,44.20587145666667,7.594848406666667
3,2013-06-09,0.3670792193333334,0.717795886,6.104882750583333,4.187889169,76.22126688666667,52.08087145666667,7.311515073
3,2013-06-10,0.715033386,0.788695886,11.812382752458333,7.877889169166667,80.96293355333333,54.372538123333335,13.965681737333334
3,2013-06-11,0.5709125526666666,0.758295886,10.11529941875,6.748305835666667,83.25043355333334,58.497538123333335,12.211515071333332
3,2013-06-12,0.339108386,0.584395886,4.824882750333333,3.3358058356666667,77.15460022,77.24753812333334,7.553181739833334
3,2013-06-13,0.6519042193333333,0.698795886,10.472382752333333,6.887055835666666,81.01710022,66.83087145666667,12.199015071333333
3,2013-06-14,0.24680421933333332,0.482895886,6.948632750833333,4.780389169,75.42543355333333,68.16420479,9.828181738166666
3,2013-06-15,0.08135005266666666,0.227695886,3.731549417,2.5574725023333333,73.80043355333333,64.87253812333334,5.0823484070000005
3,2013-06-16,0.12072088600000001,0.303395886,5.493632750458333,3.5266391689999996,73.81293355333334,73.08087145666667,7.10318174
3,2013-06-17,0.06260005266666667,0.361695886,4.824882750333334,3.192472502333333,70.84210022,75.03920479,6.257348406999999
3,2013-06-18,0.4831500526666666,0.699595886,8.277382750583334,5.379972502333334,65.45043355333333,64.03920479,9.736515072
3,2013-06-19,0.343483386,0.707795886,5.943216083666666,3.829555835666667,66.13376688666666,64.70587145666667,7.353181739166666
3,2013-06-20,0.5582292193333334,0.790695886,6.736966083666666,4.190805835666667,69.85043355333333,61.122538123333335,7.374015072833333
3,2013-06-21,0.5289250526666667,0.768295886,8.2565494175,5.202472502333333,74.69210022,63.45587145666667,9.257348405666667
3,2013-06-22,0.40752088599999997,0.715995886,7.620299417999999,5.025805835666667,76.24210022,64.66420479,9.8656817385
3,2013-06-23,0.4680542193333333,0.726295886,8.55279941775,5.661639169,64.24626688666667,60.03920479000001,10.394848405166668
3,2013-06-24,0.6076542193333333,0.738095886,8.057382751083333,5.129555835666667,61.15876688666666,51.45587145666667,9.482348406
3,2013-06-25,0.457783386,0.667795886,6.999466083666667,4.682055835666667,59.78793355333334,55.622538123333335,8.561515072
3,2013-06-26,0.08262505266666667,0.181895886,3.385299417,2.604139169,60.837933553333336,61.95587145666667,5.465681740666667
3,2013-06-27,0.41462921933333335,0.686995886,8.069049417625001,5.231222502333334,65.29210022,57.622538123333335,8.919848404833333
3,2013-06-28,0.508945886,0.738595886,9.660716085291666,6.3137225023750005,73.37126688666667,75.62253812333334,12.494848404333332
3,2013-06-29,0.177820886,0.311995886,3.154049417,2.2708058356666667,69.28793355333333,87.74753812333334,5.461515073833334
3,2013-06-30,0.14473755266666669,0.238895886,5.939882750333333,3.9583058356666663,69.15460022,73.91420479,7.5198484070000005
3,2013-07-01,0.161495886,0.342795886,5.055716083666667,3.3320558356666665,67.85876688666667,66.87253812333334,6.290681740166666
3,2013-07-02,0.455408386,0.712995886,7.203216084166667,4.5412225023333335,74.65043355333333,68.37253812333334,8.378181739166667
3,2013-07-03,0.10177505266666666,0.224595886,4.435299417,2.8324725023333333,73.59626688666667,77.03920479,5.515681740666667
3,2013-07-04,0.034287552666666665,0.081895886,3.7107160836666666,2.470389169,75.11293355333333,82.70587145666667,4.969848407333333
3,2013-07-05,0.10576255266666666,0.309895886,3.804882750333333,2.2187225023333332,77.35460022,73.03920479,4.4740150739999995
3,2013-07-06,0.291983386,0.545895886,7.010299417,4.317889169,80.09626688666667,70.45587145666667,7.674015073
3,2013-07-07,0.367970886,0.561895886,7.016966084041667,4.531639169,74.29210022,58.247538123333335,8.282348406
3,2013-07-08,0.05456255266666666,0.116595886,3.5282160836666665,2.2295558356666665,73.25460022,65.33087145666667,4.399015074
3,2013-07-09,0.257070886,0.614695886,6.829049417499999,4.355805835666667,78.25460022,63.16420479000001,7.7656817395
3,2013-07-10,0.13081671933333333,0.340595886,6.799466084166667,4.6333058356666665,77.36710022,68.37253812333334,8.703181738833333
3,2013-07-11,0.10667505266666666,0.279195886,4.8832160836666665,3.1637225023333335,76.55876688666667,80.53920479,6.940681740166667
3,2013-07-12,0.21142505266666667,0.371095886,5.601549417125,3.437889169,81.45876688666667,69.03920479,6.611515073833334
3,2013-07-13,0.08783755266666667,0.119695886,5.487382750333333,3.6112225023333333,71.27543355333334,68.49753812333334,6.828181740666667
3,2013-07-14,0.25211255266666666,0.382695886,3.2623827503333334,2.0295558356666668,69.99626688666667,73.49753812333334,4.361515074
3,2013-07-15,0.315445886,0.439395886,6.224882750333333,3.882889169,78.42126688666667,72.66420479,7.132348406999999
3,2013-07-16,0.267908386,0.363595886,5.075299417,3.1699725023333336,77.17126688666667,69.49753812333334,5.911515074
3,2013-07-17,0.22986671933333333,0.407595886,6.5898827503333335,4.259555835666666,79.65876688666667,71.78920479,7.653181740333333
3,2013-07-18,0.07489171933333334,0.142595886,6.631549417,4.181639168999999,78.82543355333333,72.58087145666667,7.719848407
3,2013-07-19,0.21965421933333332,0.417495886,6.373632750583333,4.367889169,79.31710022,81.53920479,8.936515072333334
3,2013-07-20,0.114833386,0.268195886,4.935299417,3.4466391690000004,79.49626688666667,81.53920479,6.961515073833333
3,2013-07-21,0.22224588599999998,0.444295886,6.580716083916666,4.189139169,80.75460022,82.91420479,9.115681739166666
3,2013-07-22,0.092808386,0.133895886,5.341132750458333,3.629972502333333,77.96710022,78.78920479,7.340681739333333
3,2013-07-23,0.17981255266666665,0.255195886,5.900299417,3.9270558356666663,73.70876688666667,65.91420479,7.2656817395
3,2013-07-24,0.15832921933333333,0.309995886,4.369049417,2.909139169,71.24626688666667,71.28920479,5.4948484073333335
3,2013-07-25,0.5393750526666666,0.679195886,9.270716083791667,6.0812225023333335,79.62126688666667,67.33087145666667,10.665681738666667
3,2013-07-26,0.22317921933333332,0.480795886,5.286132750458333,3.234139169,75.67543355333333,84.20587145666667,6.4156817403333335
3,2013-07-27,0.275583386,0.623395886,6.339466083666667,3.992889169,73.16293355333333,68.87253812333334,7.432348407
3,2013-07-28,0.092858386,0.166895886,4.2077994169999995,2.495389169,73.77126688666667,67.83087145666667,4.686515074
3,2013-07-29,0.13102505266666667,0.286495886,5.002799416999999,3.0720558356666667,72.20043355333333,63.53920479000001,5.661515074
3,2013-07-30,0.07314171933333334,0.121895886,4.341549417,2.586639169,71.18376688666667,60.08087145666667,4.8698484073333335
3,2013-07-31,0.058883387,0.126695886,3.886549417,2.435389169,71.88793355333333,61.03920479000001,4.590681740666667
3,2013-08-01,0.03852088683333333,0.216895886,3.932799417,2.4720558356666666,74.37126688666667,69.03920479,4.9573484070000005
3,2013-08-02,0.21775421933333336,0.392895886,4.863216083666667,3.0595558356666666,74.69210022,64.53920479,5.819848407333333
3,2013-08-03,0.6213875526666667,0.750595886,8.762382751958333,6.139972502333333,65.65043355333333,68.66420479,11.378181738166667
3,2013-08-04,0.3027875526666667,0.757895886,5.838632750333333,3.737472502333333,64.33376688666667,57.497538123333335,6.903181740666667
3,2013-08-05,0.046333386000000004,0.092395886,5.249882750333334,3.203722502333333,65.59210022,65.58087145666667,5.915681740666667
3,2013-08-06,0.07426671933333333,0.125795886,4.4823827503333336,2.831222502333333,68.33376688666667,65.12253812333334,5.403181740666667
3,2013-08-07,0.075383386,0.148895886,5.191549417,3.357889169,67.80876688666667,64.99753812333334,6.140681740666667
3,2013-08-08,0.062820886,0.327895886,3.2327994170000003,2.1562225023333332,69.84210022,56.872538123333335,4.0781817406666665
3,2013-08-09,0.531120886,0.624395886,8.051966083666667,5.135389169,70.93793355333334,61.497538123333335,9.261515072333333
3,2013-08-10,0.2820875526666667,0.501695886,6.706966083666667,4.342472502333333,70.91710022,65.45587145666667,7.9698484065
3,2013-08-11,0.10535005266666665,0.191395886,4.701966083666666,2.966639169,67.89210022,63.247538123333335,5.611515074
3,2013-08-12,0.05133755266666667,0.297295886,3.0632160836666666,2.0612225023333335,69.13376688666666,56.16420479000001,3.9698484073333336
3,2013-08-13,0.41932921933333334,0.567595886,7.209466083666666,4.604555835666667,68.65876688666667,61.66420479000001,8.203181739833333
3,2013-08-14,0.198133386,0.505995886,5.263216083666666,3.3628891690000002,70.24210022,72.12253812333334,6.611515074
3,2013-08-15,0.261008386,0.584395886,6.056132750333333,3.8003891690000002,67.59210022,87.24753812333334,6.936515074
3,2013-08-16,0.357845886,0.597695886,7.4023827508333335,4.723722502333334,70.20043355333333,90.49753812333334,8.7240150725
3,2013-08-17,0.43574171933333333,0.602795886,9.157382751708333,6.001639169,69.02543355333334,78.74753812333334,10.778181737666666
3,2013-08-18,0.15160421933333332,0.353495886,2.326549417,1.656639169,67.93376688666667,81.20587145666667,4.669848407333333
3,2013-08-19,0.038095886,0.203395886,3.573216083666667,1.9720558356666666,68.97543355333333,80.83087145666667,4.111515074000001
3,2013-08-20,0.17832088599999998,0.364095886,4.713632750583334,2.9366391689999998,76.12960022,72.20587145666667,5.878181740166667
3,2013-08-21,0.061933388,0.182095886,5.025716083666667,3.3391391689999996,72.47960022,86.33087145666667,7.107348406666667
3,2013-08-22,-4.11e-06,-4.11e-06,6.894466083666667,4.389972502333333,65.54626688666667,70.91420479,7.794848406500001
3,2013-08-23,0.008045888,0.030895886,2.9436327503333337,1.834139169,64.85460022,70.91420479,3.5531817406666666
3,2013-08-24,0.188383386,0.327195886,6.666966083791666,4.334139169,66.98376688666667,75.83087145666667,7.8490150734999995
3,2013-08-25,0.380495886,0.417395886,9.208216084291667,5.951222502333334,69.32543355333333,68.87253812333334,10.394848404666666
3,2013-08-26,0.327595886,0.490895886,6.779466083916667,4.407055835666667,69.33376688666667,81.28920479,8.624015072833332
3,2013-08-27,0.074808386,0.172995886,4.531132750333334,2.892055835666667,68.76710022,81.16420479,5.536515074
3,2013-08-28,0.18034171933333332,0.210495886,6.241966083666667,3.9437225023333333,64.62543355333334,79.78920479,7.0281817395
3,2013-08-29,0.153245886,0.161995886,2.016966083666667,1.3953891690000002,66.62543355333334,74.20587145666667,2.9198484073333333
3,2013-08-30,0.13491255266666666,0.143695886,1.8357160836666668,1.5633058356666665,69.87960022,72.37253812333334,3.099015074
3,2013-08-31,0.12898755266666667,0.198795886,4.249882750333334,3.063722502333333,67.67543355333333,81.08087145666667,5.590681740666667
3,2013-09-01,0.21077921933333332,0.316695886,7.172382750333333,4.771639169,64.66710022,69.20587145666667,8.257348407333334
3,2013-09-02,0.16693755266666666,0.438495886,5.735299417,3.8412225023333337,69.82126688666666,68.87253812333334,6.940681740666666
3,2013-09-03,0.2679292193333333,0.526495886,7.369466084541667,4.717055835666667,72.71293355333334,67.03920479,7.986515072333334
3,2013-09-04,0.287558386,0.517495886,9.706966085041666,6.416639169,71.31710022,56.28920479000001,11.578181737166666
3,2013-09-05,0.646433386,0.780895886,8.6865494175,5.567889169,59.34210022,48.372538123333335,10.165681739
3,2013-09-06,0.17913755266666667,0.496295886,4.998216083666667,3.051639169,57.51710022,56.41420479000001,5.615681740666666
3,2013-09-07,0.09896671933333334,0.271095886,5.389466083666666,3.127889169,61.396266886666666,59.95587145666667,5.574015073999999
3,2013-09-08,0.17590005266666667,0.381495886,5.161132750458333,3.058305835666667,67.25876688666666,60.622538123333335,5.503181740666666
3,2013-09-09,0.20153755266666665,0.352995886,7.664882750333334,4.899555835666667,70.21293355333334,62.78920479000001,8.74068174
3,2013-09-10,0.396983386,0.531795886,9.073216084166667,5.8416391690000005,73.66293355333333,59.33087145666667,10.199015072333333
3,2013-09-11,0.2157042193333333,0.499595886,5.818632750333333,3.7783058356666666,71.91293355333333,59.16420479000001,6.8073484073333335
3,2013-09-12,0.107983386,0.139495886,2.637799417,1.9437225023333333,71.76293355333333,70.70587145666667,3.603181740666667
3,2013-09-13,0.119608386,0.308195886,4.991966083666667,2.9808058356666667,73.27960022,66.28920479,5.2240150739999995
3,2013-09-14,0.48109171933333333,0.598295886,9.042382751333333,5.550805835666666,77.77960022,49.872538123333335,9.903181738666666
3,2013-09-15,0.5250708860000001,0.669795886,10.891132752333334,7.128305835666667,78.72543355333333,53.622538123333335,12.524015071
3,2013-09-16,0.36735005266666665,0.685395886,7.139466083791667,4.805389169000001,72.28376688666667,74.78920479,9.640681738833333
3,2013-09-17,0.14470421933333333,0.246695886,4.731966083666666,3.0199725023333333,60.43793355333333,64.08087145666667,6.0781817405
3,2013-09-18,0.15949171933333334,0.314995886,6.454049417,3.7895558356666665,62.42126688666667,85.62253812333334,6.665681740666667
3,2013-09-19,0.3986417193333333,0.689295886,10.970299418624998,7.236222502375,70.82126688666666,83.03920479,12.386515071333333
3,2013-09-20,0.161358386,0.359495886,6.571132750833333,4.309972502333333,69.92960022,66.78920479,8.461515072833334
3,2013-09-21,0.643295886,0.699495886,9.29154941825,5.869972502333333,73.77543355333333,71.37253812333334,10.228181738333333
3,2013-09-22,0.5028250526666667,0.765195886,11.604049419874999,7.665805835666667,81.36710022,68.66420479,13.369848403333334
3,2013-09-23,0.5572500526666667,0.749695886,8.400299417375,5.3658058356666665,79.04210022,64.37253812333334,9.586515072166668
3,2013-09-24,0.49724171933333333,0.750495886,7.120299416999999,4.644972502333333,76.34210022,71.16420479,8.782348406
3,2013-09-25,0.145970886,0.209895886,4.835299417,3.308305835666667,65.80043355333333,90.95587145666667,7.386515073666668
3,2013-09-26,0.204220886,0.348695886,5.954882750333333,4.127055835666667,60.13376688666667,78.08087145666667,7.7656817395
3,2013-09-27,0.06310005266666667,0.145595886,4.293216083666667,2.591639169,57.90460022,69.91420479,4.853181740666667
3,2013-09-28,0.138745886,0.362195886,3.832799417,2.5995558356666666,60.97543355333334,68.45587145666667,4.711515074
3,2013-09-29,0.25845421933333335,0.558395886,5.608216083666666,3.3995558356666664,59.59626688666666,62.372538123333335,6.144848407333334
3,2013-09-30,0.663958386,0.749195886,9.748216084666668,6.267055835666667,60.74626688666667,52.622538123333335,10.753181738
3,2013-10-01,0.666570886,0.805795886,12.286132753208333,7.863722502333334,63.01293355333333,58.66420479000001,13.857348403333333
3,2013-10-02,0.6616500526666667,0.803895886,10.706132752083334,6.839972502333333,68.28793355333333,73.28920479,13.211515070333334
3,2013-10-03,0.373583386,0.744895886,8.956966084791667,5.800389169,67.93793355333334,73.16420479,10.478181738166667
3,2013-10-04,0.125708386,0.196195886,3.7357160836666665,2.469139169,56.987933553333335,63.622538123333335,4.628181740666666
3,2013-10-05,0.12739588599999999,0.242395886,4.438216083666666,2.8187225023333333,59.44210021999999,82.08087145666667,5.124015074
3,2013-10-06,0.13816671933333333,0.224795886,6.854466083791666,4.600805835666667,60.65876688666666,96.95587145666667,9.228181739333333
3,2013-10-07,0.388408386,0.591195886,8.443216083666668,5.284972502333333,58.50460021999999,82.99753812333334,10.286515072
3,2013-10-08,0.456395886,0.769195886,8.543216084791666,5.184139169,62.00043355333333,62.122538123333335,9.044848405333333
3,2013-10-09,0.7137792193333333,0.777095886,10.612382752708333,7.179555835666666,50.34210022,54.497538123333335,12.6073484035
3,2013-10-10,0.40300005266666666,0.592595886,7.631132750583333,4.905389169,41.89210022,71.99753812333334,8.769848406666666
3,2013-10-11,0.185245886,0.443395886,4.591549417,2.744139169,48.93376688666667,74.49753812333334,5.249015074
3,2013-10-12,0.5585042193333333,0.657095886,8.366132750333334,5.267889169,54.68793355333333,82.20587145666667,9.269848405833333
3,2013-10-13,0.36848755266666666,0.569395886,6.236549417,3.861639169,52.88793355333333,78.03920479,6.857348407
3,2013-10-14,0.151033386,0.466195886,7.380299417625,4.813305835708333,55.59626688666666,86.91420479,8.690681739666667
3,2013-10-15,0.4149917193333333,0.774495886,9.041966084541667,5.982889169,47.94210021999999,60.497538123333335,11.228181737833333
3,2013-10-16,0.4357542193333333,0.673195886,7.97654941775,4.6974725023333335,53.24210022,54.28920479000001,8.032348406
3,2013-10-17,0.35867505266666666,0.704395886,7.670716083916666,4.450805835666666,58.20460022,60.872538123333335,7.8031817405
3,2013-10-18,0.392695886,0.739995886,8.169882750833333,4.732889169,58.94210021999999,63.622538123333335,8.182348406166666
3,2013-10-19,0.35570838600000004,0.605795886,7.919466084291667,4.535805835666666,57.733766886666665,56.03920479000001,7.711515073
3,2013-10-20,0.7724917193333334,0.807095886,11.824882753208334,7.557055835666667,64.33376688666667,67.45587145666667,13.003181738
3,2013-10-21,0.749295886,0.819995886,12.47779941925,8.186639169125,62.60043355333334,73.24753812333334,15.236515070166668
3,2013-10-22,0.36721671933333333,0.549895886,7.274466084166666,4.306222502333333,53.88793355333333,48.247538123333335,7.569848407166667
3,2013-10-23,0.7286875526666666,0.763795886,11.950716086041666,7.669139169125,52.40043355333333,44.95587145666667,13.3823484045
3,2013-10-24,0.726658386,0.754595886,12.915299419875,8.743305836,43.67960022,50.16420479000001,15.5198484035
3,2013-10-25,0.390708386,0.788595886,7.505716083916667,4.604555835666667,52.462933553333336,53.08087145666667,8.0531817395
3,2013-10-26,0.7255875526666666,0.820095886,11.407382752333334,7.4374725025,47.80876688666667,57.66420479000001,13.203181738333333
3,2013-10-27,0.7580375526666666,0.803995886,13.851132753083334,9.669139169541667,33.90876688666667,59.53920479000001,17.694848403333335
3,2013-10-28,0.23338755266666666,0.634395886,6.221132750333333,4.174139169,34.28793355333333,55.08087145666667,7.686515073333333
3,2013-10-29,0.250333386,0.468895886,6.539466083916667,3.9070558356666667,41.117100220000005,63.747538123333335,6.7031817405
3,2013-10-30,0.7454500526666666,0.823695886,12.306132753208333,8.234972502625,36.90460022,50.78920479000001,14.778181736999999
3,2013-10-31,0.27352088599999996,0.583695886,6.261549417,3.9620558356666664,29.529600220000003,55.08087145666667,7.299015073833334
3,2013-11-01,0.523333386,0.622795886,8.296132750958334,5.173305835666667,37.19626688666667,72.20587145666667,9.178181739000001
3,2013-11-02,0.326508386,0.399495886,6.386132750333334,3.989139169,40.75460022,73.99753812333334,7.315681739833334
3,2013-11-03,0.358358386,0.422695886,6.591132750333333,4.432889169,37.583766886666666,63.41420479000001,7.9948484073333335
3,2013-11-04,0.178095886,0.370695886,4.810299417,3.1624725023333333,43.69210021999999,84.74753812333334,5.799015074
3,2013-11-05,0.427183386,0.680295886,7.322382750333333,4.849139169,36.82126688666667,71.91420479,8.536515072166667
3,2013-11-06,0.22496671933333334,0.350095886,4.537799417,3.0195558356666665,28.22960022,65.24753812333334,5.561515074
3,2013-11-07,0.16987921933333336,0.350495886,4.187799417,3.049139169,32.358766886666665,71.66420479,5.378181740666666
3,2013-11-08,0.2616500526666667,0.583095886,7.003632750708333,4.112055835666667,35.087933553333336,67.91420479,7.007348406333333
3,2013-11-09,0.5074750526666666,0.707895886,8.179466084166666,5.703305835666666,25.304600219999998,48.66420479000001,10.403181737999999
3,2013-11-10,0.504383386,0.810095886,8.119049417625,5.788722502333333,23.50460022,37.41420479,10.274015071500001
3,2013-11-11,0.3597917193333333,0.707195886,5.5482160836666665,3.515389169,36.03793355333333,66.62253812333334,6.174015073833334
3,2013-11-12,0.280095886,0.462695886,4.283216083666667,3.087889169,34.70043355333333,75.78920479,5.332348407333334
3,2013-11-13,0.6298375526666666,0.733095886,7.853216083666666,4.670805835666667,36.679600220000005,86.58087145666667,7.8823484065
3,2013-11-14,0.5742042193333333,0.687195886,8.343216083791667,5.240389169,47.88376688666667,91.20587145666667,9.028181739333332
3,2013-11-15,0.658970886,0.752595886,9.599882751833333,6.276639169,39.421266886666665,67.12253812333334,11.215681738166666
3,2013-11-16,0.49685421933333335,0.708095886,7.38404941775,4.607055835666666,29.696266886666667,67.53920479,8.011515072833333
3,2013-11-17,0.7408917193333333,0.787095886,9.489882751833333,5.630805835666667,42.85460022,85.78920479,9.807348405
3,2013-11-18,0.7024750526666667,0.746595886,10.249466085166667,6.831639169,33.79210022,68.28920479,12.194848404166665
3,2013-11-19,0.4284625526666667,0.583495886,7.676132750333333,4.393305835666667,33.22126688666666,53.58087145666667,7.703181740000001
3,2013-11-20,0.7275667193333333,0.757795886,9.811549418124999,5.391639169,43.20460022,52.08087145666667,9.174015072833333
3,2013-11-21,0.704120886,0.768095886,10.23154941875,6.659555835666667,31.196266886666667,44.78920479000001,11.794848404833333
3,2013-11-22,0.430220886,0.767195886,6.290716084166667,3.9628891690000003,26.862933553333335,44.58087145666667,7.0115150733333325
3,2013-11-23,0.5838125526666667,0.718095886,7.009049417499999,3.647472502333333,39.117100220000005,64.33087145666667,6.290681740666667
3,2013-11-24,0.7038667193333333,0.800995886,10.289882752083333,6.130389169,50.66293355333334,69.12253812333334,10.757348405
3,2013-11-25,0.346158386,0.783295886,5.509466083666666,3.5403891689999996,39.75876688666667,75.16420479,5.982348407333333
3,2013-11-26,0.392520886,0.652595886,5.203216083666667,3.0974725023333334,40.179600220000005,79.95587145666667,4.778181740666667
3,2013-11-27,0.6369875526666666,0.762495886,10.058632751958333,5.811222502333333,48.90460022,69.53920479,9.707348405
3,2013-11-28,0.5370000526666666,0.665095886,8.523632750708334,4.845389169,45.43793355333333,54.622538123333335,8.674015073
3,2013-11-29,0.36071255266666663,0.562095886,7.20154941725,4.142055835666667,35.47960022,49.66420479000001,6.899015073166667
3,2013-11-30,0.45576255266666665,0.698495886,8.705299417874999,5.005805835666666,41.20043355333333,53.58087145666667,8.832348405666666
3,2013-12-01,0.5790417193333334,0.664395886,8.6177994175,4.804139169,42.31710022,49.70587145666667,8.2490150725
3,2013-12-02,0.31224171933333333,0.543595886,4.287382750333333,2.379555835666667,38.51710022,68.03920479,3.819848407333333
3,2013-12-03,0.5739500526666667,0.765995886,8.930299417999999,5.113722502333333,46.09626688666666,75.12253812333334,8.565681738833334
3,2013-12-04,0.7281917193333333,0.795295886,12.691549419875,8.362889169291668,48.76293355333333,77.41420479,14.819848403333333
3,2013-12-05,0.746145886,0.783295886,11.677382752458334,7.8024725024583335,28.758766886666667,47.70587145666667,13.978181737666667
3,2013-12-06,0.652208386,0.752495886,9.519882751708334,6.454972502333334,26.375433553333334,63.45587145666667,11.503181738
3,2013-12-07,0.47917505266666666,0.774095886,8.433216084166666,5.551222502333334,18.94210022,45.20587145666667,9.915681738333333
3,2013-12-08,0.32867921933333333,0.687695886,7.347382750708333,4.5691391690000005,27.658766886666665,60.45587145666667,7.982348406666667
3,2013-12-09,0.5226042193333333,0.771895886,8.571549417875,5.517889169,24.404600220000003,55.83087145666667,10.007348405
3,2013-12-10,0.4979500526666667,0.759195886,7.993632751333333,4.5845558356666665,33.704600219999996,63.997538123333335,7.969848406666667
3,2013-12-11,0.6098667193333334,0.772095886,11.69279941925,7.392055835666667,33.47543355333333,62.16420479000001,12.653181737833334
3,2013-12-12,0.4397292193333333,0.693495886,7.513632750833334,4.628722502333333,24.258766886666667,61.28920479000001,8.211515073500001
3,2013-12-13,0.6908667193333334,0.791095886,13.125716086291668,8.384972502666667,35.41293355333333,63.91420479000001,14.690681737333334
3,2013-12-14,0.21592505266666664,0.335495886,4.761549417,3.0608058356666668,27.800433553333335,63.872538123333335,5.736515074
3,2013-12-15,0.38088755266666663,0.557495886,8.003216084041666,4.9803891689999995,34.733766886666665,61.58087145666667,8.674015073166666
3,2013-12-16,0.34851671933333334,0.591695886,6.809049417125,3.6066391689999997,35.829600219999996,57.45587145666667,6.374015074
3,2013-12-17,0.19131255266666666,0.390795886,4.272382750333334,2.8362225023333334,28.912933553333332,80.87253812333334,5.136515074
3,2013-12-18,0.41052921933333336,0.737495886,8.619049417874999,4.904555835666667,35.962933553333336,66.41420479,8.294848405833333
3,2013-12-19,0.579445886,0.768195886,6.729882750333334,3.825805835666667,35.75876688666667,60.497538123333335,6.674015074
3,2013-12-20,0.34678755266666667,0.732595886,6.618216083666667,3.972055835666666,30.742100219999998,48.28920479000001,6.911515074
3,2013-12-21,0.5132500526666667,0.757195886,7.692382750458333,5.299555835666667,29.45043355333333,64.66420479,9.253181738833334
3,2013-12-22,0.19163338600000002,0.473195886,4.9648827503333335,3.280805835666667,21.94210022,58.997538123333335,6.028181740666667
3,2013-12-23,0.2859875526666667,0.739495886,5.424049417,3.5412225023333335,18.096266886666665,54.747538123333335,6.353181740666667
3,2013-12-24,0.30519588599999997,0.522395886,7.5307160844166665,4.981639169,18.61293355333333,53.70587145666667,8.744848405666668
3,2013-12-25,0.46472505266666664,0.655495886,7.377382750708333,5.167055835666667,8.633766889333334,41.330871456666664,9.319848405666667
3,2013-12-26,0.152683386,0.210295886,5.799049417,4.047472502333334,3.3254335573333336,37.66420479,7.265681740666667
3,2013-12-27,0.19645421933333332,0.447495886,4.744049417,3.4520558356666666,3.558766890333333,40.830871456666664,6.328181740666667
3,2013-12-28,0.27510421933333334,0.604295886,6.826549417,4.616222502333334,11.558766888333333,66.28920479,8.232348407166667
3,2013-12-29,0.2619625526666667,0.589495886,5.143216083666666,3.5195558356666665,7.304600222833333,72.62253812333334,6.136515073999999
3,2013-12-30,0.3747250526666666,0.628795886,6.870716083666667,4.555389169,-7.228733109666667,68.58087145666667,7.815681740333333
3,2013-12-31,0.21765421933333332,0.299495886,7.2861327503333335,3.9324725023333333,-15.516233112833334,72.16420479,6.374015074
3,2014-01-01,0.08571671933333334,0.157695886,6.325299417,3.1653891689999996,-17.94539978,71.28920479,4.9531817406666665
3,2014-01-02,0.296820886,0.334195886,10.179466085291667,5.586639169000001,-0.3870664453333335,71.41420479,9.036515072
3,2014-01-03,0.22855421933333334,0.336895886,8.064049417625,4.8191391690000005,4.075433556666667,72.20587145666667,8.178181739666668
3,2014-01-04,0.014341719333333334,0.056495886,2.5140494170000003,1.901639169,0.7254335571666667,66.95587145666667,3.1573484073333336
3,2014-01-05,0.03151671933333333,0.047195886,4.454882750333334,2.629555835666667,-0.32039977599999997,67.95587145666667,4.153181740666667
3,2014-01-06,0.32892088599999997,0.642495886,7.594882751083333,4.798305835666667,2.4921002228333333,67.08087145666667,7.640681739666667
3,2014-01-07,0.401870886,0.635295886,8.064882751083333,4.157472502333333,23.958766886666666,78.58087145666667,7.136515073833333
3,2014-01-08,0.4504417193333334,0.569095886,6.431132750333333,3.146639169,28.85460022,82.99753812333334,5.207348407333334
3,2014-01-09,0.6440167193333334,0.678595886,10.049049418874999,5.587055835666667,35.87126688666667,73.74753812333334,9.0448484055
3,2014-01-10,0.5316500526666667,0.681995886,8.906966084791668,5.207055835666666,36.22126688666667,89.16420479,9.299015071833333
3,2014-01-11,0.5946750526666666,0.656995886,11.417799419625,7.875389168999999,14.933766887833334,64.53920479,13.828181737
3,2014-01-12,0.33529171933333335,0.495195886,7.49404941725,5.106222502333334,0.7546002240000002,47.372538123333335,9.128181739333334
3,2014-01-13,0.19525005266666665,0.215895886,3.727382750333333,2.3566391689999997,2.2462668906666665,43.78920479000001,4.586515074
3,2014-01-14,0.3346667193333333,0.483795886,8.363216084041666,5.297472502333333,14.333766888166666,65.74753812333334,9.0490150725
3,2014-01-15,0.5866500526666667,0.628295886,11.704049419625001,7.697889169,-0.6370664426666668,63.247538123333335,13.436515070166665
3,2014-01-16,0.3017417193333333,0.545495886,6.751966083666667,4.243722502333333,-0.49539977599999996,69.78920479,7.311515074
3,2014-01-17,0.5872458859999999,0.663595886,9.996132751583334,5.602889169,13.237933555,65.49753812333334,9.474015071833334
3,2014-01-18,0.5855167193333334,0.673995886,9.543216084416667,5.304139169,26.867100219999998,61.58087145666667,8.9656817395
3,2014-01-19,0.5950292193333333,0.650295886,9.398632751458333,5.079972502333333,35.90460022,56.872538123333335,8.5031817395
3,2014-01-20,0.157295886,0.409095886,4.085299417,2.232889169,34.01293355333333,78.99753812333334,3.724015074
3,2014-01-21,0.393308386,0.711195886,8.053632751208333,4.815805835666667,33.737933553333335,85.99753812333334,7.8740150726666664
3,2014-01-22,0.5709250526666667,0.721495886,14.24154942,9.219555835791667,32.362933553333335,91.62253812333334,16.040681736666667
3,2014-01-23,0.22600838599999998,0.441295886,7.806966084541667,5.354972502333333,24.54626688666667,72.58087145666667,9.8740150715
3,2014-01-24,0.059654219333333335,0.065095886,5.354466083666666,3.048305835666667,27.09626688666667,72.78920479,5.449015073999999
3,2014-01-25,0.29030005266666664,0.600595886,6.238216084416667,3.5999725023333333,33.28376688666666,68.53920479,6.161515074
3,2014-01-26,0.6071667193333333,0.679695886,12.141966085916666,7.352472502416667,42.833766886666666,53.41420479000001,12.824015071
3,2014-01-27,0.314420886,0.493095886,7.2323827503333336,4.091222502333333,32.212933553333336,66.16420479,7.4573484064999995
3,2014-01-28,0.35277505266666664,0.592595886,6.949049417,4.978305835666666,20.02960022,60.28920479000001,9.124015073
3,2014-01-29,0.10491671933333334,0.191995886,4.389882750333333,3.0566391690000003,13.058766887833334,52.91420479000001,5.940681740666666
3,2014-01-30,0.5300542193333333,0.722795886,9.604466085416666,6.164972502333334,27.35460022,43.70587145666667,10.682348404833334
3,2014-01-31,0.5310375526666666,0.681895886,7.634466084416666,4.510805835666667,34.421266886666665,65.78920479,8.040681740166667
3,2014-02-01,0.620308386,0.722295886,8.12529941775,5.751639169,10.658766888666667,46.41420479000001,10.607348404333333
3,2014-02-02,0.3802500526666666,0.579495886,5.938632750333333,3.867889169,14.950433554999998,43.95587145666667,6.865681739833334
3,2014-02-03,0.342758386,0.505595886,8.459882750958334,5.397889169,30.97126688666667,47.70587145666667,9.549015072333333
3,2014-02-04,0.537183386,0.747395886,9.123216085166666,6.489972502333334,8.175433555833333,44.16420479000001,12.090681737666666
3,2014-02-05,0.45673755266666666,0.613695886,6.80154941725,4.231222502333334,8.125433555666666,64.66420479,7.169848407
3,2014-02-06,0.448445886,0.592395886,3.9019660836666668,2.3045558356666667,-1.4245664428333333,72.78920479,4.115681740666667
3,2014-02-07,0.22027505266666667,0.311395886,5.593632750333334,2.944139169,3.362933557333333,79.49753812333334,4.565681740666666
3,2014-02-08,0.118070886,0.436895886,4.2669660836666665,2.9574725023333333,10.725433555166667,86.70587145666667,4.582348407333334
3,2014-02-09,0.46183755266666665,0.690595886,8.47154941775,5.653722502333333,6.658766889833333,78.45587145666667,8.9156817395
3,2014-02-10,0.135120886,0.273195886,4.735299417,2.7378891690000002,0.742100224,79.41420479,4.524015074
3,2014-02-11,0.24350005266666666,0.441195886,6.680716083666667,3.6024725023333333,1.7962668906666668,77.99753812333334,5.578181740666667
3,2014-02-12,0.3773417193333333,0.677295886,6.814466083666667,3.5587225023333335,3.617100224,76.41420479,5.507348407333333
3,2014-02-13,0.6062250526666667,0.711095886,9.412382751333334,5.337472502333333,18.458766887333333,79.95587145666667,8.340681740666666
3,2014-02-14,0.651145886,0.738395886,10.569882752333333,5.4924725023333325,32.804600220000005,83.87253812333334,8.594848406999999
3,2014-02-15,0.387658386,0.768395886,8.633632750958332,5.1212225023333335,30.39210022,85.12253812333334,8.336515073166668
3,2014-02-16,0.4042750526666667,0.763595886,7.878632751333334,4.441222502333333,12.112933554833333,61.247538123333335,7.77818174
3,2014-02-17,0.478820886,0.718995886,7.454466083791666,4.162055835666666,24.76710022,77.58087145666667,7.069848407166667
3,2014-02-18,0.767620886,0.800395886,11.732799418874999,6.773305835833334,34.483766886666665,70.53920479,11.549015071666666
3,2014-02-19,0.608870886,0.712895886,8.284882750958333,5.502472502333333,24.696266886666667,84.91420479,9.819848404666667
3,2014-02-20,0.42070005266666666,0.509895886,7.469882750708333,5.314555835666667,18.533766886666665,69.99753812333334,10.357348405333333
3,2014-02-21,0.23447505266666668,0.323695886,4.105716083666667,2.4008058356666666,11.479600221833332,59.53920479000001,4.4740150739999995
3,2014-02-22,0.10059588600000001,0.137495886,5.734466083666667,3.6978891689999998,24.408766886666665,79.24753812333334,6.6198484073333335
3,2014-02-23,0.059391719333333336,0.110595886,5.8173827503333335,3.7420558356666667,21.8879335535,89.87253812333334,6.374015074
3,2014-02-24,0.03501255266666666,0.046395886,6.759049417499999,4.0741391689999995,21.796266887,91.70587145666667,6.8198484065
3,2014-02-25,0.021133386,0.031195886,9.6365494185,5.367889169000001,23.279600220000003,76.78920479,8.782348406333334
3,2014-02-26,0.4076292193333333,0.743095886,9.885299418,4.707472502333333,30.583766886666666,67.08087145666667,7.31568174
3,2014-02-27,0.3724042193333333,0.764095886,6.734049417375,3.409139169,37.021266886666666,78.74753812333334,5.832348407166666
3,2014-02-28,0.31750005266666664,0.596595886,6.569882750333334,4.071639169,29.48376688666667,77.91420479,7.199015073999999
3,2014-03-01,0.3740167193333333,0.757595886,6.632382750333334,4.255805835666666,28.758766886666667,68.03920479,7.4990150735
3,2014-03-02,0.474333386,0.734795886,7.576966084916666,4.849972502333333,33.45043355333333,60.83087145666667,8.290681738833333
3,2014-03-03,0.7853250526666667,0.793795886,12.496549420000001,8.044555835708334,42.70043355333333,54.20587145666667,13.911515070166667
3,2014-03-04,0.7698167193333334,0.790995886,13.055299419999999,8.544555835666666,46.31293355333333,52.83087145666667,14.728181736666668
3,2014-03-05,0.6994250526666667,0.770695886,13.360716086166667,8.915805835958333,35.483766886666665,80.45587145666667,16.044848403333333
3,2014-03-06,0.543483386,0.764795886,10.501132752083334,7.269555835666666,28.721266886666665,75.74753812333334,12.819848404
3,2014-03-07,0.6378292193333334,0.769295886,8.568216083666668,5.844972502333333,24.26710022,68.28920479,10.3198484055
3,2014-03-08,0.2668000526666667,0.701095886,4.372382750333333,3.1516391689999996,23.458766886666666,58.16420479000001,6.094848407333333
3,2014-03-09,0.126845886,0.333195886,5.072382750333333,3.272472502333333,27.88793355333333,54.70587145666667,5.824015073999999
3,2014-03-10,0.3118625526666667,0.607595886,7.260716083666666,4.482472502333334,32.43793355333333,56.622538123333335,7.828181739833333
3,2014-03-11,0.20831671933333332,0.311295886,4.965716083666667,3.4358058356666668,33.583766886666666,74.41420479,6.311515074
3,2014-03-12,0.35827921933333334,0.573995886,7.518216083666666,5.016639169,32.22126688666666,58.247538123333335,9.103181739833333
3,2014-03-13,0.30115005266666667,0.486695886,6.639049417,4.384555835666666,29.350433553333332,53.78920479000001,8.019848406166668
3,2014-03-14,0.310470886,0.599295886,7.229882750333334,4.365389169,39.16293355333333,49.372538123333335,7.6281817395000004
3,2014-03-15,0.2720167193333333,0.654395886,7.554049417375,4.663305835666667,37.275433553333336,57.497538123333335,8.211515072666666
3,2014-03-16,0.696395886,0.772795886,11.603216086166666,7.622055835666667,32.233766886666665,58.28920479000001,13.653181736666667
3,2014-03-17,0.09950421933333332,0.352295886,4.0082160836666665,2.850389169,35.59626688666666,75.58087145666667,5.6198484073333335
3,2014-03-18,0.12243338599999999,0.226595886,3.0069660836666667,1.959139169,37.017100219999996,80.99753812333334,3.7490150740000003
3,2014-03-19,0.2989417193333333,0.362495886,7.166132750333333,4.728305835666666,41.275433553333336,63.622538123333335,8.494848405833332
3,2014-03-20,0.13315005266666666,0.198995886,3.463216083666667,2.2974725023333336,33.09626688666667,70.62253812333334,4.590681740666667
3,2014-03-21,0.23372505266666666,0.289595886,3.168216083666667,2.0008058356666667,34.22960022,74.16420479,4.1823484073333335
3,2014-03-22,0.42577921933333335,0.601995886,7.491132750333333,4.685805835666667,40.50460022,67.33087145666667,8.274015073
3,2014-03-23,0.7040417193333334,0.791795886,10.99904941875,7.019972502333334,37.72543355333334,69.53920479,12.340681738
3,2014-03-24,0.26033755266666664,0.405995886,10.45779941875,6.837055835666667,30.258766886666667,89.99753812333334,11.924015071166666
3,2014-03-25,0.354820886,0.506795886,8.585299417,5.339139169,30.20460022,85.91420479,8.940681740166667
3,2014-03-26,0.25059171933333335,0.437895886,6.055716083666667,3.561222502333333,32.96710022,89.74753812333334,6.407348407333333
3,2014-03-27,0.2622750526666667,0.405395886,5.531549417,3.431639169,35.97126688666667,82.03920479,6.344848407166666
3,2014-03-28,0.284233386,0.541395886,7.125299417250001,4.462472502333333,40.742100220000005,72.24753812333334,8.103181740333333
3,2014-03-29,0.5719667193333333,0.722095886,8.008216084166667,5.455805835666666,31.662933553333332,64.91420479,9.961515071166668
3,2014-03-30,0.29033755266666667,0.497595886,6.758632750708333,4.477889169,38.93793355333333,58.70587145666667,8.165681739333333
3,2014-03-31,0.6762875526666666,0.764695886,11.031132752083332,7.535389169041667,33.275433553333336,55.83087145666667,14.253181737333334
3,2014-04-01,0.11101671933333333,0.381295886,4.396132750333334,3.0999725023333333,25.937933553333334,35.455871456666664,6.136515073999999
3,2014-04-02,0.49784588599999996,0.767495886,6.93654941725,4.577472502333333,30.217100220000003,63.872538123333335,8.4490150725
3,2014-04-03,0.452770886,0.725095886,9.141132751708334,6.347889168999999,27.508766886666667,77.95587145666667,10.907348405
3,2014-04-04,0.302520886,0.710695886,5.521549417125001,3.744139169,22.304600219999998,43.66420479000001,7.482348406833334
3,2014-04-05,0.34732921933333333,0.521195886,5.907382750458333,3.6058058356666667,35.97126688666666,52.95587145666667,6.6906817405000005
3,2014-04-06,0.667020886,0.725395886,9.239049418,6.557055835666667,21.533766886666665,47.03920479000001,12.0490150715
3,2014-04-07,0.191008386,0.459995886,4.373632750333333,3.0703891690000003,26.308766886666664,42.83087145666667,6.165681740666667
3,2014-04-08,0.6439750526666667,0.738495886,9.064882751083333,5.758305835666667,27.800433553333335,68.74753812333334,9.994848405499999
3,2014-04-09,0.07795005266666667,0.347895886,4.440299417,3.1928891690000003,31.45460022,67.16420479,6.140681740666667
3,2014-04-10,0.25299171933333336,0.488595886,6.6698827503333336,4.057472502333334,38.546266886666665,67.99753812333334,7.336515073166667
3,2014-04-11,0.302995886,0.452495886,6.551549417125,3.9724725023333334,47.09626688666666,74.58087145666667,7.174015073166667
3,2014-04-12,0.2832250526666667,0.491095886,7.5532160841666665,4.765389169,49.30460022,69.78920479,8.611515072333333
3,2014-04-13,0.7134667193333333,0.767395886,13.609466086666666,8.948305835791666,42.81293355333333,87.16420479,15.532348403333332
3,2014-04-14,0.4527250526666666,0.731595886,14.066966086666667,9.358305835916667,30.408766886666665,88.70587145666667,16.657348403333334
3,2014-04-15,0.04909171933333333,0.121195886,11.343216086166665,7.583305835666667,22.94210022,85.12253812333334,12.732348403333333
3,2014-04-16,0.126870886,0.182695886,7.973632751083334,4.819972502333333,20.571266886666667,84.08087145666667,7.965681740166667
3,2014-04-17,0.14280005266666665,0.322995886,6.814882750833333,3.846222502333333,24.429600219999998,81.49753812333334,6.553181739999999
3,2014-04-18,0.2635375526666667,0.343595886,8.572799417375,5.419972502333334,29.117100219999998,87.20587145666667,9.461515072166668
3,2014-04-19,0.1839292193333333,0.467295886,5.5136327503333336,2.8049725023333334,27.312933553333334,83.62253812333334,4.407348407333333
3,2014-04-20,0.13751255266666665,0.278095886,5.901132750333333,3.3087225023333335,33.462933553333336,77.33087145666667,5.0573484073333335
3,2014-04-21,0.20725421933333332,0.329795886,6.362382750333333,3.7170558356666668,46.30876688666667,54.20587145666667,6.553181740666666
3,2014-04-22,0.17818338600000003,0.264495886,6.403216083666667,3.771639169,50.85043355333334,51.122538123333335,6.903181740666667
3,2014-04-23,0.054679219333333334,0.088695886,4.6090494170000005,2.6133058356666665,52.81293355333333,58.41420479000001,4.815681740666666
3,2014-04-24,0.32597505266666665,0.781795886,6.014882750458334,3.8020558356666663,53.97543355333334,63.78920479000001,7.049015073333333
3,2014-04-25,0.258395886,0.652895886,4.992382750333333,3.470805835666667,47.85043355333334,55.20587145666667,6.399015074
3,2014-04-26,0.49769588600000003,0.740495886,7.841966084166667,4.890389169,50.69626688666667,52.16420479000001,8.6948484055
3,2014-04-27,0.5563125526666667,0.759895886,9.908632752083333,6.247055835666667,52.24210022,47.28920479000001,11.124015071666667
3,2014-04-28,0.3022875526666667,0.685795886,5.620716083666667,3.412889169,46.91293355333334,56.747538123333335,6.640681740666667
3,2014-04-29,0.7145333859999999,0.765895886,11.15279941925,7.163305835666667,54.896266886666666,42.997538123333335,12.386515071166668
3,2014-04-30,0.6411625526666667,0.714695886,13.493216086666665,8.878722502583333,67.75043355333334,48.58087145666667,15.528181736666667
3,2014-05-01,0.43311671933333334,0.673695886,6.9377994175,4.577472502333333,64.50460022,78.87253812333334,10.857348404666666
3,2014-05-02,0.13948755266666665,0.340095886,5.544049417,3.766639169,59.333766886666666,70.66420479,7.919848406833334
3,2014-05-03,0.3719625526666666,0.684095886,7.06279941775,4.483722502333333,57.59210022,76.74753812333334,8.024015072833334
3,2014-05-04,0.30982505266666666,0.493195886,7.181132750333333,4.577055835666667,62.28376688666666,58.08087145666667,8.665681739
3,2014-05-05,0.31448755266666667,0.509695886,7.801966083666667,4.541639169000001,65.97543355333333,49.08087145666667,8.124015073
3,2014-05-06,0.37250005266666664,0.623895886,6.962382750333333,4.271639169,63.612933553333335,55.872538123333335,7.649015072666667
3,2014-05-07,0.267370886,0.471695886,6.770716083666667,4.112055835666667,64.63376688666666,48.622538123333335,7.024015073666667
3,2014-05-08,0.5065875526666667,0.641695886,8.142382750833333,5.124139169,66.08793355333333,59.247538123333335,10.053181738833333
3,2014-05-09,0.31798338600000003,0.481195886,7.599466084166667,5.141639169,64.00876688666666,71.91420479,9.378181738833334
3,2014-05-10,0.22575005266666667,0.388895886,6.9890494174999995,4.742889169,58.00043355333333,62.95587145666667,8.486515072333333
3,2014-05-11,0.47355005266666667,0.593695886,9.231132751458334,6.403305835666667,51.65460022,78.08087145666667,11.415681737333335
3,2014-05-12,0.3833125526666667,0.435495886,6.865299417,4.6974725023333335,51.84626688666666,85.24753812333334,8.724015072833334
3,2014-05-13,0.03971255266666667,0.193795886,3.8765494169999997,2.640389169,56.97126688666666,89.45587145666667,5.215681740666667
3,2014-05-14,0.172458386,0.311195886,5.095299417125,3.3574725023333336,65.12960022,81.20587145666667,6.869848407
3,2014-05-15,0.100058386,0.205095886,4.193216083666667,2.9187225023333334,65.27126688666667,72.33087145666667,5.761515073999999
3,2014-05-16,0.042458385999999994,0.070995886,2.884882750333333,1.831639169,68.04210022,65.24753812333334,3.4906817406666666
3,2014-05-17,0.19289171933333335,0.477895886,5.744466083666667,3.5399725023333333,69.75043355333334,63.28920479000001,6.194848407333333
3,2014-05-18,0.32502921933333334,0.669595886,6.889466083666666,4.426639169,69.78376688666667,64.20587145666667,8.107348406
3,2014-05-19,0.29877505266666665,0.466295886,6.647799416999999,4.526639169,62.56710021999999,76.24753812333334,8.49068174
3,2014-05-20,0.2539250526666667,0.367795886,6.594466083666667,4.6366391689999995,56.896266886666666,78.53920479,8.315681740666667
3,2014-05-21,0.074720886,0.139295886,3.499882750333333,2.4845558356666664,60.48376688666667,88.99753812333334,4.882348407333334
3,2014-05-22,0.09901671933333334,0.264395886,4.032799417,2.6562225023333332,66.34626688666667,81.16420479,4.961515074
3,2014-05-23,0.35396671933333335,0.472795886,8.102382750583333,5.236639169,72.37126688666667,76.58087145666667,9.507348405833334
3,2014-05-24,0.4772042193333333,0.611495886,8.330716083791666,5.324555835666667,75.45460022,71.83087145666667,9.636515072666667
3,2014-05-25,0.216870886,0.470495886,4.986966083666666,3.4162225023333335,75.94210022,72.99753812333334,6.440681740666666
3,2014-05-26,0.06886671933333334,0.114895886,2.6886327503333334,2.2403891689999997,77.37543355333334,60.872538123333335,3.974015074
3,2014-05-27,0.088783386,0.163395886,4.167799417,2.5483058356666666,80.31293355333334,56.41420479000001,4.715681740666667
3,2014-05-28,0.3890667193333333,0.609195886,4.333632750333334,2.687889169,78.12960022,67.20587145666667,4.903181740666667
3,2014-05-29,0.565583386,0.636095886,4.456549417,2.9799725023333337,74.65043355333333,74.87253812333334,6.161515073333334
3,2014-05-30,0.282508386,0.480295886,5.2652994170000005,3.4120558356666666,71.12543355333334,75.41420479,7.2698484064999995
3,2014-05-31,0.141633386,0.251195886,5.0482160836666665,3.1674725023333337,74.29210022,67.83087145666667,5.715681740666667
3,2014-06-01,0.137808386,0.328495886,5.211966083666667,3.019555835666667,77.39626688666667,64.62253812333334,5.728181740666667
3,2014-06-02,0.44325005266666667,0.712295886,9.384049418375,6.102889169,70.62543355333334,61.247538123333335,11.294848405000002
3,2014-06-03,0.6660000526666666,0.752495886,9.151966084791667,5.767889169,65.54626688666667,48.28920479000001,10.432348405333334
3,2014-06-04,0.3914000526666667,0.604995886,6.907799417,4.641222502333333,69.05043355333333,54.66420479000001,8.132348405833334
3,2014-06-05,0.262945886,0.568495886,6.529049417,3.904972502333333,75.06293355333334,59.66420479000001,7.0573484073333335
3,2014-06-06,0.3835875526666667,0.659395886,5.389466083666666,3.1358058356666665,76.46293355333334,70.66420479,6.9573484070000005
3,2014-06-07,0.14439171933333333,0.373695886,3.7511327503333334,2.650389169,72.27960022,82.24753812333334,5.557348407166667
3,2014-06-08,0.291220886,0.533895886,4.7982160836666665,3.0549725023333334,74.71710022,78.41420479,6.861515073666666
3,2014-06-09,0.19317088599999999,0.283895886,5.184049417,3.2074725023333333,75.79210022,75.53920479,6.86568174
3,2014-06-10,0.333320886,0.600095886,6.515716084291667,4.428722502333334,72.06293355333334,81.74753812333334,8.086515073166668
3,2014-06-11,0.46207505266666665,0.698895886,8.926132751708334,6.0187225023333335,72.12126688666667,80.08087145666667,11.715681738
3,2014-06-12,0.126745886,0.142495886,4.161549417,2.859139169,74.98376688666667,76.49753812333334,5.953181740666667
3,2014-06-13,0.19122505266666667,0.528495886,3.6732160836666665,2.0395558356666665,68.62960022,59.78920479000001,4.632348407333334
3,2014-06-14,0.7236000526666667,0.785495886,10.126549418625,6.526222502333333,69.96293355333333,77.70587145666667,11.457348404500001
3,2014-06-15,0.595258386,0.702195886,10.733216085666667,6.904972502333333,82.66710022,61.20587145666667,11.840681736833334
3,2014-06-16,0.5154167193333333,0.584995886,9.811966085291667,6.3312225023333335,82.64210022,62.20587145666667,11.3615150705
3,2014-06-17,0.3544500526666667,0.515495886,9.117799418125001,5.8416391690000005,82.01710022,65.99753812333334,10.657348404666667
3,2014-06-18,0.078345886,0.126595886,3.3127994170000004,2.1745558356666668,77.33376688666667,83.12253812333334,6.4531817405
3,2014-06-19,0.057275052666666666,0.177095886,3.3419660836666663,2.2483058356666668,74.47543355333333,87.28920479,5.111515074
3,2014-06-20,0.142670886,0.252495886,5.437799417,3.769555835666667,69.22543355333333,93.91420479,7.340681739666667
3,2014-06-21,0.20155005266666667,0.398595886,6.980716083666667,4.950389169,65.50460022,83.74753812333334,8.811515072
3,2014-06-22,0.09987505266666667,0.201495886,4.998632750333333,3.482055835666667,66.70043355333333,74.58087145666667,6.482348407
3,2014-06-23,0.12662088600000002,0.215595886,3.7207160836666664,2.5949725023333334,68.97126688666667,75.03920479,4.7865150739999995
3,2014-06-24,0.3110500526666667,0.484195886,6.727799417,4.234139169,71.18376688666667,84.87253812333334,7.736515072833334
3,2014-06-25,0.6315625526666667,0.748395886,9.713216085041667,6.332889169,70.15876688666667,83.83087145666667,11.278181738333332
3,2014-06-26,0.188845886,0.483795886,4.163216083666667,2.7233058356666664,69.71710022,80.66420479,5.374015074
3,2014-06-27,0.351158386,0.401195886,2.576132750333333,1.7583058356666665,71.92960022,80.12253812333334,3.611515074
3,2014-06-28,0.4492792193333333,0.574195886,7.473632750458333,4.635389169,76.80876688666667,81.45587145666667,8.124015072666667
3,2014-06-29,0.654145886,0.760895886,11.341966086416667,7.255805835666667,84.66293355333333,67.49753812333334,12.382348403833333
3,2014-06-30,0.313708386,0.572095886,6.488216084166666,4.283305835666667,78.09210022,80.37253812333334,8.536515072666667
3,2014-07-01,0.10446671933333333,0.249995886,6.453216083916666,4.4370558356666665,71.46293355333334,77.33087145666667,8.194848405833334
3,2014-07-02,0.41605005266666667,0.627095886,7.408216083916667,4.658722502333333,73.79626688666666,73.08087145666667,8.099015072833334
3,2014-07-03,0.45249588599999996,0.776095886,8.66279941775,5.538305835666667,78.03376688666667,73.45587145666667,9.715681738833334
3,2014-07-04,0.4414417193333333,0.669895886,6.554049417000001,4.2687225023333335,80.98376688666666,76.91420479,8.178181740333335
3,2014-07-05,0.15930005266666666,0.300195886,6.136132750333334,3.9149725023333333,74.64210022,79.83087145666667,7.107348406666667
3,2014-07-06,0.23765005266666664,0.346995886,5.438216083666667,3.280805835666667,70.97960022,73.08087145666667,6.011515074000001
3,2014-07-07,0.3454042193333333,0.449395886,7.134882750333333,4.522472502333334,71.77960022,76.74753812333334,7.94068174
3,2014-07-08,0.37642921933333334,0.572295886,7.6732160836666665,4.677889169,72.90460022,68.03920479,8.132348407
3,2014-07-09,0.2993167193333333,0.620795886,6.307382750333333,3.7874725023333333,77.75460022,70.53920479,6.836515074
3,2014-07-10,0.10777505266666666,0.340895886,4.856549417,3.0137225023333336,79.11710022,78.37253812333334,5.524015074
3,2014-07-11,0.359445886,0.646195886,7.443632750333333,4.6212225023333335,80.29626688666666,72.53920479,7.999015074
3,2014-07-12,0.39838755266666664,0.695595886,7.4561327508333335,4.563305835666667,82.91293355333333,69.70587145666667,8.165681740333333
3,2014-07-13,0.172645886,0.278895886,4.111966083666666,2.8674725023333334,75.49210022,87.74753812333334,6.474015073666667
3,2014-07-14,0.054358386,0.108395886,4.124882750333334,2.824139169,74.00876688666666,84.74753812333334,5.2865150739999995
3,2014-07-15,0.097883386,0.261895886,3.6548827503333334,2.5220558356666665,75.12960022,82.91420479,4.757348407333334
3,2014-07-16,0.14350421933333332,0.357895886,3.826132750333333,2.730389169,72.37126688666667,69.62253812333334,5.1406817406666665
3,2014-07-17,0.046179219333333334,0.052095886,2.5861327503333333,2.0333058356666665,73.21293355333333,70.24753812333334,3.549015074
3,2014-07-18,0.10759171933333334,0.377295886,5.240716083666666,3.3199725023333335,73.11710022,75.95587145666667,5.8698484073333335
3,2014-07-19,0.538908386,0.644995886,9.554882751458333,6.235805835666667,73.57543355333333,78.41420479,11.528181737833334
3,2014-07-20,0.5197375526666667,0.675295886,9.094882751208333,6.1158058356666665,71.01293355333333,75.12253812333334,10.990681737833334
3,2014-07-21,0.2669417193333333,0.397095886,7.0448827503333336,4.503722502333333,70.41293355333333,78.58087145666667,7.990681739833334
3,2014-07-22,0.071045886,0.122795886,4.788216083666667,2.9362225023333335,71.20876688666667,78.70587145666667,5.540681740666667
3,2014-07-23,0.11327505266666667,0.274395886,4.306966083666667,2.8941391690000002,70.97543355333333,82.62253812333334,5.457348407333334
3,2014-07-24,0.160745886,0.416495886,4.575716083666667,2.8087225023333335,70.63793355333333,72.78920479,5.061515074
3,2014-07-25,0.21779171933333333,0.354795886,6.384882750333333,4.162472502333333,71.24210022,76.70587145666667,7.232348406666667
3,2014-07-26,0.3809792193333333,0.527595886,7.066966083666667,4.386222502333333,65.59626688666667,72.03920479,7.944848406166667
3,2014-07-27,0.12077921933333334,0.282395886,4.130716083666667,2.7120558356666664,64.51293355333333,73.58087145666667,4.911515074
3,2014-07-28,0.041183385999999995,0.055595886,1.7786327503333332,1.4137225023333333,66.40876688666667,75.37253812333334,2.9406817406666668
3,2014-07-29,0.050920886,0.061895886,3.261132750333333,2.3637225023333333,66.74626688666667,73.91420479,4.136515074
3,2014-07-30,0.018529219333333333,0.034195886,3.4348827503333332,2.364139169,67.50460022,78.95587145666667,4.449015074
3,2014-07-31,0.038825052666666665,0.135395886,3.119466083666667,2.1528891690000003,69.34626688666667,72.91420479,3.824015074
3,2014-08-01,0.180158386,0.301895886,6.639466083666666,4.172055835666667,69.91710022,74.20587145666667,7.56568174
3,2014-08-02,0.13292505266666668,0.347795886,3.911549417,2.3008058356666665,66.15043355333333,75.87253812333334,4.774015074
3,2014-08-03,0.529233386,0.680795886,8.483216083916666,5.199555835666667,77.85460022,64.87253812333334,8.907348405833334
3,2014-08-04,0.4819667193333333,0.683295886,9.003216084916668,5.6053891689999995,75.87543355333334,66.66420479,10.328181738166666
3,2014-08-05,0.39792505266666667,0.729795886,6.777799417,4.151222502333334,74.23793355333333,79.28920479,8.4031817395
3,2014-08-06,0.010591719333333333,0.017195886,3.1465494169999997,2.0624725023333332,72.99626688666667,82.53920479,4.999015074
3,2014-08-07,0.048620886,0.080095886,4.128216083666667,2.777889169,69.36293355333333,84.99753812333334,5.857348407
3,2014-08-08,0.087908386,0.322195886,4.784049416999999,3.1191391690000003,73.13376688666666,80.41420479,5.499015073833333
3,2014-08-09,0.22797921933333332,0.503195886,6.382799417,3.785389169,76.23376688666666,74.83087145666667,6.611515074
3,2014-08-10,0.11999171933333334,0.273195886,4.205716083666666,2.702889169,73.19626688666666,72.70587145666667,4.7448484073333335
3,2014-08-11,0.142445886,0.201395886,2.501549417,1.780389169,73.70043355333333,77.16420479,3.2781817406666662
3,2014-08-12,0.12971255266666668,0.264395886,5.384466083666666,3.051639169,75.00460022,75.28920479,5.319848407333334
3,2014-08-13,0.22074171933333334,0.458095886,5.596132750333333,3.202889169,76.45876688666667,70.53920479,5.632348407333333
3,2014-08-14,0.10277505266666666,0.186495886,3.635299417,2.1237225023333335,74.79626688666666,77.99753812333334,3.899015074
3,2014-08-15,0.09486255266666667,0.224095886,4.301132750333333,2.636639169,73.52960022,78.62253812333334,4.669848407333333
3,2014-08-16,0.057470886,0.120695886,3.513632750333333,2.0937225023333332,70.45043355333333,91.33087145666667,4.274015074
3,2014-08-17,0.13450005266666668,0.196195886,5.477382750333334,3.3878891689999997,72.17960022,81.45587145666667,6.144848407333334
3,2014-08-18,0.07067505266666667,0.112195886,3.5802994170000004,2.1528891690000003,71.75043355333334,80.37253812333334,3.944848407333333
3,2014-08-19,0.139783386,0.301395886,4.499049417,2.7699725023333333,71.63376688666666,85.66420479,5.061515074
3,2014-08-20,0.586945886,0.775995886,11.033632752083333,7.020389169125,67.47543355333333,92.03920479,12.565681737833332
3,2014-08-21,0.080883388,0.364895886,7.074049417,4.543305835666667,65.29210022,82.45587145666667,8.157348406333332
3,2014-08-22,-4.11e-06,-4.11e-06,4.199466083666667,2.3741391689999998,63.81293355333333,68.58087145666667,4.3073484073333335
3,2014-08-23,0.3836750535,0.640995886,8.146549417125,5.140389169,65.91710022,77.12253812333334,8.836515071833334
3,2014-08-24,0.3049417193333333,0.495995886,7.934882750333333,5.0083058356666665,71.71710022,80.41420479,9.136515072166667
3,2014-08-25,0.13045005266666668,0.248495886,4.599049417,2.419972502333333,72.97126688666667,74.95587145666667,4.553181740666667
3,2014-08-26,0.5471375526666666,0.721695886,9.774049418125001,5.996639169000001,76.43793355333334,82.45587145666667,10.436515071666667
3,2014-08-27,0.4575417193333333,0.663495886,9.365716085166666,6.107472502333334,77.98376688666667,79.95587145666667,12.182348404499999
3,2014-08-28,0.22274171933333334,0.337995886,7.428632750333333,4.818305835666666,67.36710022,88.45587145666667,9.619848405666668
3,2014-08-29,0.18933755266666666,0.367495886,4.851549417,2.957889169,61.48376688666667,74.37253812333334,5.711515074
3,2014-08-30,0.359820886,0.512695886,8.311132750958334,5.234139169,66.48793355333333,79.91420479,9.1698484055
3,2014-08-31,0.4327792193333333,0.796695886,9.701132751583334,6.342055835708333,72.16710022,84.62253812333334,11.607348404333335
3,2014-09-01,0.08045421933333334,0.179695886,5.145299417125,3.1195558356666666,72.74626688666667,86.28920479,6.85318174
3,2014-09-02,0.24122921933333333,0.318295886,5.767799417125,3.622889169,72.31293355333334,88.16420479,7.4990150735
3,2014-09-03,0.079370886,0.146395886,4.576966083666666,2.857055835666667,71.34210022,91.41420479,5.386515073999999
3,2014-09-04,0.17255421933333334,0.401995886,5.861132750333333,3.5408058356666667,72.53793355333333,91.45587145666667,7.4073484065
3,2014-09-05,0.24635421933333335,0.367295886,6.799882750458333,4.498305835666667,68.24626688666667,81.53920479,8.186515072333334
3,2014-09-06,0.250370886,0.441495886,7.2477994169999995,4.502055835666667,63.92960022,65.91420479,7.903181740166667
3,2014-09-07,0.19257921933333333,0.269095886,6.605716083666667,4.0691391690000005,61.57126688666667,69.66420479,7.128181740666666
3,2014-09-08,0.21224171933333333,0.270595886,6.526132750333333,3.959972502333333,61.05876688666667,72.70587145666667,7.011515074000001
3,2014-09-09,0.12635421933333332,0.274695886,4.972382750333334,2.9170558356666665,61.13376688666667,76.28920479,5.344848407333333
3,2014-09-10,0.23332505266666667,0.413695886,6.094049417,3.5524725023333334,65.42960022,76.53920479,6.224015074
3,2014-09-11,0.6336917193333333,0.747095886,9.711966085291666,6.172889169,69.30460022,74.95587145666667,10.6615150715
3,2014-09-12,0.662508386,0.733895886,8.841132750458334,5.612889169,70.61293355333333,70.41420479,9.890681738666666
3,2014-09-13,0.6993167193333334,0.727795886,9.603632751458333,6.165389169,72.46710022,76.83087145666667,10.744848405666666
3,2014-09-14,0.38245421933333335,0.621395886,7.085716083666667,4.3970558356666665,75.44210022,81.70587145666667,7.644848407333334
3,2014-09-15,0.283145886,0.557795886,6.127799416999999,3.6183058356666664,77.20460022,77.03920479,6.378181740666666
3,2014-09-16,0.24031255266666665,0.347495886,6.915716083666666,4.135389169,76.18376688666667,72.08087145666667,7.2115150733333335
3,2014-09-17,0.28701671933333334,0.376495886,6.217382750333333,3.671639169,76.52126688666667,72.08087145666667,6.374015074
3,2014-09-18,0.362645886,0.709895886,5.759466083666666,3.6187225023333336,72.02960022,86.49753812333334,6.803181740166667
3,2014-09-19,0.167695886,0.302895886,7.261132750583333,4.832472502333333,70.82126688666666,89.66420479,9.515681739166666
3,2014-09-20,0.49335421933333334,0.732895886,9.004466084916666,5.819972502333333,73.73376688666667,82.74753812333334,12.328181738166668
3,2014-09-21,0.5887875526666667,0.796495886,9.564882752208334,6.641639169083334,55.97126688666666,66.91420479,12.119848404166667
3,2014-09-22,0.18382921933333332,0.489895886,6.179466083666667,3.9641391689999996,54.49626688666667,69.78920479,6.786515074
3,2014-09-23,0.559458386,0.728995886,8.791132751083333,5.446222502333334,62.50876688666667,69.03920479,9.336515072
3,2014-09-24,0.5053542193333334,0.734995886,8.032799417875,5.079139169,65.31710022,76.08087145666667,9.199015072666667
3,2014-09-25,0.246133386,0.319495886,7.0136327503333336,4.634555835666666,55.25876688666667,81.58087145666667,8.403181739333334
3,2014-09-26,0.3180500526666667,0.456995886,7.592382750458333,4.694972502333333,54.175433553333335,60.66420479000001,8.3073484065
3,2014-09-27,0.4426292193333334,0.739895886,8.752799418375,5.619139169,58.88376688666667,54.70587145666667,9.869848404833332
3,2014-09-28,0.13556671933333334,0.222295886,5.525716083666667,3.6370558356666667,48.44626688666667,59.78920479000001,6.682348407166667
3,2014-09-29,0.262833386,0.346495886,5.749466083666667,3.8316391690000002,44.99210022,79.37253812333334,6.67818174
3,2014-09-30,0.07761255266666667,0.148695886,5.228632750333333,3.717472502333333,49.396266886666666,82.53920479,6.686515074
3,2014-10-01,0.08344588600000001,0.142595886,4.964049417,3.424972502333333,51.70043355333333,88.20587145666667,6.782348407166666
3,2014-10-02,0.16612921933333333,0.524195886,4.665716083791667,3.1958058356666665,55.69626688666667,85.91420479,6.232348406666667
3,2014-10-03,0.643095886,0.737195886,13.789466086666666,9.096639169375,70.88793355333333,72.24753812333334,16.003181736666665
3,2014-10-04,0.23787505266666667,0.485595886,7.829882750708333,5.426222502333334,44.68793355333333,58.747538123333335,10.328181738
3,2014-10-05,0.07402921933333333,0.211295886,4.269049417125,2.9337225023333335,52.59210022,83.16420479,5.919848407
3,2014-10-06,0.22752505266666667,0.290895886,6.613632750333333,4.637472502333334,47.50876688666667,69.74753812333334,8.519848406833333
3,2014-10-07,0.09786255266666667,0.176495886,6.507799417,4.224555835666666,49.712933553333336,86.66420479,7.469848407333334
3,2014-10-08,0.034162552666666665,0.048395886,3.2473827503333332,2.211639169,57.75876688666667,93.91420479,5.053181740333334
3,2014-10-09,0.33727505266666663,0.710495886,7.187382750833333,4.6437225023333335,53.67960022,95.58087145666667,8.732348405666666
3,2014-10-10,0.7025500526666667,0.876695886,10.379049418500001,7.308305835666666,47.66293355333334,77.66420479,12.849015070333332
3,2014-10-11,0.46745005266666667,0.841395886,8.086966084666667,5.601222502333333,38.18793355333333,60.747538123333335,10.503181737833334
3,2014-10-12,0.23379171933333334,0.300895886,2.7836327503333336,1.9883058356666667,39.31293355333333,73.16420479,3.978181740666667
3,2014-10-13,0.407070886,0.728895886,7.155716084416667,4.705805835666667,47.17126688666667,79.03920479,8.549015072333333
3,2014-10-14,0.462845886,0.722595886,8.618632750583334,6.092889169,35.90876688666667,70.66420479,10.778181737666666
3,2014-10-15,0.33341671933333333,0.547995886,7.736549417125,4.958722502333333,36.517100219999996,56.247538123333335,8.803181739333334
3,2014-10-16,0.43019588599999997,0.726795886,8.712382751208333,5.268305835666667,46.72543355333334,56.45587145666667,9.224015072666667
3,2014-10-17,0.30277505266666666,0.581695886,4.931132750333333,3.0266391689999996,42.37126688666667,62.45587145666667,5.378181740666666
3,2014-10-18,0.5895375526666667,0.793295886,8.69529941775,5.216222502333333,52.712933553333336,63.122538123333335,8.878181739333334
3,2014-10-19,0.699770886,0.787095886,10.749882752833335,6.933305835666666,56.44210022000001,62.03920479000001,12.365681737333333
3,2014-10-20,0.6817042193333333,0.879295886,8.917799418875001,5.947472502375,41.80876688666667,49.53920479000001,10.711515071333332
3,2014-10-21,0.482145886,0.771795886,7.248632750833333,4.699972502333334,43.19210021999999,61.91420479000001,7.890681739166666
3,2014-10-22,0.2760417193333333,0.296995886,5.607799417,2.9612225023333334,48.00043355333333,64.53920479,5.269848407333334
3,2014-10-23,0.24986671933333335,0.269095886,4.888216083666667,2.672055835666667,41.554600220000005,64.28920479,5.082348407333334
3,2014-10-24,0.288858386,0.489395886,6.764466083666666,3.931639169,44.31710021999999,66.12253812333334,6.778181740666667
3,2014-10-25,0.245745886,0.678595886,5.170299417,3.1608058356666664,46.41293355333334,75.28920479,5.528181740666667
3,2014-10-26,0.061808386,0.095095886,4.447799417,2.597889169,45.85876688666667,85.53920479,4.5156817406666665
3,2014-10-27,0.2678000526666667,0.592495886,5.389049417125,2.953722502333333,50.42960022,77.91420479,5.286515073833333
3,2014-10-28,0.6098167193333334,0.752495886,10.202382752208333,6.401222502333333,49.51710022,56.28920479000001,11.369848404499999
3,2014-10-29,0.44850838600000004,0.613895886,7.369466084041666,4.553722502333334,48.00876688666667,66.66420479,7.611515073
3,2014-10-30,0.44507921933333333,0.698995886,8.26279941725,5.005805835666666,49.32543355333333,64.53920479,8.832348405833333
3,2014-10-31,0.106370886,0.300195886,4.782382750333333,2.6508058356666666,44.25460022000001,70.37253812333334,4.465681740666667
3,2014-11-01,0.07116671933333334,0.105295886,3.2836327503333336,1.9370558356666667,44.646266886666666,65.83087145666667,3.590681740666667
3,2014-11-02,0.021412552666666668,0.073595886,3.2961327503333333,2.2712225023333334,44.550433553333335,76.83087145666667,4.740681740666667
3,2014-11-03,0.163770886,0.256295886,6.149882750333333,3.8749725023333332,41.712933553333336,92.66420479,6.6198484073333335
3,2014-11-04,0.383033386,0.536295886,7.275299417,4.972889169,40.233766886666665,86.24753812333334,8.7948484065
3,2014-11-05,0.390308386,0.634795886,7.471132750708333,4.567889169,41.396266886666666,90.45587145666667,7.803181739666666
3,2014-11-06,0.5778417193333333,0.880095886,11.358216086291668,7.782472502333333,36.74626688666667,63.997538123333335,13.757348403500002
3,2014-11-07,0.41122921933333334,0.680995886,7.682382751083334,4.956639169,29.26293355333333,64.41420479,9.036515072
3,2014-11-08,0.09601255266666665,0.144595886,2.231549417,1.4245558356666665,26.554600219999998,75.37253812333334,3.099015074
3,2014-11-09,0.5111250526666666,0.821395886,8.333632751208333,5.746639169000001,21.12960022,57.41420479000001,10.357348405166666
3,2014-11-10,0.5069667193333333,0.713995886,6.062799417,3.888305835666667,19.06710022,48.872538123333335,7.007348406333333
3,2014-11-11,0.41177921933333334,0.623995886,6.619882750333333,4.121639169,28.933766886666664,59.872538123333335,7.257348406333333
3,2014-11-12,0.510633386,0.597695886,7.294882750333333,4.850805835666667,20.446266886666667,50.83087145666667,8.740681739000001
3,2014-11-13,0.08715005266666666,0.247395886,4.610299417,2.5999725023333333,20.81710022,53.622538123333335,4.919848407333333
3,2014-11-14,0.4036875526666666,0.635495886,8.295299417499999,4.994555835666667,31.696266886666667,47.872538123333335,8.474015072833334
3,2014-11-15,0.4418000526666667,0.756595886,9.211132751208334,5.682472502333333,36.05876688666667,55.16420479000001,9.944848406333334
3,2014-11-16,0.40192505266666667,0.609095886,5.684466083916667,3.6949725023333335,34.22126688666667,82.53920479,6.840681740166667
3,2014-11-17,0.40343755266666664,0.614895886,8.660716084541667,5.9908058356666665,23.275433553333333,74.66420479,10.707348404500001
3,2014-11-18,0.20914588599999998,0.447595886,6.3798827505833335,4.018305835666666,20.196266887,52.997538123333335,6.974015073666667
3,2014-11-19,0.5506375526666667,0.710495886,7.630299417,4.941222502333333,25.912933553333332,65.41420479,8.744848406000001
3,2014-11-20,0.5910875526666667,0.760495886,6.519882750458334,3.876639169,26.100433553333332,66.03920479,6.9073484065
3,2014-11-21,0.2771375526666667,0.489195886,6.271132750333333,3.6783058356666665,31.196266886666667,81.33087145666667,6.149015074
3,2014-11-22,0.5701292193333333,0.761895886,8.883216084541667,5.092472502333333,38.179600220000005,82.53920479,8.494848406666668
3,2014-11-23,0.6565917193333334,0.757395886,9.828632751958333,5.739555835666667,42.117100220000005,80.20587145666667,9.690681738166667
3,2014-11-24,0.4421750526666666,0.697995886,7.814882750833334,4.726639169,36.32126688666667,79.24753812333334,8.374015073499999
3,2014-11-25,0.779370886,0.843295886,11.319882752833335,7.848305835666667,25.16710022,62.45587145666667,13.799015070000001
3,2014-11-26,0.589083386,0.719395886,8.255716083791667,5.756222502333333,18.025433553333333,52.53920479000001,10.3615150715
3,2014-11-27,0.3465250526666667,0.729795886,5.664882750333334,3.688722502333333,18.01710022,59.622538123333335,6.740681740666667
3,2014-11-28,0.2882375526666667,0.542895886,6.876132750333333,4.752889169,24.587933553333333,60.66420479000001,8.449015073166667
3,2014-11-29,0.17600421933333332,0.217495886,3.7032160836666663,2.261222502333333,27.846266886666665,80.45587145666667,4.115681740666667
3,2014-11-30,0.286770886,0.519795886,5.140299417125,3.2274725023333333,30.60460022,89.03920479,5.394848407166666
3,2014-12-01,0.734845886,0.778395886,13.44279942,8.64455583575,33.06293355333333,93.74753812333334,14.807348403333334
3,2014-12-02,0.7134750526666668,0.751295886,11.962799419625,7.853305835666666,28.900433553333333,90.08087145666667,13.286515070166667
3,2014-12-03,0.30267505266666667,0.642595886,6.326966083666666,3.869139169,23.000433553333334,86.78920479,6.553181740666666
3,2014-12-04,0.110058386,0.289495886,4.629049417,2.756639169,19.91710022,88.20587145666667,4.3906817406666665
3,2014-12-05,0.339170886,0.440295886,7.888216083666666,4.063305835666667,20.22960022,83.87253812333334,6.490681740666667
3,2014-12-06,0.24590005266666667,0.343295886,5.678216083666666,3.3987225023333334,11.958766888,80.78920479,5.649015074
3,2014-12-07,0.21653338600000002,0.467895886,4.621966083666667,2.766222502333333,15.846266887666665,81.33087145666667,4.678181740666667
3,2014-12-08,0.18668755266666667,0.416095886,5.502382750333333,3.0541391690000004,21.258766886666667,81.91420479,4.9948484073333335
3,2014-12-09,0.29782921933333334,0.693795886,6.181132750333333,3.2691391690000002,16.612933553666668,82.33087145666667,5.319848407333333
3,2014-12-10,0.11321671933333333,0.236995886,6.776966084041667,3.940389169,15.892100221,85.28920479,6.153181740666667
3,2014-12-11,0.19226255266666667,0.264195886,5.745716083791667,3.0837225023333334,24.66710022,83.49753812333334,4.969848407333333
3,2014-12-12,0.212870886,0.406695886,6.625299417,3.627055835666667,27.367100219999998,89.45587145666667,6.140681740666667
3,2014-12-13,0.27071671933333336,0.468695886,5.6282160836666675,3.167889169,27.696266886666667,92.03920479,5.294848407333333
3,2014-12-14,0.11005005266666668,0.225495886,4.352382750333333,2.448722502333333,21.929600219999998,89.78920479,3.7948484073333333
3,2014-12-15,0.4934042193333333,0.679995886,6.66779941775,3.5974725023333334,28.933766886666664,71.20587145666667,5.486515074
3,2014-12-16,0.5101625526666667,0.582695886,7.1332160836666665,3.7399725023333334,33.712933553333336,74.16420479,6.228181740666667
3,2014-12-17,0.3035542193333333,0.709695886,5.943632750333333,3.3078891689999996,32.47960022,74.20587145666667,5.361515074
3,2014-12-18,0.7154375526666666,0.767395886,9.123216084416667,4.940389169,38.583766886666666,71.87253812333334,8.3281817395
3,2014-12-19,0.4963542193333333,0.795995886,8.054466083666666,4.669555835666666,40.900433553333336,81.66420479,7.969848407000001
3,2014-12-20,0.6613708859999999,0.764995886,10.105299418749999,6.728305835666667,32.521266886666666,81.45587145666667,11.903181737166667
3,2014-12-21,0.298870886,0.542595886,4.862799417,3.2508058356666667,26.008766886666667,75.37253812333334,6.307348407166667
3,2014-12-22,0.192195886,0.307695886,6.980299417,3.972889169,29.429600219999998,76.33087145666667,6.969848406666666
3,2014-12-23,0.25392505266666665,0.322195886,7.702382750333334,4.444972502333333,28.150433553333333,65.99753812333334,7.828181739666667
3,2014-12-24,0.192820886,0.279395886,5.510716083666666,3.184139169,26.721266886666665,74.03920479,5.4948484073333335
3,2014-12-25,0.11626671933333332,0.185295886,3.836132750333333,2.2362225023333333,33.704600219999996,85.74753812333334,3.724015074
3,2014-12-26,0.5023667193333333,0.841295886,9.6790494185,5.864139169,33.13376688666667,90.99753812333334,9.749015072166667
3,2014-12-27,0.757533386,0.852595886,9.658216084791666,5.892472502333334,39.37543355333333,95.12253812333334,10.299015071333335
3,2014-12-28,0.7506250526666666,0.808695886,9.814049418625,6.977889169,17.1796002205,67.12253812333334,12.444848403666667
3,2014-12-29,0.31158755266666666,0.526895886,5.963216084041666,4.120389169,14.033766888,56.70587145666667,7.4990150736666665
3,2014-12-30,0.5748250526666666,0.682795886,9.656132751583334,5.804139169,29.10460022,55.41420479000001,10.069848404833333
3,2014-12-31,0.43754171933333336,0.703695886,7.721549417875,4.993305835666667,25.912933553333332,80.45587145666667,8.715681738833334
3,2015-01-01,0.25961255266666666,0.579695886,5.111549417125,3.843305835666667,10.612933554833333,43.78920479000001,7.6490150728333335
3,2015-01-02,0.4868292193333333,0.664695886,8.370716084041666,5.309139169,21.350433553333332,49.91420479000001,9.2615150725
3,2015-01-03,0.503270886,0.767895886,8.805716084416668,4.866639169,34.63376688666667,53.872538123333335,8.165681740166667
3,2015-01-04,0.20437505266666667,0.491295886,6.212799417,3.343305835666667,35.50460022,69.66420479,5.840681740666667
3,2015-01-05,0.2763250526666667,0.425095886,6.689882750333333,3.3670558356666667,37.021266886666666,74.20587145666667,5.661515074
3,2015-01-06,0.6621000526666666,0.780095886,11.312799418875,6.908305835666667,36.31293355333333,82.91420479,11.678181738166666
3,2015-01-07,0.6054417193333334,0.759995886,8.843216084166666,5.095805835666667,40.81710022,79.45587145666667,9.061515073
3,2015-01-08,0.7179208859999999,0.754495886,13.152799419749998,8.452889169166665,33.87126688666667,56.08087145666667,14.7365150705
3,2015-01-09,0.46213338600000003,0.701895886,7.578632751083333,5.375389169000001,18.337933553333333,44.20587145666667,9.878181738333334
3,2015-01-10,0.32054171933333336,0.515895886,5.851132750333334,3.832889169,22.967100220000003,42.330871456666664,7.0573484073333335
3,2015-01-11,0.2230250526666667,0.534995886,5.199882750333333,2.909139169,29.75460022,56.747538123333335,5.144848407333334
3,2015-01-12,0.10885838599999999,0.169295886,5.616549417000001,3.745805835666667,28.783766886666665,75.87253812333334,6.449015074000001
3,2015-01-13,0.08714171933333333,0.222395886,3.715299417,2.181639169,26.592100220000003,82.83087145666667,3.994848407333333
3,2015-01-14,0.17607505266666668,0.384295886,5.553216083666666,3.7266391690000003,29.033766886666665,82.12253812333334,6.694848407333333
3,2015-01-15,0.21607921933333332,0.382195886,5.699049417,3.7803891689999998,28.79210022,83.28920479,6.694848406833334
3,2015-01-16,0.158795886,0.362995886,4.804882750333333,3.5062225023333333,22.212933553333333,60.78920479000001,6.807348407166667
3,2015-01-17,0.06170421933333333,0.089595886,3.695716083666667,2.615389169,25.187933553333334,71.08087145666667,4.857348407333333
3,2015-01-18,0.441283386,0.763995886,7.2802994175,5.3208058356666665,17.912933553333332,62.66420479000001,9.536515071833334
3,2015-01-19,0.3756417193333333,0.732895886,8.0327994175,5.892472502333334,5.042100223833334,56.497538123333335,10.869848404499999
3,2015-01-20,0.151758386,0.393695886,4.684882750333333,3.5699725023333335,5.64626689,54.95587145666667,6.894848407333334
3,2015-01-21,0.6756167193333332,0.818395886,10.545716085791666,7.302889169,10.129600222,67.87253812333334,12.974015070666667
3,2015-01-22,0.327995886,0.436795886,7.046966083916666,4.852472502333334,19.67543355333333,75.08087145666667,8.7323484055
3,2015-01-23,0.23145005266666666,0.442195886,6.460299417000001,3.9624725023333336,18.667100220166667,69.49753812333334,7.357348407
3,2015-01-24,0.6924292193333333,0.788695886,11.244882752333334,7.771639169208334,11.217100221833334,56.41420479000001,13.899015070833334
3,2015-01-25,0.2952375526666667,0.556995886,5.581549417000001,3.720389169,7.583766889333333,51.08087145666667,6.861515073500001
3,2015-01-26,0.2994250526666667,0.471195886,7.117382750833333,4.785389169,13.175433555333333,68.87253812333334,8.449015072666667
3,2015-01-27,0.390983386,0.768195886,7.172799417749999,4.816222502333333,7.5962668896666665,72.45587145666667,8.578181739
3,2015-01-28,0.728683386,0.751995886,12.730716086416665,8.631222502625,11.775433556166666,69.16420479,15.524015070166667
3,2015-01-29,0.6586250526666667,0.725395886,11.931549419625,8.296639169,-2.895399776666667,48.70587145666667,14.453181737
3,2015-01-30,0.07369171933333334,0.293995886,5.3598827504583335,4.027889169,-13.957899778666667,41.997538123333335,7.757348406666666
3,2015-01-31,0.12200838600000001,0.218495886,6.279466083666667,4.309139169,-3.0745664431666664,65.16420479,7.328181740000001
3,2015-02-01,0.40192505266666667,0.743795886,7.711549418000001,4.734972502333333,14.625433555,73.03920479,8.144848406166666
3,2015-02-02,0.7210750526666666,0.753995886,11.126132753333332,6.789972502333334,41.09626688666667,91.95587145666667,11.515681737333333
3,2015-02-03,0.396795886,0.692195886,8.341549418,4.520805835666667,46.12543355333333,97.08087145666667,7.790681740499999
3,2015-02-04,0.19427505266666667,0.250395886,8.751132751208333,6.290389169,17.650433554333333,58.03920479000001,11.811515071333332
3,2015-02-05,0.06308755266666667,0.127695886,3.7169660836666663,2.9770558356666665,9.854600221833334,52.45587145666667,7.090681740333333
3,2015-02-06,0.056504219333333335,0.078095886,5.042799417,3.7583058356666665,15.492100220166668,61.33087145666667,7.915681740500001
3,2015-02-07,0.174695886,0.310095886,11.314466085541667,8.096222502541666,5.525433556833334,60.91420479000001,14.278181737166667
3,2015-02-08,0.20518755266666666,0.327595886,6.7061327510833335,4.689139169,0.6004335573333333,46.45587145666667,8.828181738666666
3,2015-02-09,0.26176255266666665,0.362495886,7.893632750333333,4.994139169,11.654600221833334,48.28920479000001,8.7365150725
3,2015-02-10,0.12713755266666668,0.270495886,4.829049417,3.1362225023333337,21.617100219999998,73.24753812333334,5.719848407333334
3,2015-02-11,0.185983386,0.364095886,5.820299417,3.8545558356666665,23.062933553333334,88.03920479,6.661515074
3,2015-02-12,0.5054167193333333,0.689495886,10.600716085791666,6.842055835666667,15.3379335545,84.24753812333334,11.228181737833333
3,2015-02-13,0.3511375526666667,0.630595886,7.506132750958333,4.150389169,8.183766889,78.58087145666667,7.136515074000001
3,2015-02-14,0.4807917193333333,0.652295886,9.210299418625,5.748305835666667,18.154600221,81.16420479,9.707348405166668
3,2015-02-15,0.2990042193333333,0.569695886,6.541966083916667,4.014555835666667,1.179600224,70.49753812333334,7.278181740333333
3,2015-02-16,0.20206255266666664,0.456495886,4.9265494169999995,3.244139169,6.462933555333333,72.78920479,5.482348407333333
3,2015-02-17,0.33479171933333335,0.418895886,7.382799417,4.873722502333333,19.458766886666666,88.16420479,7.753181740666666
3,2015-02-18,0.25900838600000003,0.525195886,4.964049417,3.1074725023333336,9.558766889,85.33087145666667,4.8073484073333335
3,2015-02-19,0.17879171933333335,0.433895886,4.5082160839166665,2.9503891689999997,3.6171002228333333,85.16420479,4.636515073666667
3,2015-02-20,0.458258386,0.641695886,9.555716085166667,6.450389169,21.333766886666666,88.12253812333334,9.815681738666667
3,2015-02-21,0.272695886,0.524395886,5.706132750333333,3.4062225023333332,12.304600221000001,83.12253812333334,4.924015074000001
3,2015-02-22,0.277870886,0.666595886,7.029882750333333,4.224555835666666,17.3754335535,84.33087145666667,6.374015073833333
3,2015-02-23,0.3793000526666666,0.652695886,9.279466084791666,7.095389169291667,28.996266886666664,93.95587145666667,9.7365150725
3,2015-02-24,0.541283386,0.611395886,18.314882753333332,13.78788916975,7.662933556333333,75.37253812333334,19.011515069999998
3,2015-02-25,0.15288755266666668,0.293095886,6.842382750458333,5.590805835666667,-1.657899776,73.28920479,7.915681740166668
3,2015-02-26,0.23192921933333333,0.383095886,8.5915494175,6.694139169,2.671266890666667,75.95587145666667,9.653181737999999
3,2015-02-27,0.2376167193333333,0.324995886,7.445299417125,5.7495558356666665,4.067100224,76.62253812333334,8.040681739833333
3,2015-02-28,0.11234171933333333,0.154795886,3.584882750333333,2.9520558356666666,9.3004335555,78.28920479,4.2865150739999995
3,2015-03-01,0.06510421933333334,0.123395886,5.7427994172500005,4.220389169,13.321266887999998,83.95587145666667,5.690681740666666
3,2015-03-02,0.26565421933333333,0.425095886,10.008632752083333,7.3553891689999995,7.167100223166667,81.70587145666667,9.903181738333332
3,2015-03-03,0.3881167193333333,0.561395886,11.444049419875,8.484972502333333,-7.3870664428333335,69.45587145666667,11.553181737166668
3,2015-03-04,0.499233386,0.562395886,12.684466086666667,9.123722502541666,-3.0703997763333333,70.16420479,12.140681736666666
3,2015-03-05,0.5083625526666666,0.570095886,12.162799419999999,8.690389169125,6.18376689,75.95587145666667,11.6281817375
3,2015-03-06,0.17927921933333335,0.347995886,7.951549417750001,5.364972502333334,10.675433555166668,77.99753812333334,7.215681740666667
3,2015-03-07,0.23392088600000002,0.340795886,7.9136327504583335,5.734972502333334,13.208766888166666,83.45587145666667,7.824015073999999
3,2015-03-08,0.14350421933333332,0.424395886,7.489466084166666,5.567472502333334,24.904600220000003,91.58087145666667,7.407348407000001
3,2015-03-09,0.4887167193333333,0.738195886,12.969466085791666,9.817889169583333,32.07126688666667,95.78920479,13.653181737666666
3,2015-03-10,0.47383338599999997,0.705795886,12.759882752333333,9.498722502708334,22.971266886666665,79.62253812333334,13.153181737833334
3,2015-03-11,0.14145421933333333,0.373895886,4.953216083666667,3.491222502333333,25.79626688666667,82.74753812333334,4.603181740666667
3,2015-03-12,0.6707417193333334,0.719595886,11.579882752708334,7.312472502333333,34.837933553333336,88.53920479,9.944848405166667
3,2015-03-13,0.707020886,0.726895886,11.529882752708334,6.300389169,43.37960022000001,96.74753812333334,10.557348405166666
3,2015-03-14,0.5231917193333333,0.749495886,11.361549419125,7.05038916925,38.60460022,88.87253812333334,12.149015071833333
3,2015-03-15,0.6514917193333333,0.742995886,11.180299419125,7.363722502375,31.825433553333337,59.997538123333335,13.453181737500001
3,2015-03-16,0.10672921933333333,0.308395886,4.137799417,2.6108058356666666,33.392100219999996,73.37253812333334,5.440681740666666
3,2015-03-17,0.13518755266666668,0.219995886,5.522799417000001,3.4470558356666667,34.587933553333336,68.37253812333334,6.469848406833333
3,2015-03-18,0.175058386,0.340895886,4.721549416999999,2.7595558356666667,33.51293355333333,62.997538123333335,5.207348407333334
3,2015-03-19,0.24430005266666666,0.479895886,6.2790494169999995,3.6308058356666666,38.925433553333335,61.16420479000001,6.561515074
3,2015-03-20,0.37700005266666664,0.656595886,8.179882750458333,5.245805835666666,38.142100219999996,75.83087145666667,9.328181738833333
3,2015-03-21,0.35083755266666666,0.525695886,6.582382750333333,3.8637225023333333,39.37960022,68.16420479,7.069848407333333
3,2015-03-22,0.3001375526666667,0.576095886,5.001966083666667,2.7308058356666667,39.487933553333335,65.91420479,5.219848407333333
3,2015-03-23,0.27645005266666667,0.427295886,7.079882750333333,4.138305835666666,42.99626688666667,64.87253812333334,7.2448484073333335
3,2015-03-24,0.20819171933333333,0.260395886,6.581132750333333,4.148722502333333,44.85460022,80.87253812333334,7.2281817403333335
3,2015-03-25,0.17736255266666667,0.369695886,5.0482160836666665,3.2120558356666664,39.03793355333333,68.28920479,6.1823484073333335
3,2015-03-26,0.35513338600000005,0.611895886,6.8152994175,4.280389169,42.47543355333334,70.66420479,7.515681739333334
3,2015-03-27,0.5703000526666667,0.751795886,9.921966085791667,6.384555835666667,55.74626688666667,64.28920479,11.286515071000002
3,2015-03-28,0.5657042193333334,0.755895886,7.627382750333333,4.963722502333334,44.04210022,63.91420479000001,9.344848405666667
3,2015-03-29,0.4327667193333333,0.661795886,6.638216083666666,4.378722502333333,37.017100219999996,59.03920479000001,7.965681740666667
3,2015-03-30,0.6708875526666667,0.775595886,11.258632752583333,7.778722502458333,33.24626688666667,48.91420479000001,14.049015070833333
3,2015-03-31,0.287345886,0.434895886,5.810299417375,3.6737225023333333,32.712933553333336,50.122538123333335,7.094848406833333
3,2015-04-01,0.35169588599999996,0.653195886,7.404466083791667,4.885389169,42.612933553333335,57.70587145666667,8.907348406333334
3,2015-04-02,0.17552505266666665,0.355495886,6.33904941725,4.154972502333334,39.804600220000005,69.91420479,7.674015072833334
3,2015-04-03,0.30262505266666667,0.576595886,5.787382750458334,3.362472502333333,41.15876688666666,78.16420479,5.757348406833334
3,2015-04-04,0.4594917193333334,0.686995886,8.86404941825,5.557055835666667,43.56293355333333,89.49753812333334,9.565681738333334
3,2015-04-05,0.24627921933333333,0.475295886,6.526132750458333,4.076222502333334,53.18793355333333,76.78920479,7.328181740666667
3,2015-04-06,0.5252042193333334,0.633295886,9.510716084666667,6.069139169,59.12126688666667,73.45587145666667,11.249015071166667
3,2015-04-07,0.41525838600000003,0.696995886,6.407799417,3.949139169,58.07960022,75.20587145666667,7.503181739333333
3,2015-04-08,0.4973917193333333,0.671895886,8.058216084041666,4.872889169,57.99210022,59.16420479000001,8.740681739000001
3,2015-04-09,0.378333386,0.494095886,5.100716083791666,3.217472502333333,50.333766886666666,60.91420479000001,5.836515073166667
3,2015-04-10,0.5886125526666667,0.608495886,12.903216086291666,8.743722502541667,39.11710022,81.66420479,15.2948484035
3,2015-04-11,0.49726671933333333,0.582995886,14.109049419875,9.478305836125001,40.75876688666667,74.37253812333334,18.303181736666666
3,2015-04-12,0.48215005266666666,0.555595886,12.469882753083333,8.694555835791666,32.37126688666667,65.20587145666667,15.361515070000001
3,2015-04-13,0.35864171933333333,0.472895886,6.947382750333333,4.453722502333333,35.94626688666667,60.66420479000001,8.319848407
3,2015-04-14,0.11686255266666667,0.263995886,5.262799417,3.3853891689999998,37.00460022,61.497538123333335,6.507348407333333
3,2015-04-15,0.5203917193333333,0.635295886,8.632382750958334,5.446639169,50.90876688666666,59.997538123333335,10.003181738666667
3,2015-04-16,0.44255005266666664,0.565595886,7.6802994175,4.769555835666666,56.396266886666666,63.372538123333335,8.436515072666667
3,2015-04-17,0.5584625526666667,0.747295886,9.602799418624999,6.212472502333333,56.49210022,81.03920479,11.0740150715
3,2015-04-18,0.5150167193333334,0.638095886,8.793216084166668,5.872055835666667,46.208766886666666,69.62253812333334,10.740681738166666
3,2015-04-19,0.22262921933333332,0.466695886,4.8327994169999995,3.1370558356666667,47.97960022,61.247538123333335,5.774015074
3,2015-04-20,0.523595886,0.677995886,7.9127994175000005,4.727889169,57.18793355333333,55.122538123333335,8.140681739333333
3,2015-04-21,0.5542000526666667,0.718895886,9.805299418375,6.134139169,65.38376688666666,59.45587145666667,11.086515071333332
3,2015-04-22,0.28881255266666667,0.405095886,6.961966083666667,4.674555835666667,54.07543355333333,86.91420479,9.178181739000001
3,2015-04-23,0.17765005266666667,0.382895886,5.713216083666667,3.6233058356666668,51.62543355333333,61.33087145666667,6.978181740499999
3,2015-04-24,0.076895886,0.131595886,5.815299416999999,3.317472502333333,56.89210022,63.622538123333335,6.199015073999999
3,2015-04-25,0.4411375526666667,0.702795886,8.308632750958333,5.044555835666666,56.23376688666667,57.747538123333335,9.149015072166668
3,2015-04-26,0.42549171933333335,0.709295886,7.1948827507083335,4.640805835666667,51.21710022,37.955871456666664,8.749015072499999
3,2015-04-27,0.6265167193333333,0.705895886,9.307382751958334,6.101639168999999,39.72543355333334,81.33087145666667,11.178181738
3,2015-04-28,0.5136667193333333,0.715195886,8.570716085041667,5.677055835666667,40.76293355333333,63.622538123333335,10.011515071833333
3,2015-04-29,0.22057921933333335,0.306995886,5.956549417000001,4.002472502333333,50.38376688666667,64.74753812333334,7.674015072333333
3,2015-04-30,0.3706292193333333,0.632095886,6.838632750583333,4.539139169,47.38376688666667,82.45587145666667,8.136515073166667
3,2015-05-01,0.12162505266666666,0.426095886,4.241549417,3.0678891690000003,46.12960022000001,80.28920479,5.999015074
3,2015-05-02,0.047283386000000004,0.164395886,4.558216083666667,2.8687225023333336,48.44210022000001,68.49753812333334,5.6823484073333335
3,2015-05-03,0.3106500526666667,0.381395886,6.3590494170000005,3.8887225023333336,50.09210022,66.45587145666667,6.9740150734999995
3,2015-05-04,0.11175421933333334,0.268095886,4.412799417,2.7420558356666667,56.80460022,62.83087145666667,5.3281817406666665
3,2015-05-05,0.2335542193333333,0.493095886,5.170299417,3.1483058356666667,59.87126688666667,76.33087145666667,6.490681740666666
3,2015-05-06,0.33340838600000006,0.718395886,7.7690494175,5.243305835666667,53.13793355333333,58.66420479000001,9.649015072166668
3,2015-05-07,0.46371671933333336,0.692295886,7.785716083791667,5.227472502333334,53.35460022,54.747538123333335,9.444848406666667
3,2015-05-08,0.715370886,0.758595886,9.084882751083333,6.169139169,47.72960022,88.83087145666667,11.2198484045
3,2015-05-09,0.685883386,0.757695886,9.602799418750001,6.756639169,44.25876688666667,65.78920479,12.457348404166666
3,2015-05-10,0.14482921933333334,0.441795886,4.3086327503333335,2.6045558356666665,50.64210022,54.45587145666667,5.374015074
3,2015-05-11,0.38848338600000004,0.647295886,7.281549417,4.7183058356666665,50.38376688666667,67.03920479,8.199015072166667
3,2015-05-12,0.20700421933333335,0.435995886,5.323632750333333,3.850389169,47.51293355333333,76.70587145666667,6.961515073666667
3,2015-05-13,0.010304221333333334,0.051995886,4.556549417,3.074139169,52.32126688666667,64.03920479,5.461515074
3,2015-05-14,0.00038755525,0.001495886,6.8407160837916665,4.395805835666667,59.87543355333333,72.62253812333334,8.2990150735
3,2015-05-15,0.07625421933333333,0.361595886,5.1490494172500005,3.209139169,64.11293355333333,69.33087145666667,5.8698484073333335
3,2015-05-16,0.25135005266666666,0.593595886,6.744466084041666,4.157472502333333,72.34210022,67.20587145666667,8.061515073666667
3,2015-05-17,0.540933386,0.703895886,9.057382751333334,6.023305835666666,64.20460022,84.37253812333334,10.836515071500001
3,2015-05-18,0.44497088599999995,0.679495886,8.65904941825,5.597472502333333,68.88793355333333,70.49753812333334,10.957348404833333
3,2015-05-19,0.29349588600000004,0.401595886,7.411966083666666,5.379972502333334,51.50460022000001,77.83087145666667,9.794848404833333
3,2015-05-20,0.196745886,0.390095886,6.624049416999999,4.753305835666667,49.57960022,58.03920479000001,8.944848406333334
3,2015-05-21,0.657383386,0.754695886,13.049882752958332,8.655805835916667,49.43793355333333,82.83087145666667,15.111515070000001
3,2015-05-22,0.7085750526666666,0.753595886,12.713216086041667,8.609555836,58.47960022,61.247538123333335,16.0490150705
3,2015-05-23,0.298458386,0.574995886,5.984882750333334,3.8233058356666665,57.25043355333333,69.33087145666667,7.486515073833334
3,2015-05-24,0.5030042193333334,0.665695886,9.77029941825,6.3433058356666665,65.24210022,74.49753812333334,12.140681737666666
3,2015-05-25,0.24112921933333334,0.482595886,5.992382750333333,3.662889169,65.12543355333334,64.24753812333334,6.774015074
3,2015-05-26,0.08467505266666665,0.158595886,5.071132750333334,3.020389169,64.15460022,62.03920479000001,6.049015074
3,2015-05-27,0.4296250526666667,0.728495886,10.627382751958335,7.147889169125,64.08793355333334,80.70587145666667,13.707348404333333
3,2015-05-28,0.397858386,0.760395886,7.910299417125,5.482889169,58.45043355333333,80.91420479,10.040681739
3,2015-05-29,0.31982921933333336,0.518695886,4.918216083666667,3.4183058356666667,61.24210022,86.58087145666667,6.932348406666667
3,2015-05-30,0.099845886,0.206295886,3.6944660836666667,2.687055835666667,64.15043355333334,77.91420479,5.732348406833334
3,2015-05-31,0.18242505266666667,0.251295886,6.275716083666667,3.6674725023333337,70.24626688666667,64.99753812333334,6.574015074000001
3,2015-06-01,0.24962921933333335,0.349695886,7.7948827503333336,4.946222502333334,67.20043355333333,63.08087145666667,9.1740150725
3,2015-06-02,0.2995250526666667,0.359695886,3.3469660836666666,1.8649725023333332,63.24626688666667,55.20587145666667,4.1198484073333335
3,2015-06-03,0.44180421933333336,0.539095886,7.216132750333333,4.437889169,63.92960022,69.03920479,7.9406817395000004
3,2015-06-04,0.3877500526666667,0.580295886,6.821549417,4.442472502333334,71.30876688666667,79.91420479,8.328181739833333
3,2015-06-05,0.08818338599999999,0.258295886,4.881549417,2.941639169,74.11293355333333,72.45587145666667,5.861515074
3,2015-06-06,0.03764171933333333,0.106495886,3.9669660836666663,2.360389169,74.03793355333333,71.74753812333334,4.561515074
3,2015-06-07,0.18635005266666668,0.349795886,6.111966083666666,3.797472502333333,74.60460022,68.37253812333334,6.699015073999999
3,2015-06-08,0.272083386,0.524395886,7.067799417,4.439139169,73.11710022,63.28920479000001,8.028181740166668
3,2015-06-09,0.44610421933333333,0.594995886,7.826966084166667,5.241222502333334,64.02126688666667,64.16420479,9.457348405166668
3,2015-06-10,0.45400421933333335,0.546995886,6.874466083666667,4.487055835666667,63.900433553333336,46.58087145666667,8.340681739333332
3,2015-06-11,0.23375838599999998,0.471995886,5.598216083666667,3.357055835666667,62.25460022000001,67.91420479,7.2740150735
3,2015-06-12,0.5689875526666667,0.692695886,9.111966084916666,6.128305835666667,61.04210022,59.83087145666667,11.178181738666666
3,2015-06-13,0.217708386,0.421295886,4.6219660837916665,2.643722502333333,60.40876688666666,52.372538123333335,5.3698484073333335
3,2015-06-14,0.4703792193333333,0.646295886,9.578216084791666,6.267889169,68.53376688666667,64.03920479,11.4740150715
3,2015-06-15,0.15033338599999999,0.182795886,4.261966083666667,2.7003891689999997,71.93793355333334,81.41420479,6.240681740666667
3,2015-06-16,0.040570886583333333,0.114995886,3.8632160836666665,2.570389169,69.35043355333333,76.49753812333334,4.915681740666667
3,2015-06-17,0.11731671933333333,0.149795886,3.855299417,2.5012225023333334,67.98376688666667,84.08087145666667,5.257348407333333
3,2015-06-18,0.03392921933333334,0.076895886,3.6077994170000003,2.511639169,65.35043355333333,83.37253812333334,5.403181740666667
3,2015-06-19,0.034191719333333336,0.061795886,3.8561327503333334,2.5374725023333333,66.24626688666667,70.53920479,4.761515074
3,2015-06-20,0.17112505266666667,0.314695886,5.853216083666666,3.6812225023333336,66.91293355333333,80.16420479,6.549015074
3,2015-06-21,0.525845886,0.619595886,10.034882751708333,6.544139169,66.11293355333333,83.12253812333334,11.553181738166666
3,2015-06-22,0.28212921933333335,0.436695886,6.739049417,4.612889169,66.65043355333333,82.37253812333334,8.332348407166666
3,2015-06-23,0.113520886,0.298195886,4.671132750333333,3.235389169,69.56710022,84.95587145666667,6.669848407333333
3,2015-06-24,0.256170886,0.552995886,7.328632750333334,4.7374725023333335,66.93793355333334,71.83087145666667,8.924015073
3,2015-06-25,0.24051255266666668,0.343895886,5.916132750333333,3.871639169,70.84210022,66.74753812333334,6.857348407333333
3,2015-06-26,0.10432921933333333,0.284395886,4.766132750333333,3.0062225023333333,72.54626688666666,75.83087145666667,5.403181740666667
3,2015-06-27,0.4251542193333333,0.525195886,7.165299417499999,4.451222502333333,75.82126688666666,79.49753812333334,9.257348405333333
3,2015-06-28,0.44502921933333334,0.553195886,6.186132750333333,3.965389169,79.12126688666667,80.83087145666667,7.574015073666668
3,2015-06-29,0.11222921933333334,0.282395886,5.146966083666666,3.187055835666667,80.51710022,81.53920479,5.878181740666666
3,2015-06-30,0.280433386,0.422895886,8.216132750333333,5.1678891689999995,82.96293355333334,75.91420479,8.986515072666666
3,2015-07-01,0.18871671933333334,0.239495886,6.513632750458334,4.049139169,80.24210022,73.08087145666667,7.3698484073333335
3,2015-07-02,0.07498755266666667,0.159995886,4.410716083666666,2.7933058356666667,77.01710022,79.28920479,5.699015073999999
3,2015-07-03,0.09580005266666668,0.247895886,4.1890494170000006,2.5978891689999997,75.25460022,87.12253812333334,5.044848407333333
3,2015-07-04,0.21987921933333335,0.658295886,4.036966083666667,2.7241391690000003,75.64626688666667,85.41420479,5.849015074
3,2015-07-05,0.21897921933333334,0.301795886,3.130299417,2.151639169,74.11710022,86.24753812333334,4.594848407333333
3,2015-07-06,0.20075005266666668,0.274895886,6.558216083666667,4.425389169,73.14626688666667,76.03920479,8.136515073833333
3,2015-07-07,0.065458386,0.137895886,3.414882750333333,2.3074725023333333,71.85460022,74.91420479,4.361515074
3,2015-07-08,0.205883386,0.363495886,6.927799417125001,4.352889169,74.20460022,71.62253812333334,7.540681740499999
3,2015-07-09,0.40490421933333337,0.570395886,9.006132751208334,5.627055835666667,76.19210022,74.62253812333334,10.203181738833333
3,2015-07-10,0.5383292193333333,0.655895886,10.023632751583333,6.467889169041666,72.14626688666667,66.37253812333334,11.4781817385
3,2015-07-11,0.22985005266666667,0.533895886,4.992382750333333,3.440805835666667,71.46710022,70.08087145666667,6.4323484073333335
3,2015-07-12,0.208183386,0.368495886,4.804882750333333,3.0699725023333335,75.70460022,73.41420479,5.528181740666667
3,2015-07-13,0.093645886,0.235095886,3.5644660836666664,2.225805835666667,78.14626688666667,74.12253812333334,4.253181740666666
3,2015-07-14,0.16352505266666667,0.330795886,5.682799416999999,3.4953891689999996,80.10876688666666,71.78920479,6.224015074
3,2015-07-15,0.36403755266666665,0.480495886,8.264882750333333,5.424139169,80.85460022,70.49753812333334,9.807348405499999
3,2015-07-16,0.16866255266666666,0.401895886,5.304049417124999,3.535805835666667,75.67960022,82.74753812333334,6.5906817405
3,2015-07-17,0.081408386,0.130395886,6.331132750458333,3.9445558356666663,76.88793355333333,86.33087145666667,7.4656817395
3,2015-07-18,0.14672505266666666,0.304395886,7.3840494173749995,4.529139169,84.92543355333333,68.91420479,8.286515073333334
3,2015-07-19,0.33060838600000003,0.377095886,7.818632750833333,4.926222502333333,85.49626688666666,71.58087145666667,8.565681738833334
3,2015-07-20,0.11046255266666666,0.238495886,6.602382750333334,4.255389169,77.88793355333333,79.99753812333334,8.669848406333333
3,2015-07-21,0.147945886,0.428895886,6.079049417,3.984139169,70.51293355333333,74.20587145666667,7.349015074
3,2015-07-22,0.4107042193333333,0.651595886,7.4198827503333336,4.785805835666666,67.03793355333333,64.87253812333334,8.644848406
3,2015-07-23,0.12181671933333334,0.179295886,3.4423827503333335,2.225805835666667,67.71710022,62.58087145666667,4.107348407333333
3,2015-07-24,0.11081671933333333,0.409395886,4.344466083666666,2.899139169,69.66293355333333,65.99753812333334,5.032348407333333
3,2015-07-25,0.45947505266666666,0.677895886,8.221132750458333,4.914972502333334,68.94210022,75.08087145666667,8.261515073666667
3,2015-07-26,0.576320886,0.791695886,9.236132751083334,5.979139169,76.61710022,62.33087145666667,10.449015071333333
3,2015-07-27,0.2159417193333333,0.410695886,5.521132750333333,3.316639169,79.15876688666667,67.16420479,6.419848407333333
3,2015-07-28,0.250333386,0.329795886,7.1298827503333335,4.313305835666667,75.20460022,73.95587145666667,8.05318174
3,2015-07-29,0.24608755266666668,0.312595886,6.655299416999999,4.193305835666666,71.15876688666667,71.99753812333334,7.707348406333334
3,2015-07-30,0.30902505266666663,0.478695886,3.5477994170000002,2.132889169,67.05043355333333,70.62253812333334,4.303181740666667
3,2015-07-31,0.31813755266666666,0.557195886,5.787382750333333,3.756639169,69.79210022,73.53920479,6.686515073833334
3,2015-08-01,0.092108386,0.123795886,5.103216083666667,3.154139169,71.64210021999999,73.87253812333334,5.753181740666666
3,2015-08-02,0.08539171933333334,0.134195886,5.0586327503333335,3.0108058356666665,71.25876688666666,70.78920479,5.436515074
3,2015-08-03,0.043520886,0.165395886,3.8511327503333335,2.3874725023333334,73.57543355333333,67.87253812333334,4.2656817406666665
3,2015-08-04,0.15537921933333335,0.287495886,4.514466083666666,2.7249725023333333,75.44626688666666,68.20587145666667,4.928181740666667
3,2015-08-05,0.42480838600000004,0.611595886,7.441966083666667,4.722055835666667,77.10043355333333,73.66420479,8.478181739833333
3,2015-08-06,0.2662042193333333,0.509095886,4.8432160836666664,2.9745558356666666,73.22960022,69.28920479,5.628181740666666
3,2015-08-07,0.250770886,0.514195886,4.471132750333333,2.7737225023333334,75.52126688666667,69.12253812333334,5.232348407333333
3,2015-08-08,0.11657505266666668,0.296395886,4.528216083666666,3.114139169,70.53793355333333,64.12253812333334,6.290681740499999
3,2015-08-09,0.24963755266666665,0.474695886,3.559049417,2.129139169,70.39626688666667,62.53920479000001,4.1615150739999995
3,2015-08-10,0.30407088600000004,0.575295886,6.366549417000001,4.104555835666667,75.67126688666666,72.20587145666667,7.653181739833333
3,2015-08-11,0.09608338599999999,0.181595886,4.659466083666667,2.879139169,75.89210022,78.49753812333334,5.515681740666667
3,2015-08-12,0.11819171933333333,0.224395886,4.293632750333333,2.6020558356666665,73.89626688666667,82.45587145666667,5.090681740666667
3,2015-08-13,0.261345886,0.409995886,6.244466083666667,3.9983058356666668,73.73793355333333,73.37253812333334,7.107348406833334
3,2015-08-14,0.232508386,0.471495886,6.588216083666667,4.369139169,66.66293355333333,75.37253812333334,7.8240150733333325
3,2015-08-15,0.082758386,0.286695886,3.865716083666667,2.558305835666667,67.63793355333333,79.70587145666667,4.511515074
3,2015-08-16,0.26082088600000003,0.434295886,4.914882750333334,3.424139169,69.28376688666667,74.62253812333334,6.278181740666667
3,2015-08-17,0.3877167193333333,0.610195886,5.774049417125,3.749555835666667,71.97126688666667,76.58087145666667,7.132348406833334
3,2015-08-18,0.05573755266666667,0.147895886,4.8944660837916665,3.1495558356666664,69.35876688666666,82.37253812333334,6.778181740166667
3,2015-08-19,0.014570887999999999,0.043295886,4.499049417,2.800805835666667,71.02960022,75.24753812333334,5.2656817406666665
3,2015-08-20,0.026766720166666664,0.062795886,5.2244660837916665,3.3658058356666665,75.84626688666667,84.12253812333334,6.549015073833334
3,2015-08-21,0.04807921933333333,0.107095886,5.558216083666667,3.587889169,68.63793355333333,78.03920479,6.644848407166666
3,2015-08-22,0.06296255266666667,0.303595886,3.624049417,2.424139169,65.98793355333333,71.62253812333334,4.5156817406666665
3,2015-08-23,0.32678755266666665,0.559395886,6.656966083666667,4.099555835666666,67.07960022,69.08087145666667,7.236515074
3,2015-08-24,0.3667417193333333,0.612195886,8.122382750333333,5.179972502333333,65.91293355333333,67.66420479,9.024015072666666
3,2015-08-25,0.23410005266666667,0.379595886,7.613632750333333,5.121639169,66.06293355333334,76.33087145666667,9.374015072666667
3,2015-08-26,0.12097921933333333,0.398895886,5.7140494171250005,3.7387225023333333,68.02126688666667,82.03920479,7.0990150734999995
3,2015-08-27,0.6573042193333333,0.802795886,9.436549418,5.989139169,65.29626688666666,61.122538123333335,10.928181738666666
3,2015-08-28,0.5080917193333333,0.845695886,7.530299416999999,4.630805835666666,64.53376688666667,59.372538123333335,8.194848406166667
3,2015-08-29,0.40848338599999995,0.727495886,7.449049417,4.434555835666667,70.70876688666667,62.497538123333335,7.911515073166666
3,2015-08-30,0.124783386,0.262795886,5.137799417,3.1795558356666667,64.51293355333333,59.58087145666667,5.965681740666667
3,2015-08-31,0.15516671933333334,0.281395886,5.144049417,3.201639169,62.10043355333334,72.95587145666667,5.740681740666667
3,2015-09-01,0.11499171933333334,0.217195886,5.157382750333333,3.1387225023333336,68.36293355333333,77.24753812333334,5.674015074
3,2015-09-02,0.35586671933333336,0.536595886,6.730299417625001,4.350389169,74.59626688666667,76.20587145666667,7.707348405833334
3,2015-09-03,0.5431250526666667,0.659395886,7.903632750958334,5.071639169,74.71293355333334,65.66420479,10.178181738166666
3,2015-09-04,0.39521671933333336,0.603395886,3.7973827503333335,2.071639169,64.07126688666666,68.20587145666667,4.3073484073333335
3,2015-09-05,0.45900005266666666,0.705995886,7.561966083666667,4.747472502333333,73.34626688666667,69.66420479,8.449015072666667
3,2015-09-06,0.20752921933333335,0.446695886,6.454049417,4.254972502333334,69.10043355333333,66.58087145666667,7.740681740166667
3,2015-09-07,0.04050005266666667,0.132595886,4.149466083666667,2.6816391690000003,66.27126688666667,77.41420479,5.132348407333333
3,2015-09-08,0.21483338600000002,0.300995886,6.708632750333333,4.544972502333334,66.15043355333334,79.33087145666667,8.082348407333333
3,2015-09-09,0.3933125526666667,0.510095886,9.093632751083334,5.997055835666667,71.75876688666666,81.28920479,11.332348404833333
3,2015-09-10,0.315070886,0.737495886,6.191132750333334,3.8099725023333337,75.56293355333334,75.87253812333334,7.624015073833334
3,2015-09-11,0.143883386,0.534795886,6.002799417125,4.025805835666667,74.25876688666666,83.53920479,9.219848406333334
3,2015-09-12,0.521020886,0.818195886,8.725299417375,5.506639169,72.92126688666667,74.99753812333334,10.561515072
3,2015-09-13,0.5278667193333334,0.736295886,9.589049419,6.417055835666667,62.60876688666667,63.91420479000001,11.565681737666667
3,2015-09-14,0.40949171933333334,0.835295886,7.523632750708334,4.417472502333333,68.87960022,74.28920479,7.7823484060000006
3,2015-09-15,0.5050625526666667,0.682095886,3.744466083666667,2.1645558356666665,74.63376688666666,76.99753812333334,4.278181740666667
3,2015-09-16,0.474633386,0.761395886,8.030299417124999,4.905389169,77.20876688666667,76.03920479,8.324015074
3,2015-09-17,0.5513292193333333,0.631795886,10.411966085541666,6.720805835666667,79.71710022,68.74753812333334,12.019848404666666
3,2015-09-18,0.48356671933333334,0.684395886,7.681966084166667,4.9441391690000005,77.16293355333333,71.28920479,9.386515072
3,2015-09-19,0.10992505266666668,0.221195886,4.6869660836666664,3.078722502333333,74.22960022,79.37253812333334,6.728181740166668
3,2015-09-20,0.3441375526666666,0.442595886,7.44779941725,4.750805835666667,76.16293355333333,77.24753812333334,8.8031817395
3,2015-09-21,0.370683386,0.503295886,9.198216085166667,6.006639169,74.22126688666667,81.78920479,10.761515071333333
3,2015-09-22,0.077695886,0.158195886,4.316966083666666,2.824139169,64.24210022,76.37253812333334,5.499015074
3,2015-09-23,0.10764588600000001,0.381795886,4.6123827503333334,2.652055835666667,64.76293355333333,72.83087145666667,4.644848407333334
3,2015-09-24,0.5679042193333333,0.720395886,9.879049417875,6.275805835666667,71.94210022,70.74753812333334,11.190681738333334
3,2015-09-25,0.4059125526666667,0.595295886,7.894882750333333,4.824555835666667,63.05460022,56.83087145666667,8.169848407166667
3,2015-09-26,0.37752921933333333,0.637095886,7.6886327508333325,4.729555835666667,61.271266886666666,56.497538123333335,8.353181739666667
3,2015-09-27,0.18581671933333332,0.315995886,8.224882751083333,5.397472502333334,64.66710022,68.91420479,9.657348405
3,2015-09-28,0.216108386,0.392295886,8.454049417375,5.804555835666666,58.275433553333336,69.74753812333334,10.4115150715
3,2015-09-29,0.47394588600000004,0.696195886,9.426966084666667,6.289555835666667,65.37543355333334,89.62253812333334,10.807348404666667
3,2015-09-30,0.6032917193333334,0.702395886,10.953216085791667,7.073305835666666,78.48793355333333,75.33087145666667,12.861515070666668
3,2015-10-01,0.30075421933333335,0.434195886,8.027382750583334,5.347889168999999,59.74210022,91.70587145666667,11.865681738166666
3,2015-10-02,0.22725421933333334,0.356095886,6.498632750333333,4.385805835666667,53.89210022,91.41420479,8.069848406833334
3,2015-10-03,0.30022921933333335,0.494895886,7.362382750333333,4.889972502333333,49.09210022,72.99753812333334,8.965681738999999
3,2015-10-04,0.18654171933333333,0.571895886,6.718632750708333,4.332472502333333,48.10876688666667,71.33087145666667,7.732348406333333
3,2015-10-05,0.7068042193333334,0.848395886,10.959466085666667,6.968305835708333,56.36710022,71.45587145666667,13.453181737666668
3,2015-10-06,0.45897505266666666,0.612795886,8.778632750833333,5.193722502333333,54.800433553333335,52.03920479000001,9.028181739333332
3,2015-10-07,0.284058386,0.507995886,6.635716083791666,3.6620558356666666,56.108766886666665,51.747538123333335,6.407348407333334
3,2015-10-08,0.7289250526666667,0.813195886,11.0640494195,6.909972502333333,59.146266886666666,53.53920479000001,11.869848404666667
3,2015-10-09,0.5543792193333333,0.700095886,10.401132752833334,6.7528891689999995,58.85043355333334,64.62253812333334,11.928181737000001
3,2015-10-10,0.7473625526666666,0.856795886,9.904466085166666,6.482472502333334,53.57543355333333,87.95587145666667,11.440681737833332
3,2015-10-11,0.8424375526666666,0.907495886,13.198632753333333,9.284555836000001,36.75876688666667,54.497538123333335,16.58651507
3,2015-10-12,0.773483386,0.843895886,12.522382753208333,8.307055835875,37.04210022,56.83087145666667,14.736515070000001
3,2015-10-13,0.41282921933333333,0.643195886,8.390716083916667,5.594972502333333,39.892100219999996,64.91420479,10.044848404666666
3,2015-10-14,0.2338875526666667,0.556395886,6.21779941775,4.060389169,44.85043355333334,68.08087145666667,6.932348406
3,2015-10-15,0.7283167193333333,0.891595886,11.328632752458333,7.434139169083333,48.55876688666667,65.83087145666667,13.199015070833333
3,2015-10-16,0.41210005266666666,0.742395886,5.425299417000001,3.7370558356666668,42.31710022,70.58087145666667,7.02818174
3,2015-10-17,0.4975500526666667,0.723695886,8.005716084416667,4.952472502333333,48.42126688666667,71.62253812333334,8.419848405333333
3,2015-10-18,0.8194833859999999,0.897295886,12.428632753208333,7.911222502416667,58.49626688666667,58.03920479000001,13.815681736666667
3,2015-10-19,0.24759171933333335,0.647095886,5.651132750333333,3.267055835666667,55.10043355333334,64.95587145666667,6.032348407333333
3,2015-10-20,0.5058417193333333,0.872495886,9.447382751583334,5.698722502333333,53.66293355333334,63.58087145666667,9.7906817385
3,2015-10-21,0.6722583860000001,0.879895886,10.791966085416666,7.25413916925,48.771266886666666,87.49753812333334,12.9198484045
3,2015-10-22,0.8476792193333332,0.885795886,13.387382752583333,8.855389169541667,44.86710022,54.08087145666667,16.069848404166667
3,2015-10-23,0.28595421933333337,0.648595886,5.623216083666667,3.6837225023333335,40.204600219999996,76.49753812333334,6.607348407
3,2015-10-24,0.08579171933333334,0.165795886,5.288632750333334,3.4070558356666667,37.91293355333333,61.20587145666667,6.311515074
3,2015-10-25,0.297395886,0.724795886,6.568632750333333,4.064555835666667,40.52960022,60.58087145666667,6.819848407166667
3,2015-10-26,0.5628542193333333,0.831795886,7.541966083666666,4.462055835666667,42.68376688666667,66.24753812333334,8.011515073166667
3,2015-10-27,0.4672042193333333,0.642095886,7.385299417374999,5.003722502333333,40.53793355333333,71.24753812333334,8.749015072666667
3,2015-10-28,0.206370886,0.326595886,4.672382750333333,3.4045558356666668,32.492100220000005,55.83087145666667,6.5573484073333335
3,2015-10-29,0.11181255266666666,0.240695886,4.212382750333333,2.567055835666667,32.862933553333335,65.66420479,4.886515074
3,2015-10-30,0.12740005266666668,0.236895886,5.488632750333333,3.834139169,29.575433553333337,52.247538123333335,7.144848407333334
3,2015-10-31,0.22284171933333333,0.322595886,6.4511327503333336,3.849555835666667,29.654600220000003,48.747538123333335,6.861515074
3,2015-11-01,0.3802542193333333,0.567795886,8.158216083666668,4.917055835666667,37.03793355333333,64.16420479,8.594848406666665
3,2015-11-02,0.5093917193333334,0.830095886,8.320716083666667,5.119972502333334,36.88376688666667,61.872538123333335,9.007348405833334
3,2015-11-03,0.275058386,0.555195886,5.443632750333333,2.9420558356666664,39.40460022,68.24753812333334,5.003181740666666
3,2015-11-04,0.5204083860000001,0.734495886,8.290716083666666,5.239555835666667,38.84210022,72.70587145666667,9.232348406166667
3,2015-11-05,0.11321671933333333,0.222395886,4.5448827503333336,2.828722502333333,32.06293355333333,59.997538123333335,5.269848407333334
3,2015-11-06,0.5670000526666666,0.720095886,7.719882750583333,5.365389169,31.087933553333333,70.03920479,9.5615150715
3,2015-11-07,0.3571375526666667,0.594295886,4.615716083666666,3.108722502333334,20.908766886666665,41.122538123333335,5.853181740666667
3,2015-11-08,0.7947708859999999,0.859495886,9.508632751833334,5.896639169,30.23376688666667,41.41420479,10.069848405833334
3,2015-11-09,0.3858042193333333,0.808395886,6.3990494170000005,3.770389169,39.94626688666667,63.247538123333335,6.486515074
3,2015-11-10,0.5668542193333334,0.872495886,8.498216083916667,5.787055835666667,29.746266886666664,73.74753812333334,10.194848404833333
3,2015-11-11,0.768708386,0.895195886,9.6727994185,6.923305835666667,15.512933553833333,49.28920479000001,12.469848403999999
3,2015-11-12,0.457095886,0.866295886,7.341549418,4.992472502333333,12.779600221666668,52.45587145666667,8.782348405333334
3,2015-11-13,0.38799588599999996,0.821395886,6.747382750833334,4.239972502333333,27.612933553333335,70.53920479,7.553181739833334
3,2015-11-14,0.24990005266666668,0.451095886,6.037799417,3.4658058356666666,25.862933553333335,62.83087145666667,6.132348407333333
3,2015-11-15,0.46735838599999996,0.760895886,7.608216084166667,4.037472502333333,36.97126688666666,68.53920479,6.749015074
3,2015-11-16,0.831983386,0.914795886,10.766132752333334,6.548722502333334,40.41710022,58.372538123333335,11.244848404999999
3,2015-11-17,0.24502088600000002,0.489195886,5.806966083666667,3.6149725023333334,38.31293355333333,79.87253812333334,6.4490150735
3,2015-11-18,0.17750421933333335,0.274695886,6.0986327503333335,3.732889169,38.09626688666667,85.45587145666667,6.3656817405
3,2015-11-19,0.277595886,0.482795886,6.238632750333333,3.797472502333333,39.72960022,79.53920479,6.478181740666667
3,2015-11-20,0.8035333859999999,0.901895886,9.717382752083333,5.792472502333333,47.208766886666666,72.87253812333334,9.969848405166667
3,2015-11-21,0.8432958859999999,0.919695886,9.7615494185,6.4403891689999995,36.97543355333333,75.70587145666667,11.832348405
3,2015-11-22,0.16299171933333334,0.438895886,4.3623827503333334,2.564972502333333,24.72960022,64.66420479,4.861515074000001
3,2015-11-23,0.421470886,0.752395886,7.768632750333333,4.3433058356666665,33.44626688666667,64.33087145666667,7.532348406833333
3,2015-11-24,0.184858386,0.249895886,7.042799417,3.7445558356666666,38.37543355333333,65.91420479,6.290681740666667
3,2015-11-25,0.4663292193333333,0.773495886,7.874466083791667,4.3033058356666665,40.10460022,65.20587145666667,7.544848406666667
3,2015-11-26,0.7135417193333332,0.923095886,9.664882751458334,6.301222502333334,34.03793355333333,82.08087145666667,10.8490150715
3,2015-11-27,0.8299167193333333,0.948395886,11.246132752208332,7.264972502541667,28.333766886666666,83.41420479,12.661515071166667
3,2015-11-28,0.07491671933333334,0.341895886,4.6577994170000006,2.768722502333333,23.475433553333332,85.20587145666667,4.615681740666667
3,2015-11-29,0.3043750526666667,0.802595886,6.846132750333333,4.401639169,30.97960022,92.70587145666667,7.528181739833333
3,2015-11-30,0.8856917193333333,0.940095886,9.4540494185,6.015805835666666,36.400433553333336,95.70587145666667,10.436515071666667
3,2015-12-01,0.9244667193333332,0.977195886,11.6777994195,7.899972502333333,28.79626688666667,83.74753812333334,13.815681736833334
3,2015-12-02,0.457770886,0.608395886,6.141132750333334,3.7737225023333334,25.19210022,56.78920479000001,6.969848407333333
3,2015-12-03,0.819420886,0.938195886,9.384466084916667,5.677055835666667,34.733766886666665,70.49753812333334,9.749015072333334
3,2015-12-04,0.477733386,0.922095886,6.97529941725,4.129139169,35.90460022,77.87253812333334,7.007348407166667
3,2015-12-05,0.31308755266666666,0.575295886,7.067799417500001,4.1678891689999995,36.81710022,79.33087145666667,6.84068174
3,2015-12-06,0.40095838600000006,0.654295886,6.058632750708333,4.037055835666666,26.26710022,69.74753812333334,7.553181739666667
3,2015-12-07,0.8522792193333334,0.935495886,10.650716084916667,6.491222502333334,36.15460022,54.747538123333335,10.928181738333334
3,2015-12-08,0.5291042193333334,0.881595886,6.068216084166667,3.327472502333333,36.925433553333335,76.16420479,6.144848406666667
3,2015-12-09,0.5483292193333333,0.878495886,8.940299418375,6.139139169,20.933766886666664,66.99753812333334,10.8531817385
3,2015-12-10,0.262320886,0.507295886,6.345299417,4.217055835666667,14.183766886999999,51.53920479000001,7.7406817395
3,2015-12-11,0.12871255266666667,0.488395886,5.471132750333333,3.638305835666667,16.462933553333333,50.41420479000001,6.932348407166667
3,2015-12-12,0.4704292193333333,0.844495886,6.7957160840416675,4.283722502333333,27.00460022,68.99753812333334,7.690681740333333
3,2015-12-13,0.12741671933333334,0.400595886,4.097799417,2.741222502333333,23.07960022,75.83087145666667,4.961515074
3,2015-12-14,0.4565875526666667,0.756495886,7.1282160836666675,5.230805835666667,16.450433554,64.03920479,9.519848404833334
3,2015-12-15,0.17960838599999998,0.222995886,2.2219660836666666,1.7737225023333334,12.708766888166666,61.497538123333335,4.007348407333333
3,2015-12-16,0.089108386,0.132495886,3.3011327503333336,1.9345558356666668,19.971266886666665,74.83087145666667,3.478181740666667
3,2015-12-17,0.231083386,0.499395886,7.243632750333333,4.368305835666667,23.429600219999998,72.16420479,7.511515073333334
3,2015-12-18,0.481108386,0.892895886,6.337799417,4.149139169000001,19.412933554333332,55.70587145666667,7.511515073333334
3,2015-12-19,0.6055000526666666,0.852595886,6.606132750583334,3.450805835666667,31.367100219999998,61.58087145666667,5.840681740666667
3,2015-12-20,0.49751255266666666,0.931095886,7.52154941725,4.079139169,33.43793355333333,60.53920479000001,6.8948484070000005
3,2015-12-21,0.5410625526666667,0.936195886,7.831549417375,4.128722502333333,34.00460022,62.33087145666667,6.849015074
3,2015-12-22,0.7761625526666666,0.958995886,9.682382752208333,5.319555835666667,39.367100220000005,52.66420479000001,8.919848406833333
3,2015-12-23,0.29910421933333337,0.525695886,5.421132750458334,2.6953891690000003,36.175433553333335,74.37253812333334,4.690681740666666
3,2015-12-24,0.2192292193333333,0.536095886,5.7461327503333335,2.9583058356666663,37.75043355333333,83.03920479,4.882348407333334
3,2015-12-25,0.07283755266666667,0.199295886,5.020716083666667,2.7162225023333337,38.17960022,86.24753812333334,4.794848407333333
3,2015-12-26,0.3045792193333333,0.420795886,6.4040494169999995,4.018305835666666,30.95043355333333,80.45587145666667,6.990681740666667
3,2015-12-27,0.22074171933333334,0.355295886,5.166132750333333,2.7158058356666666,30.17126688666667,75.74753812333334,4.824015074
3,2015-12-28,0.3669667193333333,0.537395886,7.662799417125,4.3658058356666665,35.85043355333333,92.45587145666667,7.636515073833333
3,2015-12-29,0.7588125526666666,0.891795886,7.396132750708333,4.938305835666667,32.60460022,89.41420479,8.540681739
3,2015-12-30,0.8910792193333333,0.908295886,10.962382752583332,7.329555835666667,24.67126688666667,72.87253812333334,12.6906817375
3,2015-12-31,0.621145886,0.919295886,8.465299417625,5.390805835666666,26.633766886666667,66.24753812333334,9.619848405166666
3,2016-01-01,0.7977125526666667,0.889895886,10.130716084666666,5.879139168999999,33.30876688666667,61.372538123333335,9.844848405333334
3,2016-01-02,0.366108386,0.620795886,6.024882750333333,3.5387225023333335,33.93793355333333,87.53920479,6.2656817401666665
3,2016-01-03,0.3047625526666667,0.553795886,7.1107160841666675,4.678722502333334,30.87960022,84.83087145666667,8.057348405666668
3,2016-01-04,0.5284000526666667,0.844395886,6.868216084291666,4.227889169,28.76710022,64.99753812333334,7.611515073833334
3,2016-01-05,0.8791667193333333,0.965995886,12.058216085916667,7.3837225024999995,35.50460022,61.497538123333335,13.011515071
3,2016-01-06,0.22287088600000002,0.454195886,5.542799417,3.0120558356666667,30.837933553333333,65.99753812333334,5.103181740666667
3,2016-01-07,0.26184588599999997,0.470395886,7.0386327504583335,4.2616391689999995,28.400433553333333,67.53920479,7.594848407333334
3,2016-01-08,0.5387792193333333,0.921195886,8.662382751458333,6.057472502333333,19.471266886666665,35.872538123333335,10.7031817385
3,2016-01-09,0.713545886,0.919095886,9.913632751708333,5.972472502333333,36.71710022,65.45587145666667,10.490681738000001
3,2016-01-10,0.6433500526666667,0.891495886,8.376132751458334,6.087889169,19.3129335535,64.41420479,10.7656817385
3,2016-01-11,0.519820886,0.838495886,7.165716084041667,4.9683058356666665,11.192100221666665,46.20587145666667,9.340681738166667
3,2016-01-12,0.195745886,0.259895886,4.745716083666667,3.1028891690000004,19.36710022,65.70587145666667,5.565681740666666
3,2016-01-13,0.5267542193333333,0.853095886,6.924882750458333,4.4649725023333335,25.583766886666666,89.83087145666667,7.836515072666667
3,2016-01-14,0.42890005266666664,0.829895886,6.747382750708333,4.157472502333333,25.01293355333333,72.33087145666667,7.607348406333333
3,2016-01-15,0.620958386,0.863695886,7.3582160840416675,5.2495558356666665,19.254600221,65.99753812333334,9.6031817385
3,2016-01-16,0.4827042193333333,0.629495886,4.809466083666667,3.5303891689999998,4.833766889833334,39.622538123333335,6.924015073833334
3,2016-01-17,0.6887250526666667,0.908295886,11.710299419125,7.194139169083333,17.8587668875,77.37253812333334,12.0073484045
3,2016-01-18,0.23259171933333334,0.386495886,12.952382752708333,8.448305836083334,8.150433556166666,78.33087145666667,14.1031817375
3,2016-01-19,0.22187088600000002,0.299195886,9.140299418125,5.496222502333333,-3.937066442666667,74.20587145666667,9.086515072666666
3,2016-01-20,0.129883386,0.453095886,4.034882750333334,2.4545558356666666,-4.87873311,80.74753812333334,3.8906817406666665
3,2016-01-21,0.660145886,0.830595886,10.268216085291668,5.948722502333333,5.771266889,80.78920479,9.265681738666666
3,2016-01-22,0.688483386,0.807395886,9.698216085291667,6.161222502333334,32.050433553333335,94.03920479,10.015681738333333
3,2016-01-23,0.3499250526666667,0.489495886,4.229466083666667,2.8358058356666667,31.587933553333333,97.24753812333334,4.428181740666667
3,2016-01-24,0.6110417193333334,0.750495886,8.166966083666667,5.4803891689999995,28.304600219999998,91.87253812333334,8.815681740166667
3,2016-01-25,0.27533755266666665,0.452195886,5.4736327503333335,3.578722502333333,25.342100220000003,90.74753812333334,5.894848407333334
3,2016-01-26,0.08976671933333334,0.156195886,4.165299417,2.5799725023333333,25.946266886666667,94.58087145666667,4.165681740666667
3,2016-01-27,0.13043755266666665,0.225895886,4.843632750333334,3.036222502333333,26.679600219999998,91.20587145666667,5.019848407333334
3,2016-01-28,0.040012552666666666,0.049595886,2.9286327503333336,2.0249725023333336,20.275433553333333,87.20587145666667,3.5781817406666665
3,2016-01-29,0.020025052666666664,0.029595886,1.9623827503333333,1.4533058356666668,21.57543355333333,89.45587145666667,2.6156817406666666
3,2016-01-30,0.19512921933333335,0.419895886,6.365716083666666,4.189139169,26.35876688666667,94.28920479,6.574015073999999
3,2016-01-31,0.240720886,0.419295886,4.590716083666667,3.004139169,30.79626688666667,95.74753812333334,4.894848407333334
3,2016-02-01,0.485958386,0.887795886,8.854049417875,5.074555835666667,32.15460022,87.87253812333334,7.986515073
3,2016-02-02,0.6786417193333333,0.853795886,9.757799418374999,4.788305835666667,36.65460022,79.74753812333334,7.8656817395
3,2016-02-03,0.7969167193333333,0.895295886,11.077799419625,6.889555835666666,26.371266886666664,85.12253812333334,11.582348404166666
3,2016-02-04,0.6388000526666667,0.883695886,8.826966084791666,5.704139169,16.56710022,74.16420479,10.165681737833333
3,2016-02-05,0.05955421933333333,0.132395886,2.6598827503333333,1.9949725023333331,16.74210022,70.70587145666667,3.274015074
3,2016-02-06,0.168233386,0.222895886,5.606132750333334,3.5253891690000003,20.787933554166667,71.87253812333334,5.707348407333334
3,2016-02-07,0.377020886,0.648695886,6.639882750333332,4.313305835666667,22.10876688666667,82.95587145666667,7.6490150735
3,2016-02-08,0.21548338599999997,0.591195886,5.504049417125,3.3874725023333334,16.550433554833333,72.28920479,5.586515073833334
3,2016-02-09,0.7766792193333334,0.918995886,8.711132751833334,5.289139169,24.97960022,84.16420479,9.719848405166667
3,2016-02-10,0.336420886,0.554995886,5.914882750333334,3.466639169,21.637933554166665,77.91420479,5.690681740666666
3,2016-02-11,0.44079171933333333,0.879995886,7.589466084041667,4.356639169,26.62960022,70.08087145666667,7.5656817405000005
3,2016-02-12,0.727283386,0.886695886,11.147382752708333,7.319555835666667,23.787933554166667,65.49753812333334,12.707348403666666
3,2016-02-13,0.36340838599999997,0.712195886,6.663216084291666,4.927055835666667,-3.8578997771666668,51.247538123333335,9.432348404833332
3,2016-02-14,0.6864667193333333,0.921695886,10.560299418625,7.007472502333333,14.629600221666665,42.330871456666664,11.844848404833334
3,2016-02-15,0.5677625526666666,0.881795886,8.452382751208333,5.1958058356666665,30.300433553333335,61.70587145666667,9.249015072166667
3,2016-02-16,0.3888000526666667,0.650495886,5.394049417000001,3.381639169,32.72543355333333,70.70587145666667,5.961515074
3,2016-02-17,0.31690421933333335,0.464395886,7.723632751083334,4.790805835666666,33.22126688666667,86.91420479,8.528181739666666
3,2016-02-18,0.27776255266666666,0.584295886,7.07154941725,4.773722502333333,23.771266886666666,69.28920479,8.9240150735
3,2016-02-19,0.18576255266666666,0.246195886,4.496966083666666,3.485389169,10.342100222166666,64.03920479,6.640681740666667
3,2016-02-20,0.2662167193333333,0.479995886,4.429882750333333,2.8353891690000004,12.567100221666665,42.95587145666667,5.582348407333334
3,2016-02-21,0.7454167193333333,0.809695886,11.119882752958333,6.859555835666666,31.925433553333335,49.91420479000001,11.836515071666668
3,2016-02-22,0.7189917193333333,0.869095886,8.804466084041666,5.0378891690000005,38.12543355333333,64.95587145666667,8.803181739333334
3,2016-02-23,0.3753167193333333,0.484495886,6.5465494170000005,3.502889169,39.046266886666665,54.91420479000001,6.169848407333333
3,2016-02-24,0.3996375526666667,0.581195886,7.669049417,4.780389169,31.57543355333333,70.20587145666667,8.365681739666668
3,2016-02-25,0.6935958860000001,0.897295886,9.612799418375,6.3224725023333335,30.85460022,66.45587145666667,11.019848404833333
3,2016-02-26,0.354445886,0.700995886,6.820716083791667,4.654972502333333,25.117100219999998,55.70587145666667,8.711515072166668
3,2016-02-27,0.08230421933333333,0.301895886,4.309882750333333,2.8208058356666665,26.07960022,59.33087145666667,5.315681740666666
3,2016-02-28,0.30340005266666664,0.510395886,5.333216083666667,3.6137225023333333,30.271266886666666,66.28920479,6.5115150733333325
3,2016-02-29,0.7153083859999999,0.888795886,9.123216085041667,5.759139169,37.608766886666665,60.872538123333335,9.836515071500001
3,2016-03-01,0.470833386,0.777995886,7.805299417375,4.574555835666667,43.15460022,60.70587145666667,8.219848406333334
3,2016-03-02,0.274770886,0.526795886,6.008216083666667,3.7712225023333334,33.99626688666667,66.78920479,7.094848407333333
3,2016-03-03,0.583820886,0.897795886,9.092382751958334,5.882055835666667,40.892100219999996,57.41420479000001,10.719848405
3,2016-03-04,0.3973042193333334,0.799095886,6.712799417625,4.066639169,41.75876688666667,66.87253812333334,7.432348406333333
3,2016-03-05,0.8644292193333333,0.918095886,14.40904942,9.638722502708333,40.579600219999996,53.247538123333335,17.590681736666667
3,2016-03-06,0.49371671933333333,0.676595886,6.363632750833333,3.8820558356666663,34.76293355333333,60.70587145666667,7.490681740333334
3,2016-03-07,0.8737542193333333,0.916095886,12.089882753333333,7.666639169,49.862933553333335,38.622538123333335,13.132348403499998
3,2016-03-08,0.8481000526666667,0.930395886,12.193216086666666,7.817889169,56.05460022,47.03920479000001,13.6198484035
3,2016-03-09,0.45826671933333335,0.655595886,7.198216083666666,5.067055835666666,34.704600219999996,81.91420479,9.236515072666666
3,2016-03-10,0.4280167193333333,0.512895886,5.284466083666667,3.283305835666667,34.35460022,77.12253812333334,7.1823484065
3,2016-03-11,0.36967921933333336,0.845295886,5.891549417,3.440805835666667,43.02960022,77.49753812333334,6.3990150733333335
3,2016-03-12,0.8574167193333334,0.906495886,11.582382753083332,7.556222502375,48.22543355333334,62.497538123333335,13.590681736999999
3,2016-03-13,0.31464171933333335,0.619795886,6.319882750583333,3.9487225023333337,36.59210022,45.95587145666667,7.478181739833334
3,2016-03-14,0.2703042193333333,0.379095886,5.501132750333333,3.966639169,31.146266886666666,66.24753812333334,7.374015074
3,2016-03-15,0.06583755266666667,0.097395886,5.179466083666667,3.342472502333333,31.35460022,70.16420479,6.107348407333333
3,2016-03-16,0.098408386,0.239995886,5.220716083666667,3.515389169,35.57126688666667,78.66420479,6.386515073999999
3,2016-03-17,0.247470886,0.349595886,5.040716083666667,2.954555835666667,35.617100220000005,69.03920479,5.836515074
3,2016-03-18,0.27463338600000003,0.286795886,4.623216083666667,2.940389169,44.13793355333333,86.66420479,5.915681740666667
3,2016-03-19,0.5130625526666667,0.841095886,9.134466084791667,5.939555835666667,42.13376688666667,95.53920479,11.194848405166667
3,2016-03-20,0.675058386,0.843495886,9.026549418250001,5.767055835666667,22.35460022,56.41420479000001,10.5406817385
3,2016-03-21,0.4154250526666667,0.706995886,5.729049417,3.7699725023333333,30.821266886666667,54.997538123333335,6.740681740333333
3,2016-03-22,0.6267833859999999,0.858895886,8.43529941725,5.692055835666667,35.25043355333333,76.83087145666667,10.124015072333334
3,2016-03-23,0.188695886,0.299395886,4.799466083666666,3.120805835666667,40.358766886666665,85.83087145666667,5.382348407333333
3,2016-03-24,0.48380421933333334,0.575995886,7.339466083666667,4.686639169,44.91293355333334,80.83087145666667,8.378181739333334
3,2016-03-25,0.31674171933333334,0.618995886,6.969049417,4.404139169,47.17960022,88.03920479,8.269848407
3,2016-03-26,0.19275838599999998,0.269895886,6.197382750333333,4.159139169,42.400433553333336,81.45587145666667,7.632348407333333
3,2016-03-27,0.4950625526666667,0.826295886,6.307799417000001,4.1245558356666665,47.09210022,78.78920479,7.390681740000001
3,2016-03-28,0.5488792193333333,0.867295886,8.855299417875,5.833722502416666,46.32960022,94.53920479,11.586515071666668
3,2016-03-29,0.7728458859999999,0.885495886,12.042799419124998,7.953722502624999,45.16710022,57.872538123333335,14.599015070833333
3,2016-03-30,0.17182505266666667,0.410795886,4.645716083666667,2.551639169,44.95043355333333,51.747538123333335,4.803181740666667
3,2016-03-31,0.19989588700000002,0.436295886,5.903632750708333,3.469139169,46.425433553333335,53.997538123333335,6.440681740666666
3,2016-04-01,-4.11e-06,-4.11e-06,10.055716085291666,6.677055835666667,50.35460022,64.58087145666667,11.7448484035
3,2016-04-02,-4.11e-06,-4.11e-06,9.144049418,6.165805835666667,51.458766886666666,70.78920479,10.844848403833334
3,2016-04-03,-4.11e-06,-4.11e-06,8.054466083666666,5.695805835666667,29.800433553333335,68.58087145666667,10.5073484045
3,2016-04-04,-4.11e-06,-4.11e-06,4.589466083666667,2.876222502333333,33.15460022,56.122538123333335,5.728181740666667
3,2016-04-05,-4.11e-06,-4.11e-06,6.803632750458334,4.135805835666667,43.362933553333335,58.20587145666667,7.344848406333334
3,2016-04-06,-4.11e-06,-4.11e-06,7.245716083666667,4.486639169,54.72543355333334,80.66420479,7.969848407166666
3,2016-04-07,-4.11e-06,-4.11e-06,6.554049417000001,3.7870558356666666,61.85043355333334,69.91420479,7.228181740499999
3,2016-04-08,-4.11e-06,-4.11e-06,8.281966084791668,5.600389169,51.11710022,59.33087145666667,9.911515072
3,2016-04-09,-4.11e-06,-4.11e-06,11.039882751958332,7.406222502583333,37.958766886666666,40.122538123333335,13.474015071166667
3,2016-04-10,-4.11e-06,-4.11e-06,5.842799416999999,3.5858058356666667,38.28793355333333,50.08087145666667,6.907348407333333
3,2016-04-11,-4.11e-06,-4.11e-06,4.562799417,2.6445558356666665,47.09210022,62.997538123333335,5.003181740666666
3,2016-04-12,-4.11e-06,-4.11e-06,13.815716086541668,9.265805835958334,33.612933553333335,73.83087145666667,16.2948484035
3,2016-04-13,-4.11e-06,-4.11e-06,10.375716085416666,7.132472502333333,29.72960022,44.08087145666667,13.094848403999999
3,2016-04-14,-4.11e-06,-4.11e-06,7.349466084166667,5.1349725023333335,29.662933553333332,49.622538123333335,9.615681738833333
3,2016-04-15,-4.11e-06,-4.11e-06,3.3652994169999997,2.1270558356666665,29.687933553333334,56.16420479000001,4.478181740666667
3,2016-04-16,-4.11e-06,-4.11e-06,2.4136327503333335,1.686639169,33.45043355333333,57.622538123333335,3.6740150739999997
3,2016-04-17,0.0372375545,0.127695886,6.1636327504583335,4.0378891690000005,38.987933553333335,56.33087145666667,7.307348406333333
3,2016-04-18,-4.11e-06,-4.11e-06,10.165716085791667,6.374139169,50.17126688666667,47.78920479000001,11.474015071333334
3,2016-04-19,0.0954500535,0.213495886,5.206549417000001,3.6333058356666665,45.396266886666666,54.78920479000001,6.615681739999999
3,2016-04-20,0.047675053249999995,0.111395886,9.482382751583334,6.227889169083333,51.57960022,48.58087145666667,11.1406817385
3,2016-04-21,0.10002921933333332,0.123195886,5.459882750583333,3.181639169,48.40043355333333,53.95587145666667,6.344848407333333
3,2016-04-22,0.24148755266666666,0.480295886,9.598216085416666,6.109555835666666,63.087933553333336,48.372538123333335,10.990681737666668
3,2016-04-23,0.25211671933333335,0.387495886,4.546966083666667,2.725389169,58.62543355333333,64.28920479,5.444848407333333
3,2016-04-24,0.32755005266666665,0.494595886,5.780299416999999,3.764139169,55.44626688666667,67.95587145666667,7.199015073666666
3,2016-04-25,0.08763755383333333,0.250595886,2.110299417,1.797889169,53.05876688666667,68.37253812333334,3.9573484073333334
3,2016-04-26,0.07415421933333334,0.111495886,4.144049417000001,2.7912225023333335,55.47960022,61.872538123333335,5.2865150739999995
3,2016-04-27,0.08781255266666667,0.169795886,6.907382750958334,4.402889169,62.77960022,53.872538123333335,8.1615150725
3,2016-04-28,0.0061292205,0.045995886,9.42279941825,6.166639169,59.37543355333333,62.622538123333335,11.344848405333332
3,2016-04-29,0.06297922091666668,0.457095886,11.730716085791668,7.9191391693333335,54.54210022,54.247538123333335,14.432348404333332
3,2016-04-30,0.31094172033333334,0.872595886,5.121549417,3.202472502333333,57.31293355333333,44.53920479000001,6.253181740666666
3,2016-05-01,0.0029000535,0.006495886,9.099466084916665,5.626639169,66.91293355333333,46.122538123333335,10.086515071833334
3,2016-05-02,0.09495422033333334,0.324995886,6.648216083791667,4.128305835666667,64.02543355333333,47.41420479000001,7.744848406833333
3,2016-05-03,0.04850422016666667,0.119295886,4.644466083666667,2.8924725023333333,61.41710022,49.33087145666667,5.482348407333333
3,2016-05-04,0.0123417205,0.051095886,6.432382750333333,4.247055835666667,53.03793355333334,56.372538123333335,7.7573484065
3,2016-05-05,0.352545886,0.711695886,6.217382750333333,4.138305835666666,47.51710022,83.74753812333334,7.865681739833334
3,2016-05-06,0.117583386,0.185795886,4.887799417,3.2112225023333334,51.10460022,67.83087145666667,6.269848407333334
3,2016-05-07,0.138920886,0.238695886,4.6836327503333335,2.9595558356666665,50.83793355333333,65.62253812333334,5.4656817405
3,2016-05-08,0.23358338599999998,0.567695886,8.49779941775,5.685805835666667,46.74626688666667,33.91420479,10.7323484045
3,2016-05-09,0.0089542225,0.077395886,7.780716084666667,5.519555835708334,48.17126688666667,53.622538123333335,10.144848405333333
3,2016-05-10,0.13560838683333334,0.321395886,10.359466085666666,7.360805835666667,44.84210022,51.16420479000001,13.565681737166665
3,2016-05-11,0.42592088600000005,0.603595886,6.444882750333334,4.352472502333334,46.98376688666667,38.122538123333335,8.132348406333334
3,2016-05-12,0.18639588699999998,0.441495886,3.667799417,2.139139169,49.07126688666667,37.747538123333335,4.8073484073333335
3,2016-05-13,0.442233386,0.873195886,9.129049418,6.0603891690000005,53.44626688666667,67.62253812333334,10.894848404666668
3,2016-05-14,0.05098338716666667,0.374195886,4.078216083666667,2.5283058356666666,63.112933553333335,68.78920479,5.507348407333333
3,2016-05-15,0.07076255266666666,0.155195886,6.069882750333334,3.968305835666667,60.88376688666667,47.497538123333335,7.515681740666667
3,2016-05-16,0.17357921933333334,0.429595886,5.246966083666666,3.461639169,63.07543355333333,63.20587145666667,7.232348406666667
3,2016-05-17,0.02341255266666667,0.185295886,9.78279941875,6.600389169,53.69626688666667,84.95587145666667,12.224015071166667
3,2016-05-18,0.018341719333333333,0.099995886,9.075716084291667,6.323722502333333,55.18376688666667,72.16420479,11.465681737166667
3,2016-05-19,0.08609171933333333,0.179495886,5.3277994170000005,3.667889169,58.51710022,73.62253812333334,6.949015073999999
3,2016-05-20,0.06252505266666666,0.175295886,6.447382750333333,4.497055835666667,61.03793355333334,76.16420479,8.1823484065
3,2016-05-21,0.14037505266666667,0.243795886,6.911549417,4.904139169,61.25043355333333,73.41420479,9.011515072833333
3,2016-05-22,0.19041255266666668,0.342895886,5.8261327503333336,3.8666391690000004,63.02543355333333,75.16420479,6.949015073999999
3,2016-05-23,0.035700053833333335,0.107395886,5.552382750333333,3.6012225023333335,65.07543355333333,78.03920479,6.9990150736666665
3,2016-05-24,0.020658387166666667,0.047695886,6.846549417125,4.278305835666667,68.41710022,79.91420479,7.919848406166667
3,2016-05-25,0.0390042205,0.137495886,3.4207160836666666,2.3649725023333334,69.07126688666666,80.03920479,5.1823484073333335
3,2016-05-26,0.07765005266666668,0.194295886,3.314049417,2.4258058356666665,68.47960022,86.58087145666667,5.9615150733333335
3,2016-05-27,0.16337505266666666,0.312495886,5.782799417,3.907889169,66.44626688666666,86.45587145666667,6.865681740666667
3,2016-05-28,0.17018338700000002,0.380695886,8.623216084291666,5.482472502333334,67.74626688666667,57.372538123333335,10.074015072166667
3,2016-05-29,0.282145886,0.560795886,7.099882750333333,4.614555835666667,60.62960021999999,55.872538123333335,8.507348406
3,2016-05-30,0.030345886,0.148295886,3.1102994170000002,2.187889169,61.94210022000001,60.497538123333335,4.574015074
3,2016-05-31,0.0012000538333333333,0.005095886,6.874466084541667,4.662472502333333,63.76710022,68.83087145666667,8.049015072166666
3,2016-06-01,9.172308333333333e-05,0.000795886,11.1377994195,7.328722502333334,75.14210022,60.28920479000001,12.986515070333333
3,2016-06-02,0.0780250535,0.185695886,8.936966084666667,5.7720558356666665,79.33793355333334,59.497538123333335,10.344848404166667
3,2016-06-03,0.125283386,0.334095886,5.524466083666667,3.6066391689999997,74.87126688666667,61.83087145666667,6.815681740666666
3,2016-06-04,0.07125421933333333,0.203295886,4.111549417,2.4341391690000003,77.20043355333333,53.28920479000001,4.874015074
3,2016-06-05,0.102295886,0.268695886,5.585299417000001,3.5395558356666665,74.66293355333333,64.20587145666667,6.9281817405
3,2016-06-06,0.04003755325,0.120495886,8.892382750833333,5.889139169,75.19210022,55.997538123333335,10.4781817385
3,2016-06-07,0.17265838775,0.536895886,11.76904942,7.973305835666667,81.53793355333333,62.497538123333335,13.978181736666668
3,2016-06-08,0.23160421933333333,0.626795886,11.266966086541666,7.583305835666667,82.27543355333334,54.70587145666667,13.315681736666667
3,2016-06-09,0.13472505266666665,0.310195886,6.157382750708333,4.159972502333333,74.95043355333333,70.95587145666667,8.111515073833333
3,2016-06-10,0.006887553666666667,0.046695886,12.60154941975,8.5962225025,65.64210022,53.20587145666667,15.536515070166667
3,2016-06-11,0.17805422075,0.532095886,7.968216083666667,5.027889169,69.72960022,43.58087145666667,8.965681738833334
3,2016-06-12,0.09561672033333334,0.298695886,3.280299417,1.9137225023333333,72.09626688666667,47.58087145666667,3.8115150740000003
3,2016-06-13,0.44392505266666665,0.647895886,8.084466084166666,5.555389169000001,70.90460022,60.33087145666667,9.907348405
3,2016-06-14,0.03304588716666667,0.277295886,12.12404942,8.404139169083333,70.45043355333333,57.83087145666667,14.840681736666667
3,2016-06-15,0.416033386,0.878995886,11.256966086416668,7.755805835666667,77.32543355333333,61.20587145666667,13.778181736666667
3,2016-06-16,0.6854417193333333,0.864195886,10.377382752333334,7.149139169000001,78.36293355333333,57.91420479000001,12.678181736666666
3,2016-06-17,0.4542042193333333,0.756095886,10.671966085791667,7.335389169,77.57960022,50.497538123333335,13.040681736833333
3,2016-06-18,0.29472921933333335,0.732995886,6.944049417625,4.796222502333333,76.25876688666666,67.78920479,9.928181738833333
3,2016-06-19,0.176858386,0.378395886,5.285299417,3.565805835666666,69.90876688666667,70.28920479,6.774015074
3,2016-06-20,0.11226255366666667,0.368795886,3.2273827503333337,2.129139169,69.27126688666667,68.45587145666667,4.4323484073333335
3,2016-06-21,0.30629588599999996,0.703995886,5.347382750458333,3.5137225023333336,70.82960022,79.66420479,7.665681739499999
3,2016-06-22,0.126370886,0.356195886,4.6748827503333334,3.343305835666667,68.64626688666667,77.58087145666667,6.365681739666667
3,2016-06-23,0.36308755266666665,0.666095886,6.739882750333333,4.2720558356666665,65.79210022,60.20587145666667,7.715681739666667
3,2016-06-24,0.06607921933333334,0.137495886,4.227382750333333,2.871639169,67.62960022,64.91420479,5.274015074
3,2016-06-25,0.22488338600000002,0.324995886,6.500716083666667,3.985805835666667,74.10460022,62.58087145666667,7.078181740666667
3,2016-06-26,0.17242922033333333,0.383495886,4.151132750333334,2.8933058356666663,76.19210022,74.45587145666667,6.2490150735
3,2016-06-27,0.057475053500000005,0.174995886,3.6077994170000003,2.3783058356666666,75.94626688666666,78.03920479,4.832348407333334
3,2016-06-28,0.312145886,0.687495886,7.146132750333333,4.801639169,76.20460022,79.37253812333334,9.474015072166667
3,2016-06-29,0.45302505266666665,0.778395886,8.888216084166666,5.997472502333333,78.38376688666666,78.12253812333334,10.715681738
3,2016-06-30,0.3378542193333333,0.543795886,9.184882751083334,6.3970558356666665,79.43793355333334,75.95587145666667,11.578181738166668
3,2016-07-01,0.10117505266666667,0.180695886,4.994466083666667,3.3737225023333335,75.95460022,77.66420479,6.590681740666667
3,2016-07-02,0.05170421933333333,0.095995886,5.356549417,3.4170558356666665,78.40460022,73.78920479,6.265681740666667
3,2016-07-03,0.03214171933333333,0.047895886,4.696132750333333,2.933305835666667,78.61293355333333,66.37253812333334,5.561515074
3,2016-07-04,0.0023667225,0.020495886,2.6732160836666665,2.0387225023333335,78.48376688666666,62.41420479000001,3.9365150740000003
3,2016-07-05,0.002545889,0.018695886,3.617382750333333,2.2420558356666667,79.94210022,61.45587145666667,4.565681740666666
3,2016-07-06,0.03705421933333333,0.162495886,3.584466083666667,2.3858058356666665,79.17960022,67.53920479,4.949015074
3,2016-07-07,0.139758387,0.310195886,3.6198827503333333,2.3820558356666663,80.64626688666667,65.20587145666667,4.919848407333333
3,2016-07-08,0.497633386,0.581195886,7.996966083666667,5.204555835666667,84.12543355333334,58.41420479000001,9.244848405333334
3,2016-07-09,0.36438755266666667,0.772295886,5.782799417,3.5570558356666666,74.47543355333333,78.62253812333334,6.982348407
3,2016-07-10,0.219620886,0.537495886,4.147799417,2.437055835666667,76.85876688666667,64.24753812333334,5.036515074
3,2016-07-11,0.223570886,0.366495886,5.793216083666667,3.7378891690000002,76.85460022,66.41420479,7.440681739833334
3,2016-07-12,0.11274171933333334,0.264195886,4.674466083666666,2.9799725023333337,74.02543355333334,60.95587145666667,5.940681740666666
3,2016-07-13,0.36333338600000004,0.649595886,8.482382750958333,5.595389169000001,77.97543355333333,61.872538123333335,9.890681738666666
3,2016-07-14,0.37421255266666664,0.632395886,6.8277994170000005,4.669555835666666,76.45876688666667,66.78920479,8.986515072666666
3,2016-07-15,0.13430422033333334,0.352895886,5.146966083666666,3.442472502333333,69.55043355333333,67.66420479,6.311515074
3,2016-07-16,0.016620888,0.099995886,4.829049417,3.3491391690000003,71.78793355333333,72.41420479,5.886515074000001
3,2016-07-17,0.3158042193333333,0.676095886,7.813632750958333,5.122472502333333,80.90460022,71.74753812333334,9.111515072166666
3,2016-07-18,0.39305838600000004,0.539795886,9.683632750958333,6.506222502333333,85.42126688666667,66.87253812333334,11.561515071333332
3,2016-07-19,0.19834171933333333,0.345995886,5.608216083666666,3.5753891689999997,76.18376688666667,60.08087145666667,7.1698484071666675
3,2016-07-20,0.034300054833333336,0.212495886,4.7461327503333335,3.264139169,73.55043355333333,67.24753812333334,6.094848407333333
3,2016-07-21,0.17257921933333334,0.405695886,4.822382750333333,3.0574725023333333,73.07960022,75.49753812333334,6.174015074
3,2016-07-22,0.03984172133333334,0.112495886,3.6261327503333334,2.3374725023333336,71.45876688666667,68.70587145666667,4.686515074
3,2016-07-23,0.1745250535,0.320895886,7.023632750333333,4.657889169,74.57543355333333,69.37253812333334,8.261515072833333
3,2016-07-24,0.2605125526666667,0.574995886,8.443632750333334,5.5812225023333335,81.41293355333333,65.41420479,10.040681739333333
3,2016-07-25,0.6241667193333333,0.649095886,9.196549417375,6.118722502333333,83.89626688666667,64.28920479,10.857348404666666
3,2016-07-26,0.24599171933333333,0.573295886,6.211132750333333,4.069555835666667,79.95460022,75.24753812333334,7.574015074000001
3,2016-07-27,0.196608386,0.525595886,4.381549417,2.8833058356666665,75.06293355333334,55.58087145666667,5.644848407333334
3,2016-07-28,0.30653755266666666,0.687195886,7.860716084041666,4.934972502333333,78.01710022,54.91420479000001,8.811515072499999
3,2016-07-29,0.13314588716666667,0.368795886,3.8607160836666665,2.649139169,77.80460022,67.99753812333334,4.949015074
3,2016-07-30,0.4156917193333333,0.494595886,7.505299417,5.140805835666667,74.52126688666667,51.747538123333335,9.286515072333334
3,2016-07-31,0.10272921933333333,0.298895886,4.988632750333333,3.1199725023333333,72.53793355333333,53.28920479000001,5.911515074
3,2016-08-01,0.031600054833333335,0.218795886,3.1932160836666665,2.401639169,71.82126688666666,62.872538123333335,4.657348407333333
3,2016-08-02,0.4876000526666667,0.598095886,7.6594660836666675,5.043305835666667,68.99210022,60.45587145666667,9.165681738666667
3,2016-08-03,0.11193755266666666,0.386295886,4.922382750333333,3.091639169,64.65876688666667,56.66420479000001,5.907348407333334
3,2016-08-04,0.03212505483333333,0.231295886,3.1261327503333334,1.934139169,65.00043355333334,57.45587145666667,3.9281817406666666
3,2016-08-05,0.3210917193333333,0.441495886,6.401132750333333,4.201639169,67.09626688666667,63.95587145666667,7.528181740666667
3,2016-08-06,0.4576125526666666,0.484395886,7.804466083666667,5.282889169,71.25876688666666,71.87253812333334,9.399015072166668
3,2016-08-07,0.20749588600000002,0.509695886,8.779049417125,5.953722502333334,76.39210022,75.16420479,10.832348405166668
3,2016-08-08,0.22701255266666667,0.368795886,8.071966083666666,5.438722502333333,80.11710022,73.28920479,9.778181739166667
3,2016-08-09,0.35085421933333333,0.491095886,7.726549417249999,5.054972502333333,80.78793355333333,74.83087145666667,9.574015072333333
3,2016-08-10,0.2364125526666667,0.618695886,6.284466083916667,4.043305835666667,70.84626688666667,73.28920479,7.832348406333334
3,2016-08-11,0.10232921933333333,0.488295886,4.658632750333333,3.201639169,71.72960022,58.08087145666667,5.786515074
3,2016-08-12,0.5414250526666667,0.874995886,7.389882750333334,4.770389169,77.05876688666667,70.83087145666667,8.515681739333333
3,2016-08-13,0.33912505266666665,0.492095886,7.375716083666667,4.757889168999999,78.54626688666666,75.33087145666667,8.599015072833334
3,2016-08-14,0.38485005266666666,0.664395886,7.697799417,4.964555835666666,77.38376688666666,74.33087145666667,9.194848405666667
3,2016-08-15,0.13305422033333333,0.317595886,4.097799417,2.421639169,69.93793355333334,68.20587145666667,4.778181740666667
3,2016-08-16,0.18670421933333334,0.369595886,5.4823827503333336,3.1674725023333337,73.15460022,65.78920479,5.9323484073333335
3,2016-08-17,0.43040838600000003,0.650595886,7.601966083791666,4.930389169000001,70.54626688666667,60.33087145666667,8.807348405666668
3,2016-08-18,0.04077505483333333,0.238195886,3.086966083666667,1.776639169,67.76293355333333,66.66420479,3.524015074
3,2016-08-19,0.28746255266666665,0.512495886,6.189882750333333,3.7133058356666666,70.74210022,64.03920479,6.594848407333333
3,2016-08-20,0.5785167193333334,0.807995886,8.262799417,5.274972502333333,73.79210022,63.08087145666667,9.419848405666666
3,2016-08-21,0.386695886,0.707995886,7.234466083666667,4.550805835666666,76.82543355333333,61.83087145666667,7.965681740666667
3,2016-08-22,0.17658755366666667,0.405395886,5.589466083666667,3.8633058356666665,77.72126688666667,69.78920479,7.232348406666667
3,2016-08-23,0.005958389000000001,0.043695886,1.826549417,1.5787225023333333,79.86710022,68.66420479,2.899015074
3,2016-08-24,0.186633386,0.449995886,6.194049417,3.6174725023333334,82.08376688666667,61.08087145666667,6.3740150735
3,2016-08-25,0.37142921933333334,0.484095886,8.461549417,5.241639169,82.59210022,55.70587145666667,9.115681739166666
3,2016-08-26,0.5997708860000001,0.736495886,9.261549417875,5.767055835666667,81.95460022,52.08087145666667,10.0740150725
3,2016-08-27,0.324608386,0.587495886,7.125299417,4.435389169,82.71293355333334,59.33087145666667,8.040681740333333
3,2016-08-28,0.4476500526666667,0.751095886,8.234049417,5.441222502333333,80.29210022,61.08087145666667,9.894848405500001
3,2016-08-29,0.227858386,0.614795886,5.2669660836666665,3.3549725023333337,68.63376688666666,53.16420479000001,6.5156817405
3,2016-08-30,0.3839292193333333,0.449095886,8.040716083916667,5.144139169,69.27126688666667,50.372538123333335,9.011515072
3,2016-08-31,0.17270838600000002,0.394895886,7.608216084166667,5.021639169041666,67.26293355333333,56.497538123333335,10.253181738333334
3,2016-09-01,0.18719171933333334,0.362495886,4.960716083666667,2.9662225023333337,64.63793355333333,62.747538123333335,5.482348407333333
3,2016-09-02,0.10738338600000001,0.226695886,6.279466083916667,3.6149725023333334,71.95043355333333,54.122538123333335,6.424015073833334
3,2016-09-03,0.14242088658333332,0.408795886,9.691132751833333,6.333305835666667,69.03793355333333,46.08087145666667,11.515681737500001
3,2016-09-04,0.283195886,0.398395886,6.165299417,3.674972502333333,67.90460022,46.372538123333335,6.532348406333334
3,2016-09-05,0.083008386,0.183895886,6.01904941725,3.6637225023333335,72.61710022,48.20587145666667,6.503181740166667
3,2016-09-06,0.37103755266666666,0.671695886,9.679049418124999,6.327055835666666,81.65043355333334,50.122538123333335,11.9198484045
3,2016-09-07,0.212683386,0.410495886,8.748632751458333,6.170389169,62.70043355333333,48.497538123333335,11.261515071666667
3,2016-09-08,0.689483386,0.859495886,10.505716085666666,7.208722502333334,48.65876688666666,76.99753812333334,12.907348403666667
3,2016-09-09,0.41692505266666663,0.575895886,7.997382750333333,5.413305835666667,46.65876688666666,83.78920479,9.449015072833333
3,2016-09-10,0.16032505266666666,0.280095886,6.169049417,4.2616391689999995,49.68376688666667,80.99753812333334,7.769848407333334
3,2016-09-11,0.08307505266666666,0.124095886,5.141549417,3.4487225023333337,55.62126688666667,90.24753812333334,6.190681740666666
3,2016-09-12,0.031520886,0.059095886,3.6586327503333336,2.337889169,57.91293355333334,84.87253812333334,4.524015074
3,2016-09-13,0.027079220333333334,0.060695886,4.4648827503333335,2.516639169,62.58793355333333,77.99753812333334,4.603181740666667
3,2016-09-14,0.157483386,0.310195886,6.404882750333333,3.940389169,66.70043355333333,73.78920479,6.757348406833334
3,2016-09-15,0.394433386,0.612495886,8.981132750333334,5.646639169,69.46710022,71.20587145666667,9.844848405833334
3,2016-09-16,0.438158386,0.623895886,7.786966083666667,4.847055835666667,65.70876688666667,66.37253812333334,8.640681739166666
3,2016-09-17,0.185208386,0.491495886,5.578632750333334,3.4641391689999996,57.733766886666665,56.497538123333335,6.465681740666667
3,2016-09-18,0.11386672033333334,0.381195886,5.242799417,3.1737225023333333,55.91293355333334,48.70587145666667,5.9948484073333335
3,2016-09-19,0.3968167203333333,0.750995886,9.3565494185,6.102889169,60.69626688666667,60.78920479000001,10.544848404833333
3,2016-09-20,-4.11e-06,-4.11e-06,11.28529942,7.429972502333334,63.82543355333333,54.45587145666667,13.01151507
3,2016-09-21,0.41763755350000004,0.702395886,8.635299417,5.454972502333334,67.04210022,61.20587145666667,9.582348406
3,2016-09-22,0.341108386,0.586195886,6.784882750333334,4.029555835666667,68.79626688666667,64.33087145666667,7.169848407333333
3,2016-09-23,0.3141750526666667,0.523495886,7.056966083666667,4.307472502333334,68.68793355333334,70.99753812333334,7.703181739666667
3,2016-09-24,0.21498338800000003,0.627095886,5.111966083666666,3.143722502333333,70.17543355333333,71.62253812333334,6.040681740666667
3,2016-09-25,0.22385838683333334,0.566695886,7.547799417125,4.738305835666666,73.00460022,67.20587145666667,8.349015072666667
3,2016-09-26,0.44413755266666666,0.794995886,8.8140494185,5.654555835666667,73.39210022,57.20587145666667,9.907348405
3,2016-09-27,0.32158338599999997,0.734895886,8.664882751333334,5.689555835666667,62.583766886666666,44.372538123333335,10.674015071
3,2016-09-28,0.07489172033333334,0.293095886,9.378632751583334,6.4091391689999995,54.74626688666667,64.16420479,12.065681738499999
3,2016-09-29,0.24324172033333333,0.561095886,7.87779941725,4.962889168999999,58.19210022000001,48.247538123333335,8.953181739166666
3,2016-09-30,-4.11e-06,-4.11e-06,10.847799419,7.0474725024166665,60.09210022,37.330871456666664,12.624015071499999
3,2016-10-01,0.08920005466666668,0.254895886,8.579049417624999,5.676639169,49.46710022,52.83087145666667,10.282348405333334
3,2016-10-02,0.05391255466666667,0.186695886,3.886549417,2.3774725023333336,46.62543355333333,54.66420479000001,4.611515074000001
3,2016-10-03,0.06450422133333333,0.200695886,3.792382750333333,2.6195558356666666,49.37960021999999,61.28920479000001,5.094848407333333
3,2016-10-04,0.03630838716666667,0.085995886,4.3319660840416665,2.8970558356666665,48.66710022,58.33087145666667,5.378181740666666
3,2016-10-05,0.11599172049999999,0.303095886,10.416966085666667,6.513305835666667,59.15460022,55.58087145666667,11.465681737833334
3,2016-10-06,0.529270886,0.789795886,8.244049417874999,4.785805835666666,65.04626688666666,52.58087145666667,8.457348406166666
3,2016-10-07,0.32692088599999997,0.666995886,5.9040494169999995,3.200805835666667,64.20876688666667,44.20587145666667,5.769848407333334
3,2016-10-08,0.129770887,0.339395886,8.404882751083333,5.148305835666666,61.88793355333333,44.872538123333335,8.832348405166668
3,2016-10-09,0.33004172016666666,0.801895886,9.553632751958334,5.9178891689999995,71.82543355333333,59.83087145666667,10.574015071166667
3,2016-10-10,0.17208755266666667,0.251895886,7.273632750333333,4.312889169,63.25876688666667,47.122538123333335,7.5990150734999995
3,2016-10-11,0.0028708891666666667,0.024795886,10.959882752083333,7.0774725025,68.45043355333333,66.03920479,13.053181738
3,2016-10-12,0.1581875535,0.380195886,9.822382751708334,6.382472502374999,56.83793355333333,49.16420479000001,11.799015071166666
3,2016-10-13,0.0302792205,0.070295886,7.886132751208333,4.8833058356666665,56.44626688666667,42.372538123333335,8.899015072
3,2016-10-14,0.11295005266666668,0.334395886,11.63279941925,7.570805835708334,58.52960022,42.247538123333335,13.528181737333334
3,2016-10-15,0.053683388,0.166995886,8.173632750458333,5.244972502333334,43.82543355333333,39.41420479,9.4698484055
3,2016-10-16,0.056950054666666666,0.177195886,8.683632750958333,5.441639168999999,44.171266886666665,46.45587145666667,9.8740150725
3,2016-10-17,0.272208386,0.800895886,9.678216085041667,6.508305835666667,52.771266886666666,45.997538123333335,11.678181737000001
3,2016-10-18,0.24391671933333334,0.422295886,5.434049417,4.096639169,38.587933553333336,41.455871456666664,7.828181739666667
3,2016-10-19,0.069358386,0.131095886,4.3261327503333336,2.949139169,34.771266886666666,64.66420479,5.532348407333334
3,2016-10-20,0.15396255266666667,0.275595886,6.521966083666666,4.161222502333334,36.50460022,83.58087145666667,7.3948484064999995
3,2016-10-21,0.20580421933333334,0.294295886,5.910299417,3.722889169,41.962933553333336,69.45587145666667,6.853181740666667
3,2016-10-22,0.27675422033333336,0.775195886,9.364882751208333,6.257472502333333,39.75043355333333,90.37253812333334,11.119848404499999
3,2016-10-23,0.23777922133333332,0.739795886,9.742382751833334,6.792472502333333,34.429600220000005,70.33087145666667,12.390681737500001
3,2016-10-24,0.19598755266666668,0.424995886,4.733216083666666,3.2612225023333337,28.37960022,60.03920479000001,5.949015073999999
3,2016-10-25,0.5135542193333333,0.704495886,6.884882750333333,5.0099725023333335,28.04626688666667,74.78920479,8.836515073666666
3,2016-10-26,0.239670886,0.609095886,4.871966083666667,3.317472502333333,24.19210022,57.08087145666667,6.211515074
3,2016-10-27,0.16873755266666668,0.293795886,6.844466084291667,4.268305835666667,26.058766886666664,54.122538123333335,7.3365150728333335
3,2016-10-28,0.33494171933333333,0.536895886,8.303632751083333,4.900805835666667,36.962933553333336,56.372538123333335,8.561515073499999
3,2016-10-29,0.14940005266666667,0.394595886,6.108632750583333,4.257472502333333,33.771266886666666,71.20587145666667,7.8656817388333335
3,2016-10-30,0.11237922033333332,0.274995886,7.200716084291667,4.384139169,37.829600219999996,66.03920479,7.469848406666666
3,2016-10-31,9.172291666666666e-05,0.000695886,12.271132753208335,7.892889169041666,49.146266886666666,57.83087145666667,13.682348403333334
3,2016-11-01,0.004258386583333333,0.011895886,8.453632751333332,5.645389169,34.400433553333336,47.70587145666667,10.103181738
3,2016-11-02,0.07663755266666666,0.136495886,8.270716083916666,4.504139169,44.30876688666667,45.08087145666667,7.603181740666667
3,2016-11-03,0.3426125526666666,0.762395886,8.467799417124999,4.440389169,55.58793355333333,55.247538123333335,7.457348406833333
3,2016-11-04,0.23311255266666667,0.611695886,6.125716083666667,3.1037225023333335,56.04210022,63.83087145666667,5.411515074
3,2016-11-05,0.08076672133333333,0.242495886,5.064466083666667,2.532889169,55.57960022,65.20587145666667,4.2448484073333335
3,2016-11-06,0.09817088783333333,0.336595886,9.599049418,5.642889169,59.64210022,69.16420479,9.432348405333334
3,2016-11-07,-4.11e-06,-4.11e-06,12.417382753333333,8.033305835666667,62.55876688666667,72.28920479,13.774015069999999
3,2016-11-08,-4.11e-06,-4.11e-06,13.835716086666666,9.09538916925,64.02126688666667,65.16420479,15.899015069999999
3,2016-11-09,0.2071042213333333,0.644295886,10.761132752083334,7.3103891690000005,56.237933553333335,83.12253812333334,13.9365150705
3,2016-11-10,0.034695887,0.276095886,8.64029941725,6.038305835666667,30.529600220000003,84.20587145666667,10.974015070833333
3,2016-11-11,0.07413338800000001,0.412495886,6.694466083666666,3.8187225023333333,33.017100219999996,71.66420479,6.653181740166667
3,2016-11-12,0.4431917193333333,0.719295886,7.148216083791667,4.221639169,32.02960022,71.45587145666667,7.4448484065
3,2016-11-13,0.05483755466666667,0.244695886,8.003632751458333,4.9145558356666665,30.437933553333334,55.16420479000001,8.5656817385
3,2016-11-14,0.2402333868333333,0.812495886,9.29279941825,5.5237225023333325,41.03376688666667,71.58087145666667,9.757348405
3,2016-11-15,0.2428417205,0.752195886,12.613216085791665,8.15413916925,37.25876688666667,58.122538123333335,14.682348404333332
3,2016-11-16,0.04054172133333333,0.328395886,8.938632751583333,5.396222502333334,37.108766886666665,61.03920479000001,9.465681739166667
3,2016-11-17,0.0231500545,0.079395886,5.98779941775,3.7749725023333336,33.43376688666667,67.28920479,6.486515073333333
3,2016-11-18,-4.11e-06,-4.11e-06,11.891966086666665,7.243722502333333,50.17960022,51.497538123333335,12.390681737166666
3,2016-11-19,0.19105838683333332,0.380595886,8.346132751458333,4.804972502333333,54.900433553333336,57.28920479000001,8.357348406166667
3,2016-11-20,0.25845421933333335,0.568695886,5.080299417,3.0974725023333334,43.13793355333333,71.03920479,5.603181740666667
3,2016-11-21,0.070958386,0.205595886,4.136966083666667,2.3333058356666667,34.44626688666667,68.45587145666667,4.299015074
3,2016-11-22,0.495770886,0.672895886,7.8365494170000005,4.821222502333334,38.34210022,68.28920479,8.3656817395
3,2016-11-23,0.06086255366666667,0.265895886,6.351549417,4.077889169,31.912933553333332,76.37253812333334,6.819848406833334
3,2016-11-24,0.10239588683333334,0.381195886,6.4882160840416665,3.987472502333333,37.35460022,95.20587145666667,7.0240150733333335
3,2016-11-25,0.3541042193333333,0.727795886,5.433216083666667,3.6799725023333334,35.35460022,86.95587145666667,6.665681740666667
3,2016-11-26,0.4040917193333333,0.835195886,5.984882750333334,3.4924725023333334,34.38376688666667,76.24753812333334,6.015681740666667
3,2016-11-27,0.18357505266666665,0.485795886,6.746966083666667,3.598722502333333,33.75876688666667,70.66420479,6.236515074
3,2016-11-28,0.08655005366666667,0.288895886,8.838216083916667,4.811639169,40.71710022,57.16420479000001,8.132348406666667
3,2016-11-29,0.045162555666666666,0.331195886,11.455716086166667,7.318722502333333,33.087933553333336,58.622538123333335,12.624015070833332
3,2016-11-30,0.234083386,0.632395886,5.232799417125,3.4974725023333337,25.39210022,51.45587145666667,6.315681740333333
3,2016-12-01,0.22598755266666667,0.430595886,6.268216083666666,3.3420558356666668,28.083766886666666,49.41420479000001,5.699015073999999
3,2016-12-02,0.07686255266666667,0.197795886,3.876549417,2.2333058356666666,29.250433553333334,52.53920479000001,3.5906817406666662
3,2016-12-03,0.22100005266666667,0.305595886,6.843216083666667,3.8087225023333335,30.771266886666666,67.62253812333334,6.603181740666667
3,2016-12-04,0.11989172033333334,0.334595886,5.710716083666667,3.327472502333334,33.367100220000005,62.16420479000001,5.419848407333333
3,2016-12-05,0.07623755466666667,0.237195886,5.1140494169999995,3.0687225023333333,32.771266886666666,74.12253812333334,5.124015074
3,2016-12-06,0.07740421933333334,0.273895886,5.715299417,3.3741391689999998,30.600433553333332,86.41420479,5.965681740666667
3,2016-12-07,0.162245886,0.490795886,3.473216083666667,1.9687225023333335,31.287933553333332,81.62253812333334,3.603181740666667
3,2016-12-08,0.29903755266666665,0.657195886,6.061549416999999,3.411222502333333,34.517100219999996,62.66420479000001,5.574015073999999
3,2016-12-09,0.08332922033333333,0.281195886,5.7773827503333335,3.315805835666667,39.962933553333336,56.95587145666667,5.3698484073333335
3,2016-12-10,0.0609375545,0.208895886,8.3590494175,4.653722502333333,38.97126688666667,68.99753812333334,7.732348406833334
3,2016-12-11,-4.11e-06,-4.11e-06,10.813632752958334,6.839139169,34.704600219999996,83.62253812333334,11.632348403500002
3,2016-12-12,0.25657505350000004,0.617695886,8.832799418125001,5.772889169,28.76293355333333,70.24753812333334,10.253181738
3,2016-12-13,0.102458386,0.337495886,5.849882750333333,3.593305835666667,25.437933553333334,75.24753812333334,6.369848407166667
3,2016-12-14,0.24697088599999997,0.644295886,4.422799417,3.0503891690000002,19.14210022,51.95587145666667,5.6823484073333335
3,2016-12-15,0.10626671933333333,0.183895886,4.693216083666667,3.149139169,19.87960022,56.83087145666667,5.699015073999999
3,2016-12-16,0.058550052666666665,0.107995886,4.169466083666666,2.5820558356666665,19.61710022,67.28920479,4.8073484073333335
3,2016-12-17,0.022129221333333334,0.062495886,4.834466083666666,3.0112225023333337,21.91710022,78.12253812333334,5.382348407333333
3,2016-12-18,0.22469172016666664,0.593595886,8.475299418,5.300389169,31.92960022,80.95587145666667,8.9490150725
3,2016-12-19,0.17530838599999998,0.456195886,5.769049417000001,3.730389169,26.63793355333333,62.622538123333335,6.7906817403333335
3,2016-12-20,0.19791671933333332,0.286395886,7.789466084291667,4.331639169,32.72126688666667,61.497538123333335,7.436515073333333
3,2016-12-21,0.0159042215,0.122695886,12.1027994195,7.467472502500001,38.16293355333334,52.08087145666667,13.219848404166667
3,2016-12-22,0.007666721333333334,0.023895886,10.619049419,6.701639169041666,38.07543355333333,58.95587145666667,11.119848404833334
3,2016-12-23,0.49480838683333334,0.854195886,13.569049419625001,8.948305836000001,30.471266886833334,69.20587145666667,16.0323484035
3,2016-12-24,0.42512921933333336,0.548295886,9.744882751458332,6.599972502333333,8.362933556333333,43.70587145666667,11.853181737666667
3,2016-12-25,0.221795886,0.353995886,5.374049416999999,3.4124725023333333,17.079600221666666,51.91420479000001,6.186515074
3,2016-12-26,0.14530838599999998,0.251695886,5.549882750333333,3.055389169,25.112933553333335,73.70587145666667,5.219848407333333
3,2016-12-27,0.33055838600000004,0.625595886,6.361549417,4.307889169,27.092100220000003,69.87253812333334,7.6323484065
3,2016-12-28,0.182220886,0.482395886,5.237799417,3.5633058356666667,21.621266886666664,63.91420479000001,6.444848407333333
3,2016-12-29,0.4247042193333333,0.716695886,7.498216084041666,4.656639169,22.658766886666665,78.16420479,8.040681739
3,2016-12-30,0.2504417193333333,0.525495886,8.477382750958332,5.102472502333334,22.20043355333333,80.91420479,8.9490150725
3,2016-12-31,0.086983386,0.231595886,6.564049417124999,3.5545558356666667,12.921266887666667,87.49753812333334,5.944848407333333
4,2013-01-02,0.2808500526666667,0.492195886,7.406132750333334,3.9945558356666666,29.367100219999998,88.78920479,6.794848407333333
4,2013-01-03,0.43427921933333336,0.897195886,7.971132751458334,5.252472502333333,27.508766887000004,88.87253812333334,9.178181738833333
4,2013-01-04,0.7915292193333333,0.930395886,11.155299419,7.675805835666666,3.1921002240000003,65.70587145666667,13.932348403333334
4,2013-01-05,0.3765375526666667,0.439395886,7.156549417,4.552472502333333,-2.607899776,67.41420479,8.536515073
4,2013-01-06,0.21898755266666667,0.359095886,6.349466083666667,3.545389169,-4.803733109333334,68.45587145666667,6.524015074
4,2013-01-07,0.338983386,0.607095886,7.770716083666667,4.472889169,-1.7745664431666668,69.87253812333334,7.894848406166667
4,2013-01-08,0.234933386,0.437695886,7.009466084291667,4.1212225023333335,3.5587668889999997,62.03920479000001,7.3948484065
4,2013-01-09,0.23501671933333335,0.434795886,7.184882750958334,4.381222502333333,19.31710022016667,72.83087145666667,7.707348406
4,2013-01-10,0.5240417193333333,0.859695886,11.982382752583334,7.711222502583333,29.900433553333333,87.20587145666667,13.978181737333335
4,2013-01-11,0.24186255383333333,0.609495886,6.8094660837916665,4.614139169,18.812933553333334,72.24753812333334,8.7365150735
4,2013-01-12,0.19699588599999998,0.351395886,6.690299417125,4.311222502333333,12.200433553666668,69.95587145666667,7.894848407333334
4,2013-01-13,0.123020886,0.332595886,4.269049417,2.6462225023333334,4.146266890666666,71.12253812333334,4.9740150739999995
4,2013-01-14,0.013975053833333334,0.035995886,4.137382750333333,2.397055835666667,12.287933555166667,66.78920479,3.6698484073333333
4,2013-01-15,0.02446671933333333,0.093195886,3.684049417,2.6499725023333336,13.150433555,71.45587145666667,3.7823484073333336
4,2013-01-16,0.132283386,0.177895886,5.864049417,3.4962225023333335,26.096266886666665,83.74753812333334,5.728181740499999
4,2013-01-17,0.08805421933333334,0.163295886,5.249049417,3.0833058356666663,32.44210022,96.37253812333334,5.299015074000001
4,2013-01-18,0.251733386,0.444995886,7.692799417,4.474972502333333,32.771266886666666,84.99753812333334,7.840681740333333
4,2013-01-19,0.116395886,0.327995886,5.726549417,3.066639169,33.550433553333335,87.12253812333334,5.528181740666667
4,2013-01-20,0.16351671933333334,0.286695886,5.636966083666667,3.3428891689999998,34.60043355333333,94.41420479,5.815681740666666
4,2013-01-21,0.24649588599999997,0.312495886,6.507799417,3.5720558356666667,39.70460022,96.41420479,6.507348406999999
4,2013-01-22,0.03209171933333333,0.099595886,4.408632750333333,2.4653891690000003,36.75876688666667,96.53920479,4.386515074
4,2013-01-23,0.07320421933333333,0.087995886,4.819466083666667,2.8391391689999996,35.458766886666666,88.20587145666667,4.990681740666667
4,2013-01-24,0.04347921933333334,0.153795886,4.076549417,2.468305835666667,34.300433553333335,87.62253812333334,4.657348407333333
4,2013-01-25,0.2817917193333333,0.341995886,8.598632750583333,5.4803891689999995,32.362933553333335,93.95587145666667,9.399015072333333
4,2013-01-26,0.31868755266666665,0.357195886,8.379466083666667,5.243722502333333,28.054600219999998,82.87253812333334,9.286515073
4,2013-01-27,0.3937417193333333,0.474695886,8.271132750333333,5.250389169,22.621266886666664,79.87253812333334,9.2656817395
4,2013-01-28,0.37623755266666664,0.551395886,7.732799417,4.580389169,23.054600219999998,78.45587145666667,8.186515073333334
4,2013-01-29,0.23657921933333334,0.355495886,6.629466083666667,3.9420558356666664,19.533766886666665,72.08087145666667,7.232348407333333
4,2013-01-30,0.22670005266666668,0.424595886,6.115716084041666,4.001639169,15.150433554833333,74.45587145666667,6.9698484065
4,2013-01-31,0.4406625526666667,0.826995886,8.175716084041666,4.822055835666666,27.971266886666665,85.62253812333334,8.478181739666667
4,2013-02-01,0.31369588600000003,0.574095886,8.273632750333332,4.601222502333333,18.6171002205,80.12253812333334,7.674015073333333
4,2013-02-02,0.49490838600000003,0.815395886,8.646966083791666,5.0083058356666665,7.033766889833333,69.91420479,8.540681740666667
4,2013-02-03,0.34498755266666664,0.474795886,7.936549417000001,4.282472502333333,8.046266889166667,69.62253812333334,7.207348407333334
4,2013-02-04,0.5089167193333334,0.665995886,9.754882752083333,5.207889169,15.929600221500001,66.70587145666667,8.653181739333334
4,2013-02-05,0.224595886,0.417695886,6.417382750583333,4.027889169,22.20460022,74.83087145666667,6.794848407333333
4,2013-02-06,0.07115421933333334,0.108695886,4.899466083666667,2.7628891689999997,25.02126688683333,84.12253812333334,4.4323484073333335
4,2013-02-07,0.31078755266666663,0.638795886,7.80029941775,4.832889169,31.271266886666666,92.91420479,8.482348406166667
4,2013-02-08,0.289720886,0.474695886,7.005299417,4.973722502333334,16.883766887,63.372538123333335,9.224015073333334
4,2013-02-09,0.3804417193333333,0.687295886,7.60029941725,5.273722502333333,11.417100221833332,45.53920479000001,9.703181738166666
4,2013-02-10,0.44847088599999996,0.764095886,9.692799417875,6.012472502333334,29.371266886666664,53.70587145666667,10.557348405333334
4,2013-02-11,0.07994171933333334,0.145895886,4.724049417,2.612889169,36.708766886666666,82.03920479,4.903181740666667
4,2013-02-12,0.6025250526666667,0.887695886,10.256549419,6.6162225025416666,33.00043355333333,68.74753812333334,11.803181738
4,2013-02-13,0.4796917193333334,0.859795886,8.419049417875,5.007889168999999,33.00043355333333,56.16420479000001,8.894848405666666
4,2013-02-14,0.5995750526666667,0.809995886,9.695299417875,6.1158058356666665,35.12126688666667,63.95587145666667,10.911515072
4,2013-02-15,0.42849588600000005,0.715595886,7.591966083666667,5.091222502333333,24.487933553333335,57.997538123333335,9.461515072166668
4,2013-02-16,0.14741255266666667,0.316695886,5.821966083666666,3.7708058356666663,29.708766886666666,59.122538123333335,6.882348407166667
4,2013-02-17,0.3767875526666667,0.526795886,7.781132750833333,4.388722502333334,41.44626688666667,70.58087145666667,7.628181740333333
4,2013-02-18,0.217733386,0.548295886,7.0619660841666665,3.8787225023333334,45.19626688666667,73.33087145666667,6.878181740666666
4,2013-02-19,0.13522921933333334,0.405195886,4.981132750333333,2.584972502333333,44.45460022,68.58087145666667,4.699015074
4,2013-02-20,0.6234292193333334,0.721895886,10.481132751833334,6.401222502333333,51.23376688666667,78.41420479,11.678181738
4,2013-02-21,0.2785375526666667,0.530095886,6.342799417125001,3.8183058356666666,51.20043355333333,76.53920479,7.144848407166666
4,2013-02-22,0.5277667193333333,0.811395886,8.079466084166667,4.6958058356666665,53.171266886666665,74.99753812333334,8.861515072833333
4,2013-02-23,0.312670886,0.578995886,7.972382751083334,5.363305835666666,40.80460022,78.91420479,9.678181739000001
4,2013-02-24,0.3659125536666667,0.891195886,11.647382752458334,7.812472502333333,27.783766886666665,85.91420479,14.024015070166667
4,2013-02-25,0.0037375556666666664,0.027395886,9.225299417875,6.132889168999999,19.19210022,60.78920479000001,11.136515071
4,2013-02-26,0.3300125526666667,0.694195886,9.28404941775,5.757055835666667,29.725433553333332,55.70587145666667,10.119848405499999
4,2013-02-27,0.11248755266666666,0.223295886,6.256132750333333,3.6633058356666663,33.66710022,66.58087145666667,6.619848407
4,2013-02-28,0.194895886,0.300295886,6.1090494170000005,3.8062225023333336,42.94626688666667,95.12253812333334,7.894848406666667
4,2013-03-01,0.628370886,0.863395886,8.893632750958334,5.629555835666667,29.537933553333332,85.66420479,10.182348405166666
4,2013-03-02,0.24020421933333333,0.451095886,6.2590494171249995,3.6599725023333334,21.41710022,66.62253812333334,6.515681740333334
4,2013-03-03,0.15667921933333334,0.362595886,5.024466083666667,2.886639169,16.150433554333333,50.497538123333335,5.382348407333333
4,2013-03-04,0.571933386,0.835195886,8.894466084416667,5.9716391689999995,28.896266886666666,69.87253812333334,10.3865150715
4,2013-03-05,0.5613500526666667,0.914495886,10.774466085541667,6.552472502333334,39.90460022,73.78920479,11.278181737666666
4,2013-03-06,0.7439542193333333,0.904495886,12.71779942,8.200389169166668,52.69626688666667,85.28920479,14.290681736666668
4,2013-03-07,0.9173417193333333,0.956495886,14.279466086666666,9.584139169375,45.22126688666666,48.66420479000001,18.228181736666667
4,2013-03-08,0.8396250526666668,0.951495886,15.125299419875,10.11830583625,35.94626688666667,31.24753812333333,18.544848403333333
4,2013-03-09,0.23763338600000003,0.533095886,5.491549417000001,3.6028891689999996,30.496266886666664,38.080871456666664,7.086515073666667
4,2013-03-10,0.504920886,0.731195886,8.307799417125,5.933722502333333,18.771266886666666,25.16420479,10.999015071
4,2013-03-11,0.14963755266666667,0.236195886,5.724882750333333,4.002055835666667,18.10876688666667,14.622538122583334,7.924015073666666
4,2013-03-12,0.106183386,0.253895886,3.1602994169999996,2.2170558356666668,21.075433553333333,33.78920479,4.986515074000001
4,2013-03-13,0.616033386,0.828295886,8.52154941775,5.650389169,21.125433553333334,73.28920479,10.144848405333333
4,2013-03-14,0.36743755266666667,0.539395886,7.468632750458333,4.210805835666666,14.250433554333334,59.28920479000001,7.715681740333333
4,2013-03-15,0.22628755266666667,0.386095886,6.781549417,3.3374725023333336,18.1046002205,52.83087145666667,5.8073484073333335
4,2013-03-16,0.14907921933333332,0.272095886,5.599049417,3.067472502333333,23.225433553666665,56.16420479000001,5.232348407333333
4,2013-03-17,0.198058386,0.392395886,7.304466083916666,4.457889169,35.40460022,84.66420479,8.019848406500001
4,2013-03-18,0.38692921933333335,0.512195886,7.956966084291667,5.187889169,34.88793355333333,71.24753812333334,9.382348404833333
4,2013-03-19,0.3698292193333333,0.745495886,7.1132160837916665,4.347055835666667,36.733766886666665,71.95587145666667,7.936515072166666
4,2013-03-20,0.288183386,0.477795886,5.022799417,3.142055835666667,43.85460022,76.66420479,5.94068174
4,2013-03-21,0.429958386,0.536795886,7.788632750333334,5.003722502333333,35.579600219999996,52.45587145666667,8.990681739000001
4,2013-03-22,0.07273755266666666,0.246395886,4.7982160836666665,3.107472502333333,26.700433553333337,51.122538123333335,6.486515074
4,2013-03-23,0.514433386,0.942795886,8.716966084291666,5.678722502333334,34.34626688666667,61.997538123333335,10.349015071333334
4,2013-03-24,0.27465421933333334,0.649795886,6.363216083666667,4.217055835666667,43.01710022,83.70587145666667,8.090681739333332
4,2013-03-25,0.679258386,0.781995886,9.16404941775,6.074972502333334,36.587933553333336,91.16420479,10.857348404666666
4,2013-03-26,0.12390005266666666,0.396895886,4.641549417,3.1328891690000003,39.087933553333336,99.12253812333334,5.674015074
4,2013-03-27,0.011979219333333332,0.022595886,3.0186327503333334,2.030805835666667,40.82543355333333,91.12253812333334,3.9073484073333336
4,2013-03-28,0.057704219333333334,0.112695886,4.459466083666666,2.754139169,43.24210022,76.53920479,5.3698484073333335
4,2013-03-29,0.11332088600000001,0.408995886,6.217382750333333,3.9366391689999998,38.671266886666665,78.45587145666667,6.861515073833334
4,2013-03-30,0.6184375526666667,0.747895886,10.672382752708332,6.950389169,35.88376688666667,92.45587145666667,12.37401507
4,2013-03-31,0.33515005266666664,0.524495886,7.230716084041667,5.201639169,37.487933553333335,76.78920479,9.582348404500001
4,2013-04-01,0.012870886,0.035595886,2.8265494170000003,1.860389169,43.50043355333333,62.45587145666667,3.728181740666667
4,2013-04-02,0.06475421933333333,0.125195886,6.220716083666667,3.7149725023333335,45.74626688666667,70.62253812333334,6.753181740333333
4,2013-04-03,0.19068755266666668,0.344095886,6.856132750333334,4.314972502333333,45.146266886666666,88.41420479,7.732348407
4,2013-04-04,0.18121255266666667,0.279495886,6.353632750333333,4.131222502333333,46.67960022,72.58087145666667,7.569848406999999
4,2013-04-05,0.3598750526666667,0.680795886,7.619049417375,4.752055835666667,41.57543355333333,67.58087145666667,8.507348406166667
4,2013-04-06,0.7932333859999999,0.899395886,11.503216086666667,7.701639169041666,41.40876688666667,45.66420479000001,13.944848403333333
4,2013-04-07,0.233883386,0.587695886,6.090716083666667,3.670389169,40.921266886666665,46.78920479000001,7.049015073500001
4,2013-04-08,0.5602917193333333,0.745895886,9.57154941825,5.953722502333334,52.24210022,52.41420479000001,10.399015071500001
4,2013-04-09,0.584845886,0.843595886,9.745716085041666,6.157472502333333,63.17960022,66.53920479,11.032348404666665
4,2013-04-10,0.5538750526666667,0.815095886,8.597382751083334,5.754139168999999,54.06710022000001,79.95587145666667,11.582348404333333
4,2013-04-11,0.154370886,0.307495886,4.9527994170000005,3.642055835666667,41.09626688666667,73.16420479,7.090681739833333
4,2013-04-12,0.083583386,0.293295886,4.190716083666667,2.7766391689999996,44.38793355333333,62.28920479000001,5.174015074
4,2013-04-13,0.3313292193333333,0.464495886,6.9511327503333336,4.447889169000001,46.66293355333334,74.37253812333334,8.115681740000001
4,2013-04-14,0.24376255266666666,0.318495886,8.019882750583333,5.130805835666666,49.40876688666666,75.03920479,9.4073484055
4,2013-04-15,0.5083375526666667,0.746695886,9.8465494185,6.057472502333333,64.70043355333333,75.53920479,12.457348404166666
4,2013-04-16,0.5625750526666666,0.787195886,9.283632751208334,5.950389169,58.55876688666667,59.70587145666667,11.082348405166668
4,2013-04-17,0.35788755266666666,0.553795886,5.349049417,3.1978891689999998,49.03376688666666,61.20587145666667,6.390681740333334
4,2013-04-18,0.4533375526666667,0.862895886,8.6477994175,5.302472502333333,54.76710022,65.62253812333334,9.865681739000001
4,2013-04-19,0.40632505266666663,0.896395886,7.030716084041667,4.680389169000001,51.671266886666665,75.53920479,8.932348406166666
4,2013-04-20,0.41630838600000003,0.824995886,7.647799418125,5.197889169,48.15876688666666,81.24753812333334,10.328181738
4,2013-04-21,0.3375875526666667,0.596195886,7.10904941725,5.031222502333333,46.22126688666666,58.83087145666667,9.532348405166667
4,2013-04-22,0.05542505366666667,0.143295886,3.5407160836666667,1.9908058356666667,47.083766886666666,55.41420479000001,4.228181740666667
4,2013-04-23,0.246533386,0.468595886,6.299882750458333,3.7270558356666665,52.22960022,54.95587145666667,7.082348406833334
4,2013-04-24,0.32866255266666666,0.563995886,7.896966084291667,4.9283058356666665,52.796266886666665,52.95587145666667,8.807348405666668
4,2013-04-25,0.31116255266666665,0.492995886,9.009466084541666,5.543305835666666,60.06293355333333,61.872538123333335,9.899015072333333
4,2013-04-26,0.3197500526666667,0.451195886,7.876966083791667,5.131222502333333,59.521266886666666,78.99753812333334,9.965681738999999
4,2013-04-27,0.454620886,0.607395886,8.313216084041667,5.849139169,40.492100220000005,76.28920479,10.519848404500001
4,2013-04-28,0.17063338658333335,0.449595886,4.209049417,2.781639169,42.425433553333335,65.70587145666667,5.994848407166667
4,2013-04-29,0.5114125526666666,0.719395886,9.395716084666667,6.267889169,40.554600220000005,66.78920479,11.428181737833334
4,2013-04-30,0.7058042193333334,0.907095886,10.276966085166666,6.957889169,39.87543355333333,86.28920479,12.532348403333332
4,2013-05-01,0.43695421933333334,0.733595886,8.454049417375,5.645389169,44.021266886666666,85.16420479,10.940681737833332
4,2013-05-02,0.617158386,0.816195886,9.164049419,6.0220558356666665,41.958766886666666,69.45587145666667,11.228181737666667
4,2013-05-03,0.034512553833333334,0.198095886,3.929882750333334,2.5370558356666666,47.07126688666667,56.16420479000001,4.811515074
4,2013-05-04,0.06070421933333333,0.198295886,3.994466083666667,2.766222502333333,49.66293355333334,60.20587145666667,5.2240150739999995
4,2013-05-05,0.20705421933333334,0.370195886,6.651966083666667,4.403305835666667,49.72126688666666,69.16420479,8.853181739333333
4,2013-05-06,0.29454588600000003,0.431695886,7.434882750333333,4.754972502333334,48.34626688666666,59.872538123333335,8.957348405333333
4,2013-05-07,0.15891671933333332,0.272495886,5.2323827503333336,3.4253891690000002,45.20043355333333,55.08087145666667,6.490681740333333
4,2013-05-08,0.048570886,0.106895886,4.493632750333333,2.8337225023333334,44.57960022,49.83087145666667,5.865681740666666
4,2013-05-09,0.05420421933333333,0.127895886,4.118216083666667,3.0424725023333337,48.01293355333333,66.41420479,5.849015074
4,2013-05-10,0.044000053250000004,0.120295886,3.806966083666667,2.350805835666667,53.78376688666666,75.91420479,4.7656817406666665
4,2013-05-11,0.026470886583333336,0.071995886,3.8315494169999997,2.230389169,56.65876688666666,73.99753812333334,4.7031817406666665
4,2013-05-12,0.026583386,0.132395886,4.2373827503333334,2.771639169,55.82543355333333,74.74753812333334,5.378181740666666
4,2013-05-13,0.225833386,0.291095886,6.550716083666667,4.082889169,61.30876688666667,62.70587145666667,7.261515072999999
4,2013-05-14,0.2489417193333333,0.376595886,5.777799417,3.829139169,56.421266886666665,58.41420479000001,7.103181740166668
4,2013-05-15,0.4280792193333333,0.746795886,7.3340494175,4.604972502333333,61.146266886666666,61.53920479000001,8.644848406666666
4,2013-05-16,0.3753292193333333,0.650095886,9.406966085291666,5.951639169,69.95460022,71.95587145666667,11.074015071333333
4,2013-05-17,0.44338755266666663,0.870395886,11.419466086166667,7.392889169,70.51710022,71.12253812333334,14.603181736833333
4,2013-05-18,0.34591255266666665,0.452395886,9.483632751333333,6.527889169000001,59.54210022,71.87253812333334,12.174015070333333
4,2013-05-19,0.468258386,0.630495886,8.640716084166668,5.849139169,45.73376688666667,54.53920479000001,10.790681738666668
4,2013-05-20,0.5644625526666667,0.742395886,9.453216084791666,6.002472502333333,47.49210022,78.03920479,10.757348404666667
4,2013-05-21,0.4676667193333333,0.766395886,8.432382750583333,5.807472502333333,53.01293355333333,73.20587145666667,10.482348404833333
4,2013-05-22,0.358970886,0.525895886,7.880716083666666,5.191639169,55.24626688666667,66.45587145666667,9.986515072
4,2013-05-23,0.12153755266666666,0.316895886,4.934049417,3.297472502333333,55.28376688666666,88.70587145666667,7.115681740666667
4,2013-05-24,0.19601255266666665,0.237895886,6.9094660836666675,4.645389169,51.70043355333333,84.70587145666667,8.278181739999999
4,2013-05-25,0.09472505266666666,0.210895886,5.901966083666667,3.9808058356666667,57.70043355333333,76.20587145666667,7.344848406333334
4,2013-05-26,0.056712552666666666,0.113195886,5.219466083666666,3.3345558356666665,60.19626688666667,78.20587145666667,6.174015074
4,2013-05-27,0.043645886,0.093195886,4.291549417,2.689555835666667,62.37126688666667,74.62253812333334,5.082348407333334
4,2013-05-28,0.3322542193333333,0.802995886,5.855716083791666,3.597055835666666,61.80460022,67.28920479,7.090681739666667
4,2013-05-29,0.467795886,0.731895886,8.996966084666667,5.695389168999999,58.90876688666666,60.91420479000001,10.549015072166666
4,2013-05-30,0.5783750526666667,0.856895886,7.82904941725,5.017889169,56.32126688666667,69.37253812333334,9.590681739166667
4,2013-05-31,0.4031250526666667,0.514995886,7.595716083916667,4.853305835666666,57.72126688666666,60.747538123333335,8.774015072333333
4,2013-06-01,0.05232505266666667,0.213895886,3.685299417,2.5233058356666667,61.03376688666666,58.16420479000001,4.6406817406666665
4,2013-06-02,0.06840005266666667,0.262095886,3.870299417,2.444555835666667,65.75043355333334,60.83087145666667,4.361515074000001
4,2013-06-03,0.3679292193333333,0.440195886,7.252382750333333,4.272889169,71.55876688666667,65.33087145666667,8.1031817395
4,2013-06-04,0.254758386,0.456995886,5.7652994170000005,3.530805835666667,72.17543355333333,61.33087145666667,6.465681740166667
4,2013-06-05,0.19689171933333335,0.333895886,7.128632750333334,4.672472502333333,64.35460022,66.58087145666667,8.799015072166666
4,2013-06-06,0.113370886,0.205595886,5.678632750333333,3.5570558356666666,62.25043355333333,58.53920479000001,6.632348406833334
4,2013-06-07,0.042362553666666664,0.236095886,3.4461327503333337,1.9324725023333336,63.60043355333334,60.497538123333335,4.061515074
4,2013-06-08,0.27414171933333337,0.451395886,6.975716083666668,4.1645558356666665,67.29210022,55.622538123333335,7.453181740000001
4,2013-06-09,0.11950005266666668,0.258195886,5.1140494169999995,3.138305835666667,68.42960022,66.74753812333334,6.111515074
4,2013-06-10,0.677095886,0.921395886,11.465716085541667,7.435389169125,74.75460022,55.78920479000001,13.153181738
4,2013-06-11,0.5128125526666667,0.696495886,10.09904941875,6.677055835666667,79.67960022,58.53920479000001,12.149015070833334
4,2013-06-12,0.30193755266666666,0.579495886,6.639466084166667,4.311639169,75.59210022,76.66420479,9.840681739166667
4,2013-06-13,0.09005421933333334,0.217495886,5.108216083666666,3.614139169,73.68793355333334,80.62253812333334,6.903181740333333
4,2013-06-14,0.18927921933333333,0.289395886,7.378632750333334,4.762055835666667,73.33376688666667,81.99753812333334,9.024015072666666
4,2013-06-15,0.19162505266666666,0.363395886,5.775299417125001,3.828305835666667,74.65043355333334,64.91420479,7.182348406333333
4,2013-06-16,0.2513417193333333,0.580795886,6.1715494170000005,3.754972502333333,74.05876688666667,59.122538123333335,7.528181740666667
4,2013-06-17,0.055316719333333327,0.135695886,4.6073827503333336,2.9583058356666663,72.65043355333333,76.20587145666667,6.311515073833333
4,2013-06-18,0.4383042193333333,0.707595886,9.134049418125,6.020805835666667,66.99626688666667,68.03920479,10.990681738333334
4,2013-06-19,0.29015005266666666,0.485695886,6.677382750333333,4.259555835666666,62.22126688666666,72.33087145666667,8.399015072500001
4,2013-06-20,0.10872921933333334,0.307195886,4.997799417,3.2637225023333336,60.837933553333336,73.53920479,6.569848406999999
4,2013-06-21,0.14605005266666668,0.275995886,4.717799417,2.8533058356666667,65.40876688666667,67.66420479,5.640681740666667
4,2013-06-22,0.12407921933333334,0.301995886,6.178632750458333,3.8737225023333335,72.33376688666667,78.58087145666667,8.419848406
4,2013-06-23,0.259833386,0.572395886,6.882382750333334,4.523722502333333,67.87126688666667,65.37253812333334,8.424015072833333
4,2013-06-24,0.493420886,0.655295886,8.55904941725,5.708305835666667,60.112933553333335,63.70587145666667,10.669848405000002
4,2013-06-25,0.4323875526666667,0.575495886,7.833216083791666,5.091222502333333,56.90876688666666,71.41420479,9.369848405666668
4,2013-06-26,0.515295886,0.752195886,8.020716084541666,5.091639169,55.62126688666667,68.70587145666667,9.503181739
4,2013-06-27,0.15697921933333334,0.284195886,5.765716083666667,3.4262225023333333,61.13793355333333,62.08087145666667,6.399015074
4,2013-06-28,0.601095886,0.831695886,10.823216085916668,6.597472502333333,64.02543355333334,80.87253812333334,12.132348404333333
4,2013-06-29,0.36116255266666664,0.629095886,8.243632750833333,5.281222502333333,71.67126688666667,78.33087145666667,9.657348405
4,2013-06-30,0.035845886,0.098895886,3.773632750333333,2.533722502333333,69.02543355333334,80.62253812333334,4.874015074
4,2013-07-01,0.12235421933333333,0.189395886,5.569466083666666,3.4512225023333336,66.68793355333334,77.08087145666667,7.082348406833333
4,2013-07-02,0.07086671933333334,0.170795886,4.601549417,3.0366391690000003,67.97543355333333,78.03920479,6.069848406666666
4,2013-07-03,0.04336671933333333,0.082595886,4.2965494170000005,2.9724725023333334,67.31710022,77.24753812333334,5.6198484073333335
4,2013-07-04,0.08112921933333334,0.125495886,4.619049417,2.8878891689999997,68.42543355333333,73.53920479,5.228181740666667
4,2013-07-05,0.07217505266666667,0.180495886,4.373216083666667,2.589139169,72.59626688666667,77.87253812333334,4.924015074000001
4,2013-07-06,0.14491255266666667,0.286795886,5.753632750333334,3.3383058356666666,75.96710022,76.66420479,6.1865150735
4,2013-07-07,0.197883386,0.268795886,6.314882750333333,4.0412225023333335,70.96710022,71.37253812333334,7.478181740666667
4,2013-07-08,0.10789171933333334,0.245795886,4.476132750333334,2.7299725023333337,67.22960022,62.08087145666667,5.365681740666667
4,2013-07-09,0.19117921933333334,0.414395886,5.792382750333334,3.5545558356666667,70.27543355333333,66.20587145666667,6.624015073833333
4,2013-07-10,0.04800005466666666,0.146795886,4.0986327503333335,2.6345558356666667,71.20460022,83.49753812333334,5.874015073833334
4,2013-07-11,0.052675054666666665,0.201895886,3.716549417,2.5558058356666664,72.72126688666667,85.33087145666667,5.082348407333334
4,2013-07-12,0.15352921933333333,0.289695886,7.224466083666666,4.586639169000001,74.88793355333333,85.70587145666667,9.124015072333334
4,2013-07-13,0.19123338599999998,0.237095886,6.287799417,4.155389169,71.00460022,80.53920479,7.4323484073333335
4,2013-07-14,0.12275005266666666,0.243295886,4.606966083666667,3.1653891690000004,64.29626688666666,74.70587145666667,5.940681740666666
4,2013-07-15,0.101533386,0.144395886,5.836966083666667,3.564555835666667,69.70876688666667,78.49753812333334,6.578181740333334
4,2013-07-16,0.08657505266666667,0.163395886,6.0240494170000005,4.035389169,67.97126688666667,78.78920479,7.8365150733333335
4,2013-07-17,0.038291720333333334,0.132095886,2.775299417,1.9012225023333336,65.12126688666667,73.70587145666667,3.7156817406666662
4,2013-07-18,0.24646671933333333,0.364295886,6.274882750333333,3.7691391690000002,73.12126688666667,77.33087145666667,6.836515074
4,2013-07-19,0.10830838599999999,0.224295886,5.06779941725,3.2537225023333334,75.00043355333334,78.74753812333334,6.490681740166667
4,2013-07-20,0.08624171933333334,0.147695886,4.215299417,2.751639169,75.65043355333334,78.12253812333334,5.869848407
4,2013-07-21,0.073320886,0.181295886,4.915299417,3.1337225023333333,71.25876688666666,83.37253812333334,6.0615150735
4,2013-07-22,0.05960005366666667,0.157195886,4.196966083666667,2.6583058356666665,73.49626688666667,86.03920479,5.174015074000001
4,2013-07-23,0.123408386,0.205095886,5.864049417,3.734139169,72.23793355333333,74.78920479,7.049015074
4,2013-07-24,0.039758386,0.120995886,5.057799417,3.3541391689999998,64.95460022,72.83087145666667,6.461515074
4,2013-07-25,0.21983755266666669,0.385595886,6.5761327503333336,4.119555835666667,65.91710022,76.24753812333334,7.465681739833333
4,2013-07-26,0.18390005266666667,0.447395886,6.030299416999999,3.6533058356666666,70.34210022,86.99753812333334,6.840681740666667
4,2013-07-27,0.11590838599999999,0.168195886,5.954049417,3.6945558356666663,71.07126688666666,75.33087145666667,6.665681740666667
4,2013-07-28,0.14641255266666667,0.186195886,6.354466083666666,3.9245558356666663,67.40876688666667,72.08087145666667,7.140681740333334
4,2013-07-29,0.028070886,0.108195886,2.811549417,1.9891391690000002,66.10460022,67.91420479,3.790681740666667
4,2013-07-30,0.048962552666666666,0.162495886,3.774049417,2.532889169,68.01710022,67.91420479,4.3490150739999995
4,2013-07-31,0.14024171933333332,0.277295886,4.524466083666667,2.532889169,70.38376688666666,70.83087145666667,4.686515074
4,2013-08-01,0.10855005266666666,0.218795886,5.051966083666667,2.9133058356666663,71.37126688666667,69.28920479,5.153181740666667
4,2013-08-02,0.14407088658333334,0.412695886,4.6715494170000005,2.9174725023333337,70.66293355333333,78.20587145666667,5.711515074
4,2013-08-03,0.11027505266666666,0.262695886,6.424882750458333,4.263722502333334,64.57543355333333,86.95587145666667,8.328181739666666
4,2013-08-04,0.34101671933333333,0.545495886,9.710299418625,6.265805835666666,58.712933553333336,78.16420479,11.528181737666666
4,2013-08-05,0.07246255266666667,0.150595886,4.775299417,2.834139169,63.97960022,73.28920479,5.461515074
4,2013-08-06,0.028200052666666666,0.068595886,3.3627994169999997,2.0795558356666666,66.50043355333334,70.16420479,4.2031817406666665
4,2013-08-07,0.05907921933333334,0.138995886,4.108632750333333,2.7895558356666665,64.32960022,71.74753812333334,5.1823484073333335
4,2013-08-08,0.15887505266666666,0.265395886,5.441966083666667,3.0503891690000002,66.85460022,66.03920479,5.382348407333333
4,2013-08-09,0.135333386,0.184595886,5.637799417,3.207889169,67.87126688666667,66.62253812333334,5.690681740666666
4,2013-08-10,0.27162505266666664,0.395195886,7.282382750333333,4.528722502333333,69.24210022,73.95587145666667,9.107348406
4,2013-08-11,0.09085421933333333,0.136695886,6.300299417000001,4.050805835666667,63.77960022,80.78920479,7.399015073166667
4,2013-08-12,0.063345887,0.136495886,4.0498827503333334,2.673305835666667,62.65876688666666,67.45587145666667,4.8073484073333335
4,2013-08-13,0.008854220166666668,0.031895886,3.0682160836666665,2.2295558356666665,64.25460022,68.37253812333334,3.9198484073333333
4,2013-08-14,0.03756671933333333,0.059395886,4.393216083666666,2.801639169,65.76710022,75.99753812333334,4.9948484073333335
4,2013-08-15,0.04416255266666667,0.074695886,4.605299417,3.0399725023333333,66.49626688666667,79.33087145666667,5.561515074
4,2013-08-16,0.183058386,0.394995886,6.350716083916667,4.039972502333334,69.61293355333333,78.33087145666667,7.303181740166667
4,2013-08-17,0.5141917193333333,0.661095886,10.14654941825,6.832472502333334,70.85043355333333,81.99753812333334,12.332348403833334
4,2013-08-18,0.260908386,0.542795886,7.539049417,5.055805835666667,67.57126688666666,72.99753812333334,9.294848405333333
4,2013-08-19,0.06401255266666667,0.128095886,4.596549417,2.6970558356666667,68.57126688666666,73.91420479,5.0573484073333335
4,2013-08-20,0.11054171933333333,0.230095886,5.692799417,3.2870558356666666,70.71710022,78.28920479,5.894848407333334
4,2013-08-21,0.03316255266666667,0.171495886,4.692799417,3.1308058356666666,71.65043355333333,83.33087145666667,5.640681740333334
4,2013-08-22,0.36172505266666666,0.440895886,8.223216083791668,5.316222502333333,67.71710022,66.83087145666667,9.728181738833333
4,2013-08-23,0.20058755266666664,0.362195886,6.064466083666667,3.7795558356666668,62.44210022000001,64.49753812333334,6.8240150735
4,2013-08-24,0.07046671933333333,0.112295886,4.864466083666667,3.1128891690000002,59.483766886666665,66.37253812333334,5.861515074
4,2013-08-25,0.02084171933333333,0.090495886,4.6123827503333334,2.9649725023333335,59.63793355333333,66.33087145666667,5.3073484073333335
4,2013-08-26,0.13267088600000002,0.269895886,6.136966083666667,3.7624725023333334,61.16293355333334,78.37253812333334,6.615681740666666
4,2013-08-27,0.2152625526666667,0.485795886,6.951966083916666,4.397472502333334,64.17960022,83.37253812333334,8.136515073
4,2013-08-28,0.0341417205,0.088995886,4.254049417,2.7370558356666668,63.59626688666666,88.08087145666667,5.519848407333334
4,2013-08-29,0.036383386999999996,0.092795886,3.627799417,2.5958058356666665,63.48376688666667,83.20587145666667,4.594848407333333
4,2013-08-30,0.3353250526666667,0.906495886,4.560299417,2.9453891690000003,65.66710022,82.03920479,5.549015073666666
4,2013-08-31,0.213645886,0.494595886,6.652799417,4.3191391690000005,59.112933553333335,74.16420479,7.965681740333333
4,2013-09-01,0.139595886,0.297395886,5.688216083666667,3.420389169,57.32960022,70.28920479,6.3698484073333335
4,2013-09-02,0.07460005266666667,0.147095886,4.8432160836666664,2.8270558356666666,56.42126688666667,81.49753812333334,5.032348407333333
4,2013-09-03,0.143445886,0.373595886,7.0815494175,4.144139169,66.45460022,69.95587145666667,7.2656817401666665
4,2013-09-04,0.45195005266666666,0.714495886,9.046549417749999,5.715389169000001,67.86293355333333,59.41420479000001,10.569848404666667
4,2013-09-05,0.28506255266666664,0.386595886,8.721132750708334,5.842055835666667,55.49626688666667,69.37253812333334,10.703181738833335
4,2013-09-06,0.144870886,0.211195886,6.043632750333334,3.8162225023333334,53.175433553333335,74.49753812333334,7.061515074
4,2013-09-07,0.060708386,0.100995886,4.526549417,2.827472502333333,56.00460021999999,72.91420479,5.419848407166666
4,2013-09-08,0.10800005266666667,0.228795886,5.402799417,3.4991391689999998,56.32960022,74.24753812333334,6.511515074000001
4,2013-09-09,0.23642921933333336,0.346995886,6.156132750333334,3.652889169,57.775433553333336,71.62253812333334,6.632348407333333
4,2013-09-10,0.21476671933333333,0.382695886,5.730716083666667,3.3024725023333334,57.97960022,70.62253812333334,6.107348407333333
4,2013-09-11,0.11421255266666668,0.287695886,4.660716083666666,2.6045558356666665,59.896266886666666,69.62253812333334,4.8490150739999995
4,2013-09-12,0.048441720916666674,0.150095886,2.6119660836666667,1.5858058356666669,65.45043355333333,72.28920479,3.1406817406666665
4,2013-09-13,0.006908386999999999,0.043895886,2.8027994169999997,1.7670558356666666,65.77543355333333,72.87253812333334,3.4240150739999997
4,2013-09-14,0.09394171933333334,0.198095886,6.073632750333334,3.6249725023333332,67.13793355333333,76.37253812333334,6.515681740666667
4,2013-09-15,0.252358386,0.313895886,8.328216083666666,5.040805835666666,71.71710022,67.70587145666667,8.878181739666667
4,2013-09-16,0.317658386,0.450895886,8.247799417,4.988722502333333,73.91293355333333,65.74753812333334,8.857348406333333
4,2013-09-17,0.183970886,0.311795886,6.072382750333333,3.6608058356666664,65.33376688666667,72.53920479,6.844848407000001
4,2013-09-18,0.145083386,0.198395886,5.256966083666667,3.202889169,62.112933553333335,69.49753812333334,6.128181740666666
4,2013-09-19,0.079633386,0.247495886,5.244049417,3.332889169,66.11710022,77.99753812333334,6.224015074
4,2013-09-20,0.3135750526666667,0.499795886,8.806966084541667,5.496222502333333,71.90460022,80.37253812333334,10.086515071833334
4,2013-09-21,0.036625052666666665,0.108895886,5.315716083666667,3.2020558356666666,73.99626688666667,78.16420479,5.774015074
4,2013-09-22,0.2561042193333333,0.350195886,8.129466083666667,4.770389169,78.17960022,71.41420479,8.382348406666667
4,2013-09-23,0.17594171933333333,0.319295886,6.5394660836666665,3.6487225023333334,77.57543355333333,66.20587145666667,6.461515074
4,2013-09-24,0.2046375526666667,0.283595886,6.666132750333333,3.777889169,76.08376688666667,65.66420479,6.719848407333333
4,2013-09-25,0.12062505266666666,0.301295886,4.637799417,2.784555835666666,74.53376688666667,63.58087145666667,4.924015074
4,2013-09-26,0.09915005266666667,0.256795886,5.728632750333333,3.7087225023333334,68.75876688666666,80.08087145666667,7.349015073166666
4,2013-09-27,0.216870886,0.332695886,6.524882750333333,4.222055835666667,57.16293355333334,64.58087145666667,7.924015073
4,2013-09-28,0.18460838599999999,0.286595886,6.155299416999999,3.761639169,58.92126688666667,62.53920479000001,6.740681740333333
4,2013-09-29,0.19383755266666666,0.224195886,6.604049417,4.116639169,56.31293355333333,62.28920479000001,7.711515073166667
4,2013-09-30,0.11651671933333334,0.332795886,4.924466083666666,2.873722502333333,54.271266886666666,70.62253812333334,5.428181740666666
4,2013-10-01,0.4147125526666667,0.631095886,8.371132750583334,5.212889169,57.525433553333336,58.83087145666667,9.3323484055
4,2013-10-02,0.406083386,0.460695886,9.948632751333333,6.236222502333334,67.23793355333333,58.78920479000001,10.890681738
4,2013-10-03,0.4257667193333334,0.797195886,10.505716085291667,6.806639169,71.07543355333333,71.16420479,12.394848403666666
4,2013-10-04,0.18777921933333333,0.319095886,6.458632750333333,4.166639169,59.95460022,64.62253812333334,8.115681739333333
4,2013-10-05,0.03764171933333333,0.072295886,3.1482160836666666,1.839139169,54.37960021999999,71.58087145666667,5.11568174
4,2013-10-06,0.20200421933333335,0.457695886,6.561132751083334,4.431639168999999,60.65460022,83.12253812333334,7.761515073000001
4,2013-10-07,0.6932208860000001,0.895495886,11.837799420000001,7.550805835666666,64.62543355333334,84.62253812333334,14.107348403333333
4,2013-10-08,0.265233386,0.506095886,7.535299417,4.425389169,62.22126688666666,69.66420479,8.094848406166667
4,2013-10-09,0.06571671933333333,0.142895886,5.379049417,3.3837225023333333,58.22543355333334,73.78920479,6.074015073999999
4,2013-10-10,0.259895886,0.370895886,8.535299417500001,5.670805835666666,52.337933553333336,65.66420479,10.086515071666666
4,2013-10-11,0.2752167193333333,0.434595886,7.586966084041666,5.002055835666667,54.29626688666667,81.37253812333334,9.161515071666667
4,2013-10-12,0.11972505266666666,0.164095886,5.630299417,3.7408058356666665,55.84626688666666,83.24753812333334,6.657348407333334
4,2013-10-13,0.060687552666666665,0.126995886,4.2861327503333335,2.7224725023333334,57.646266886666666,86.62253812333334,5.457348407333334
4,2013-10-14,0.2973167193333333,0.566495886,8.522382750833334,5.307472502333334,57.51293355333333,92.83087145666667,9.740681739166666
4,2013-10-15,0.4568875526666667,0.828795886,9.581966085041666,6.327889169,49.983766886666665,76.53920479,11.769848404333333
4,2013-10-16,0.10895005266666667,0.427195886,5.758632750458333,3.294555835666667,48.29210022,63.16420479000001,5.978181740666667
4,2013-10-17,0.36835421933333334,0.686595886,8.724049417625,5.159139169,56.97543355333334,59.247538123333335,9.049015073333333
4,2013-10-18,0.5930042193333334,0.737395886,10.502382752458333,6.443722502333333,58.30460022,62.122538123333335,11.253181738
4,2013-10-19,0.20382505266666665,0.415595886,6.637382750333334,3.6495558356666664,55.675433553333335,45.03920479000001,6.549015073833334
4,2013-10-20,0.34226255266666666,0.475795886,9.438216084416666,5.6053891689999995,61.74210022,65.28920479,9.615681739000001
4,2013-10-21,0.4435792193333333,0.632495886,11.073632753083333,7.126222502333333,65.75876688666666,60.53920479000001,12.553181736666666
4,2013-10-22,0.14900421933333333,0.312895886,7.181549417749999,4.423305835666667,54.74626688666667,86.99753812333334,8.765681738833333
4,2013-10-23,0.103583386,0.446095886,4.228216083666667,2.607055835666667,49.18793355333333,77.87253812333334,4.632348407333333
4,2013-10-24,0.7306167193333333,0.875595886,11.30279941975,7.429139169,44.708766886666666,71.78920479,13.382348403499998
4,2013-10-25,0.124158386,0.407895886,4.920716083666666,3.047889169,41.07126688666667,64.83087145666667,5.7448484073333335
4,2013-10-26,0.47205005266666666,0.657895886,8.637799417125,5.412889169,47.21293355333333,68.24753812333334,9.507348405666667
4,2013-10-27,0.452583386,0.613095886,8.858216083791666,6.274972502333333,37.45043355333333,68.74753812333334,11.474015070833333
4,2013-10-28,0.46794171933333334,0.690695886,7.952382750458334,5.488305835666666,36.93376688666667,66.33087145666667,10.0365150715
4,2013-10-29,0.15455005266666666,0.198795886,5.573632750333334,3.6158058356666665,36.579600219999996,64.45587145666667,6.707348407333334
4,2013-10-30,0.44482505266666666,0.654395886,9.11029941825,6.161639169,37.233766886666665,75.37253812333334,11.2365150715
4,2013-10-31,0.263258386,0.600895886,6.892799417625,4.719555835666667,32.617100220000005,58.78920479000001,8.794848405666666
4,2013-11-01,0.276458386,0.516795886,7.076132750458334,4.563305835666667,34.57543355333333,77.03920479,8.186515072333334
4,2013-11-02,0.10537921933333333,0.311395886,4.850716083666667,3.2158058356666666,42.400433553333336,87.16420479,6.099015073666667
4,2013-11-03,0.13673755266666668,0.249595886,5.8919660836666665,3.7866391690000003,37.02960022,69.66420479,7.257348407333333
4,2013-11-04,0.239408386,0.380495886,6.996549417125,4.474139169,41.32543355333333,88.91420479,7.949015072833333
4,2013-11-05,0.22143338599999998,0.533295886,5.842799416999999,4.048722502333333,41.54210022,82.78920479,7.469848406333334
4,2013-11-06,0.099508386,0.317195886,4.554466083666667,3.059139169,32.079600219999996,56.372538123333335,5.936515074
4,2013-11-07,0.062395886000000005,0.098795886,4.939882750333333,2.9808058356666667,32.021266886666666,64.95587145666667,5.553181740666666
4,2013-11-08,0.23046671933333332,0.380795886,6.529882750333333,3.6374725023333334,31.900433553333333,70.49753812333334,6.457348406666667
4,2013-11-09,0.5124958860000001,0.812095886,9.444049418,6.441222502333333,26.904600220000003,53.83087145666667,11.565681738333334
4,2013-11-10,0.1733875526666667,0.341995886,5.5136327503333336,3.857889169,20.23793355333333,49.622538123333335,7.274015074
4,2013-11-11,0.273770886,0.421895886,6.778632750333333,4.473722502333334,29.121266886666664,56.747538123333335,8.044848406333333
4,2013-11-12,0.007095888166666667,0.032695886,2.9636327503333333,1.7937225023333332,33.175433553333335,82.28920479,3.132348407333333
4,2013-11-13,0.06905005266666667,0.145195886,4.436549417,2.471222502333333,31.29626688666667,81.74753812333334,4.503181740666666
4,2013-11-14,0.253470886,0.374295886,8.476966084041667,5.016222502333333,36.608766886666665,86.24753812333334,8.574015072833333
4,2013-11-15,0.49175838600000005,0.809395886,10.475716085291667,6.569972502333333,39.962933553333336,85.78920479,11.586515071500001
4,2013-11-16,0.29125421933333334,0.691895886,6.698216084166667,4.4283058356666665,31.683766886666664,69.08087145666667,8.407348406333332
4,2013-11-17,0.5617500526666667,0.885195886,8.707382751333332,5.460805835666666,35.87126688666667,81.62253812333334,10.124015071666667
4,2013-11-18,0.4076000526666667,0.642995886,8.95904941775,5.860389169,35.54210022,79.66420479,10.378181738166667
4,2013-11-19,0.44134588599999997,0.603095886,8.114049417125,5.312472502333333,25.925433553333335,55.16420479000001,9.740681738166666
4,2013-11-20,0.576345886,0.817495886,10.648216085041666,6.439139169000001,40.28376688666666,61.20587145666667,11.111515071666666
4,2013-11-21,0.6918375526666667,0.921995886,10.665299419125,6.8987225023333325,32.38376688666667,51.497538123333335,12.582348404166666
4,2013-11-22,0.11967088599999999,0.341995886,4.935716083666667,3.1028891690000004,24.87960022,51.997538123333335,5.844848407333333
4,2013-11-23,0.12411255266666667,0.424895886,5.952382750333332,3.4062225023333332,32.704600219999996,61.66420479000001,6.153181740666667
4,2013-11-24,0.642908386,0.843595886,11.133216086166668,6.595389169,46.421266886666665,69.20587145666667,11.619848404333332
4,2013-11-25,0.45388755266666664,0.662795886,9.338632751333334,5.858305835666666,36.53376688666666,63.95587145666667,10.690681738
4,2013-11-26,0.235720886,0.390995886,6.351132750333334,3.547472502333333,34.087933553333336,64.95587145666667,6.224015073333334
4,2013-11-27,0.42448755266666666,0.845695886,8.584882751333334,5.120389169,40.35460022,80.66420479,8.494848405833332
4,2013-11-28,0.5106167193333334,0.865295886,10.647799418625,6.520805835666667,48.94210022000001,54.122538123333335,11.449015071166668
4,2013-11-29,0.23666255266666666,0.404095886,7.271549417375,4.380805835666666,34.15876688666666,57.997538123333335,8.019848406666666
4,2013-11-30,0.47676671933333337,0.762295886,9.60529941875,5.766639169,39.81293355333333,57.95587145666667,10.411515071166667
4,2013-12-01,0.12321671933333334,0.268495886,6.821966083666666,3.687889169,36.46710022,66.49753812333334,6.194848407333333
4,2013-12-02,0.14258755266666667,0.314695886,5.813632750333333,3.078722502333333,39.108766886666665,69.91420479,5.357348407333333
4,2013-12-03,0.26285005266666667,0.624295886,6.528216084416667,3.959139169,38.50460022,68.28920479,6.5115150733333325
4,2013-12-04,0.8397208859999999,0.957095886,13.535299420000001,8.58080583575,52.60043355333334,82.12253812333334,16.132348403333335
4,2013-12-05,0.9388542193333334,0.960095886,14.281132753333333,9.767472502791668,27.375433553333334,50.66420479000001,17.819848403333335
4,2013-12-06,0.720420886,0.896495886,10.092799419124999,6.890389169,21.775433553333333,50.872538123333335,12.515681736833335
4,2013-12-07,0.3551542193333333,0.431795886,8.312382750333333,5.588722502333333,18.42960022,47.997538123333335,9.994848405499999
4,2013-12-08,0.22212505266666668,0.393595886,7.365716083666666,4.586222502333333,24.35876688666667,49.28920479000001,8.278181740666666
4,2013-12-09,0.49561671933333334,0.661195886,8.114049417624999,5.471222502333333,22.883766886666667,63.41420479000001,9.940681738833334
4,2013-12-10,0.19833755266666667,0.294395886,5.454049417,3.3562225023333334,22.687933553333334,61.58087145666667,6.094848407333334
4,2013-12-11,0.22666671933333335,0.496695886,6.661132750958333,4.426639169,26.117100219999998,69.99753812333334,7.8198484065
4,2013-12-12,0.36715005266666667,0.700395886,7.41779941775,5.227889169,16.187933553333334,46.08087145666667,9.782348404833334
4,2013-12-13,0.4791875526666667,0.833295886,8.489466084791667,5.643305835666666,23.337933553333333,66.70587145666667,10.111515072166666
4,2013-12-14,0.08939171933333334,0.390295886,5.033216083666667,3.045389169,17.171266886833333,65.12253812333334,5.6198484073333335
4,2013-12-15,0.18962505266666665,0.402295886,6.733632750333332,4.390805835666667,24.13793355333333,68.33087145666667,7.9531817395
4,2013-12-16,0.13273755266666667,0.224495886,5.501549417,3.639139169,29.062933553333334,84.45587145666667,6.399015074
4,2013-12-17,0.05802922033333333,0.144495886,4.307799417,2.6995558356666667,30.062933553333334,89.03920479,4.903181740666667
4,2013-12-18,0.21649172016666665,0.431395886,6.765299417875,4.047889169,33.16293355333333,85.58087145666667,6.919848406666667
4,2013-12-19,0.6821500526666666,0.863695886,10.030716085166667,6.012055835666668,33.921266886666665,61.03920479000001,10.449015071666667
4,2013-12-20,0.13673755266666668,0.500495886,4.859882750333333,3.376222502333333,21.683766886666664,62.20587145666667,6.507348407333333
4,2013-12-21,0.22137921933333335,0.285495886,5.794049417,3.6920558356666664,28.40876688666667,80.03920479,6.449015074000001
4,2013-12-22,0.07307505266666667,0.179795886,4.534049416999999,3.0508058356666665,28.946266886666667,83.41420479,5.524015074
4,2013-12-23,0.226445886,0.358395886,6.167799417,4.056222502333333,17.59210022,60.53920479000001,7.561515074
4,2013-12-24,0.03922088716666667,0.181895886,4.3886327503333336,2.859555835666667,16.750433553333334,60.78920479000001,5.219848407333333
4,2013-12-25,0.445783386,0.719995886,9.100299417875,6.259555835666667,5.7754335565,52.66420479000001,11.324015071166668
4,2013-12-26,0.22731671933333333,0.330295886,7.219466083666667,5.019972502333333,-2.7453997759999997,49.45587145666667,9.036515072833334
4,2013-12-27,0.12174588600000001,0.257095886,4.8486327503333335,3.407472502333333,-3.7245664426666667,56.497538123333335,6.378181740666666
4,2013-12-28,0.06062921933333334,0.125995886,4.538216083666667,3.283305835666667,5.154600223666667,58.872538123333335,5.978181740666667
4,2013-12-29,0.09674171933333332,0.381095886,5.418216083666667,3.4824725023333336,5.783766889833333,74.99753812333334,6.103181740666667
4,2013-12-30,0.5180375526666666,0.746395886,9.209882751208333,6.186639169,-4.112066442666666,62.497538123333335,10.940681737833332
4,2013-12-31,0.26271255266666665,0.354895886,7.736132750333333,5.085805835666666,-3.9703997763333336,63.122538123333335,8.882348406833334
4,2014-01-01,0.292645886,0.393495886,7.749049416999999,4.892055835666667,-7.537066444333333,62.872538123333335,8.536515074
4,2014-01-02,0.5503792193333333,0.863695886,9.658632751583333,5.637472502333334,0.25460022383333336,61.91420479000001,9.8281817385
4,2014-01-03,0.35123338600000004,0.513795886,7.995299417000001,4.837055835666667,6.204600224,72.20587145666667,8.661515072666667
4,2014-01-04,0.17180421933333334,0.344795886,6.516549417,3.3845558356666667,-3.0578997759999997,69.66420479,5.990681740666666
4,2014-01-05,0.1922667193333333,0.320995886,6.513216083666666,3.2258058356666663,-3.6203997759999997,68.83087145666667,5.707348407333334
4,2014-01-06,0.17227921933333334,0.372095886,5.459882750458333,3.0724725023333335,-1.7662331108333333,64.03920479,5.544848407333333
4,2014-01-07,0.5813292193333334,0.757195886,10.086549418875,6.235805835666667,20.037933554166667,69.53920479,10.949015071166668
4,2014-01-08,0.36056255266666665,0.443795886,8.196966083666666,4.711222502333333,29.04626688666667,78.28920479,8.215681739833334
4,2014-01-09,0.16735421933333336,0.359195886,6.031966083666667,3.612472502333333,30.050433553333335,75.87253812333334,6.107348407333333
4,2014-01-10,0.648720886,0.812995886,10.362382752208333,6.568722502333333,36.50876688666667,94.99753812333334,11.699015070166666
4,2014-01-11,0.6145500526666666,0.876195886,10.196132752083333,6.553722502333333,35.41710022,88.83087145666667,11.6615150705
4,2014-01-12,0.587108386,0.749295886,9.9340494185,7.110805835666667,13.037933554,49.66420479000001,13.0448484035
4,2014-01-13,0.14416671933333333,0.337895886,5.517382750333333,3.962889169,1.767100224,46.66420479000001,7.582348407166666
4,2014-01-14,0.247995886,0.469195886,6.384882750583333,4.330389169,9.179600221833335,49.997538123333335,7.7781817386666665
4,2014-01-15,0.12840005266666668,0.331495886,5.501966083791667,3.5237225023333334,18.36710022,76.24753812333334,6.5656817405000005
4,2014-01-16,0.14498755266666666,0.243895886,6.650716083666667,3.6028891690000004,13.017100221,79.74753812333334,6.215681740666667
4,2014-01-17,0.570470886,0.901895886,10.05279941825,5.690805835666667,10.225433555166667,70.91420479,9.557348405333334
4,2014-01-18,0.5722125526666667,0.726395886,10.053216085166666,5.525389169,23.612933553333335,65.74753812333334,9.599015073
4,2014-01-19,0.607733386,0.927095886,9.840299418125001,5.614972502333334,32.19210022,61.372538123333335,9.674015072166666
4,2014-01-20,0.107445888,0.511295886,4.255716083666667,2.3020558356666667,33.962933553333336,74.53920479,4.1406817406666665
4,2014-01-21,0.09234172133333333,0.469995886,4.004466083666666,2.487472502333333,33.47543355333333,90.49753812333334,4.074015074
4,2014-01-22,0.6008292193333333,0.789595886,9.597799418125,6.016639169,33.50876688666667,97.83087145666667,10.819848404666667
4,2014-01-23,0.372808386,0.575995886,8.020716084166667,5.490389169,26.82543355333333,71.78920479,9.9698484045
4,2014-01-24,0.016116720333333334,0.065595886,2.914882750333333,2.095389169,23.35460022,62.872538123333335,4.332348407333334
4,2014-01-25,0.09041671933333333,0.350895886,6.059466083666667,3.496639169,28.154600220000003,75.33087145666667,6.224015074
4,2014-01-26,0.6552417193333333,0.736895886,11.558216086041666,6.831639169,39.13376688666667,64.08087145666667,11.840681737833334
4,2014-01-27,0.46535838599999996,0.737495886,8.579049417375,5.186639169,35.025433553333336,67.78920479,9.307348405333334
4,2014-01-28,0.12723755266666667,0.210695886,5.272382750333334,3.547889169,24.196266886666667,68.28920479,6.519848407333334
4,2014-01-29,0.15105421933333332,0.202995886,5.941549417,4.192472502333334,18.95460022,54.16420479000001,7.9323484073333335
4,2014-01-30,0.25608338599999997,0.679695886,6.823216084416667,4.595389169,18.033766887833334,49.41420479000001,8.415681739
4,2014-01-31,0.518795886,0.840895886,9.212382751083334,5.606639169,31.72960022,52.78920479000001,10.174015072000001
4,2014-02-01,0.7669125526666667,0.946795886,10.330716085291666,7.373722502333333,9.275433556166666,44.78920479000001,13.569848404
4,2014-02-02,0.22796671933333335,0.424095886,5.930716083666667,4.169972502333334,8.200433555333333,42.747538123333335,7.924015074
4,2014-02-03,0.12737921933333332,0.250295886,5.739466083666667,3.8253891689999997,22.500433553333334,68.28920479,6.919848406833334
4,2014-02-04,0.467433386,0.574695886,9.194882750958334,5.9162225023333335,7.275433555833334,67.08087145666667,10.549015071333333
4,2014-02-05,0.174645886,0.308295886,6.767799417,3.7591391689999996,2.2462668896666664,69.74753812333334,6.678181740666666
4,2014-02-06,0.11301672133333333,0.334995886,3.9827994170000003,2.2049725023333333,3.387933557166667,67.95587145666667,3.7948484073333333
4,2014-02-07,0.06737922016666667,0.116995886,4.302382750333334,2.7745558356666664,6.029600222833333,71.78920479,4.332348407333334
4,2014-02-08,0.09250421933333335,0.160495886,5.021132750333334,2.5645558356666665,8.950433555166667,72.53920479,4.4948484073333335
4,2014-02-09,0.123233386,0.245195886,5.284466083666667,3.4108058356666664,8.479600222333334,78.41420479,5.486515074
4,2014-02-10,0.028704220333333332,0.075995886,3.4082160836666664,2.065389169,7.375433556333333,67.20587145666667,3.444848407333333
4,2014-02-11,0.1304000535,0.368295886,5.2357160836666665,2.9153891689999996,12.667100221666667,73.28920479,4.686515074
4,2014-02-12,0.16402505366666667,0.479795886,4.7861327503333335,2.7924725023333337,5.704600223,70.08087145666667,4.2865150739999995
4,2014-02-13,0.26395421933333335,0.505295886,7.649882750958334,4.310389169,15.192100221499999,74.66420479,6.944848406999999
4,2014-02-14,0.530583386,0.748695886,9.970299418,5.241222502333334,30.38793355333333,83.91420479,8.611515073166666
4,2014-02-15,0.333333386,0.600995886,7.809466084166666,4.228305835666666,36.66293355333333,79.12253812333334,7.515681739833333
4,2014-02-16,0.2667292193333333,0.457595886,7.227799417375,4.8937225023333335,22.037933553333332,47.95587145666667,8.928181739166666
4,2014-02-17,0.218620886,0.320795886,7.377799416999999,4.717055835666667,21.946266886666667,58.83087145666667,8.249015073499999
4,2014-02-18,0.5490458859999999,0.965395886,9.492382751958333,6.026639169,28.712933553333333,72.66420479,10.582348405
4,2014-02-19,0.3318500526666667,0.620595886,7.239882750583334,4.299555835666667,35.04210022,85.28920479,7.619848406333333
4,2014-02-20,0.33164171933333336,0.636795886,5.966132750333333,3.6449725023333333,32.837933553333336,90.66420479,6.878181740166667
4,2014-02-21,0.19842921933333335,0.531395886,5.383632750333334,3.7820558356666667,20.825433553333333,50.33087145666667,7.403181740333333
4,2014-02-22,0.16733755266666664,0.317695886,6.463632750333333,4.305805835666667,26.367100219999998,59.122538123333335,7.599015074
4,2014-02-23,0.2553917193333333,0.335295886,7.9611327505833325,4.932472502333334,33.462933553333336,83.41420479,8.953181738833333
4,2014-02-24,0.42157921933333337,0.910595886,7.762382751083333,5.177472502333333,30.400433553333333,79.78920479,9.728181738333333
4,2014-02-25,0.8616042193333334,0.978395886,12.187799419625,8.119139169,31.15876688666667,65.37253812333334,14.649015070333334
4,2014-02-26,0.2819500526666667,0.532995886,7.405299417125001,4.210389169,35.462933553333336,58.83087145666667,7.6573484065
4,2014-02-27,0.33760838600000004,0.713795886,9.168216084791666,5.356639169,45.275433553333336,60.58087145666667,9.440681738833334
4,2014-02-28,0.17087921933333336,0.364095886,6.4961327503333335,3.813722502333333,38.97543355333333,79.95587145666667,6.786515074
4,2014-03-01,0.21527505266666666,0.469795886,7.049882750333333,4.399555835666667,31.271266886666666,75.20587145666667,7.99068174
4,2014-03-02,0.03782922033333334,0.080195886,3.8498827503333337,2.256639169,32.37543355333333,65.91420479,4.349015074
4,2014-03-03,0.21091671933333334,0.390595886,6.718216083666667,4.035805835666666,33.454600219999996,54.83087145666667,7.269848406833333
4,2014-03-04,0.5899000526666667,0.833195886,9.431132751208333,5.967055835666667,34.16293355333333,48.872538123333335,10.457348404833334
4,2014-03-05,0.7953250526666666,0.957795886,12.29529942,8.104139169,31.279600220000003,60.03920479000001,14.861515070000001
4,2014-03-06,0.3500500526666667,0.677595886,7.629882750833333,5.047472502333333,29.571266886666667,85.37253812333334,9.274015071666666
4,2014-03-07,0.286295886,0.547695886,7.157799417,4.8816391690000005,22.904600220000003,60.372538123333335,8.949015072666667
4,2014-03-08,0.34575421933333333,0.544595886,6.629049417,4.414139168999999,23.19210022,58.372538123333335,7.978181739500001
4,2014-03-09,0.068545886,0.196695886,4.156549417,2.847889169,25.60460022,56.70587145666667,5.411515074
4,2014-03-10,0.005708388166666666,0.040095886,3.2144660836666668,1.9612225023333334,27.237933553333335,59.28920479000001,3.944848407333333
4,2014-03-11,0.08416255266666667,0.237795886,3.9019660836666668,2.360389169,31.087933553333333,66.99753812333334,4.628181740666666
4,2014-03-12,0.364033386,0.418795886,8.294049417,5.368722502333333,32.767100219999996,62.70587145666667,9.769848405500001
4,2014-03-13,0.330733386,0.523795886,7.761132750958333,5.0395558356666665,25.467100220000003,54.66420479000001,9.440681739166667
4,2014-03-14,0.26387505266666667,0.390995886,7.526966083791667,4.599139169,32.646266886666666,48.16420479000001,8.394848406
4,2014-03-15,0.23262505266666667,0.367195886,6.357799417,3.907889169,30.76710022,59.33087145666667,7.290681740499999
4,2014-03-16,0.20390838600000002,0.367995886,5.007382750333334,3.158722502333333,27.529600220000003,53.872538123333335,6.315681740666666
4,2014-03-17,0.08898755266666668,0.201395886,3.444882750333333,2.1537225023333333,34.47543355333333,49.16420479000001,4.324015074
4,2014-03-18,0.05572088658333333,0.242695886,4.144466083666667,2.3620558356666668,39.47960022,50.95587145666667,4.690681740666666
4,2014-03-19,0.504233386,0.800495886,8.69404941725,5.929139169,33.892100219999996,54.247538123333335,10.657348404666667
4,2014-03-20,0.45021255266666665,0.522295886,7.718632750333334,5.422889169,26.88793355333333,59.45587145666667,10.082348404666666
4,2014-03-21,0.161620886,0.395795886,4.659466083666667,3.483722502333334,28.321266886666667,54.28920479000001,6.632348407333333
4,2014-03-22,0.058037552666666666,0.120095886,3.4748827503333337,2.551639169,31.837933553333333,54.372538123333335,4.594848407333333
4,2014-03-23,0.216733386,0.619995886,5.8390494171250005,3.843305835666667,31.17960022,50.53920479000001,7.149015073666667
4,2014-03-24,0.8015083860000001,0.921795886,9.692799418625,6.398305835666666,31.008766886666667,57.58087145666667,11.715681737833334
4,2014-03-25,0.578033386,0.723195886,8.364882750333335,5.347472502333333,29.54626688666667,50.122538123333335,9.7198484055
4,2014-03-26,0.47413338600000005,0.704895886,8.296966083916667,5.276222502333334,36.66293355333333,64.37253812333334,9.486515072
4,2014-03-27,0.22787505266666666,0.384895886,6.189049417,3.9733058356666664,41.69626688666667,79.70587145666667,7.374015073
4,2014-03-28,0.08457921933333333,0.125095886,4.093632750333334,2.690805835666667,41.150433553333336,71.91420479,5.1823484073333335
4,2014-03-29,0.23355005266666665,0.423795886,7.187382750333334,4.546222502333333,40.40460022,59.58087145666667,8.353181739666667
4,2014-03-30,0.23064588600000002,0.625695886,5.9352994169999995,3.6241391689999998,34.233766886666665,52.872538123333335,7.178181739833334
4,2014-03-31,0.8427750526666666,0.931395886,11.314049418875001,7.340389169125,34.617100220000005,63.747538123333335,13.336515071166668
4,2014-04-01,0.2668375526666667,0.568695886,5.994049417,4.119555835666667,23.10876688666667,47.03920479000001,7.9365150735
4,2014-04-02,0.09070838599999999,0.287195886,4.194466083666667,2.6166391690000004,29.842100220000003,43.747538123333335,5.324015074
4,2014-04-03,0.5879250526666667,0.698995886,9.643216084916666,6.442055835666667,29.946266886666667,78.99753812333334,11.386515071166668
4,2014-04-04,0.5829250526666666,0.798195886,8.869882751208333,5.505389169,22.621266886666664,64.66420479,10.153181737833334
4,2014-04-05,0.13376255266666667,0.268595886,5.917382750333334,3.5512225023333333,25.583766887166664,68.83087145666667,6.578181740333334
4,2014-04-06,0.5747167193333333,0.902795886,10.435716085041667,7.094972502333333,25.51710022,57.83087145666667,12.749015070666667
4,2014-04-07,0.30091255266666667,0.378995886,7.119882750333333,4.7616391689999995,21.687933553333334,49.372538123333335,8.919848405833333
4,2014-04-08,0.05176255425,0.218595886,3.775299417,2.471222502333333,27.383766886666667,48.83087145666667,5.282348407333333
4,2014-04-09,0.03917505466666667,0.216595886,3.5157160836666663,2.2262225023333335,31.01710022,56.20587145666667,4.657348407333333
4,2014-04-10,0.230645886,0.376695886,6.495299416999999,4.049555835666667,32.646266886666666,58.03920479000001,7.4531817401666665
4,2014-04-11,0.17537505266666667,0.410695886,5.819882750333334,3.485389169,42.21710022,67.91420479,6.732348407333333
4,2014-04-12,0.267458386,0.444095886,7.327382750583333,4.7062225023333335,45.99626688666667,81.58087145666667,8.744848406000001
4,2014-04-13,0.7113833860000001,0.858595886,11.197382752208334,7.280805835750001,36.017100219999996,89.74753812333334,12.849015070333332
4,2014-04-14,0.28252088599999997,0.554395886,15.149882753208333,10.062055836291666,29.35460022,86.16420479,18.49901507
4,2014-04-15,0.38562088599999994,0.540695886,11.239049419125001,7.447055835791667,24.721266886666665,89.45587145666667,13.4281817375
4,2014-04-16,0.47004171933333333,0.685995886,8.775299417000001,5.545389169,25.779600220000003,78.16420479,9.519848406333333
4,2014-04-17,0.40743338599999995,0.660495886,6.485299417499999,3.8666391690000004,27.550433553333335,74.28920479,6.749015074
4,2014-04-18,0.27105421933333335,0.550695886,7.604882750333334,4.5587225023333335,29.037933553333332,84.41420479,8.003181739666667
4,2014-04-19,0.2240750526666667,0.431095886,6.209049417,3.2258058356666663,32.70043355333333,67.62253812333334,5.007348407333334
4,2014-04-20,0.07095421933333333,0.172095886,2.974049417,2.104139169,34.34626688666667,62.45587145666667,3.1406817406666665
4,2014-04-21,0.043862552666666665,0.121395886,3.129466083666667,2.3537225023333335,41.958766886666666,56.997538123333335,4.2031817406666665
4,2014-04-22,0.060020885999999996,0.204695886,4.2011327503333336,2.7083058356666663,45.03793355333334,53.747538123333335,4.9115150739999995
4,2014-04-23,0.140833386,0.297595886,4.987799417000001,2.751639169,47.837933553333336,53.08087145666667,5.144848407333334
4,2014-04-24,0.13702505266666667,0.264395886,5.64779941725,3.527055835666667,51.57543355333333,52.247538123333335,6.2281817403333335
4,2014-04-25,0.12261671933333333,0.238395886,5.386132750333334,3.647472502333333,44.10460022,64.28920479,7.136515073666668
4,2014-04-26,0.24057921933333334,0.419595886,6.297382750583334,3.6945558356666663,48.62126688666667,62.08087145666667,6.744848407
4,2014-04-27,0.26824171933333335,0.624895886,5.122799417,3.2753891690000003,42.108766886666665,74.28920479,6.799015073166667
4,2014-04-28,0.23633755266666667,0.415795886,6.270299417,4.298722502333333,39.59626688666667,54.372538123333335,7.919848406166667
4,2014-04-29,0.170970886,0.481895886,5.659049416999999,3.308305835666667,42.85876688666667,54.372538123333335,6.207348407333334
4,2014-04-30,0.6885500526666667,0.867795886,9.954466084791667,6.081639169,57.04210022,48.497538123333335,10.557348404666667
4,2014-05-01,0.5376875526666667,0.782395886,9.356549419,5.8416391690000005,65.28793355333333,60.872538123333335,10.819848404666667
4,2014-05-02,0.146658386,0.258395886,7.320299417375,4.650805835666667,65.56710022,77.83087145666667,10.265681738333333
4,2014-05-03,0.085958386,0.197795886,5.123216083791667,3.376639169,58.74210022,85.99753812333334,8.024015073166668
4,2014-05-04,0.2876875526666667,0.354995886,7.561966084041667,4.708722502333333,59.31293355333333,68.28920479,9.419848405666666
4,2014-05-05,0.15410421933333332,0.233395886,5.864049417,3.3983058356666667,60.675433553333335,59.20587145666667,6.1198484073333335
4,2014-05-06,0.14795421933333333,0.205695886,5.282382750333333,3.332889169,56.15043355333333,68.12253812333334,6.686515074
4,2014-05-07,0.17133755266666664,0.351795886,6.3519660836666665,3.7574725023333335,59.25876688666667,59.66420479000001,6.6990150735
4,2014-05-08,0.2509167193333333,0.444695886,6.814882750333333,3.8353891690000004,66.04626688666667,52.872538123333335,6.894848407333334
4,2014-05-09,0.4080917193333333,0.739795886,8.769049417625,5.373722502333333,59.45043355333333,79.70587145666667,10.149015072333333
4,2014-05-10,0.30377921933333335,0.561395886,6.7740494170000005,4.592055835666667,56.51293355333333,67.58087145666667,8.744848406666668
4,2014-05-11,0.38834171933333334,0.468695886,7.6836327503333335,4.993722502333333,39.74210022,78.91420479,9.186515073499999
4,2014-05-12,0.200058386,0.368195886,5.774466083666667,3.9908058356666665,49.38793355333333,63.70587145666667,7.732348407333333
4,2014-05-13,0.028841719333333335,0.064995886,3.0332160836666664,1.9112225023333334,54.987933553333335,73.45587145666667,4.2656817406666665
4,2014-05-14,0.022795886,0.054795886,3.460299417,2.285389169,61.56293355333333,86.33087145666667,4.636515074
4,2014-05-15,0.12191671933333333,0.183995886,5.937382750333334,3.7683058356666663,61.86710022,68.58087145666667,7.182348406833333
4,2014-05-16,0.043537552666666667,0.182095886,3.334466083666667,2.141639169,62.612933553333335,63.122538123333335,3.9240150739999997
4,2014-05-17,0.29560005266666667,0.418995886,7.397799417000001,4.881222502333333,59.57960022,61.33087145666667,8.724015072333334
4,2014-05-18,0.33052921933333335,0.563995886,7.2636327503333336,4.672055835666667,60.275433553333336,52.70587145666667,8.644848406166666
4,2014-05-19,0.044658386,0.095495886,3.562382750458333,2.464972502333333,62.337933553333336,78.03920479,5.328181740333333
4,2014-05-20,0.128045886,0.183095886,5.626549417,3.810389169,52.25043355333333,72.33087145666667,7.353181740166666
4,2014-05-21,0.10256671933333333,0.155395886,6.335716083666667,3.9937225023333336,51.521266886666666,81.24753812333334,7.290681740166666
4,2014-05-22,0.0075167225,0.064995886,2.780299417,2.049139169,56.66710022,84.91420479,4.019848407333334
4,2014-05-23,0.018445889,0.135295886,3.2848827503333333,2.221222502333333,64.85876688666667,79.41420479,4.115681740666667
4,2014-05-24,0.22685421933333336,0.352095886,6.349049417,3.7249725023333333,70.54210022,68.41420479,6.540681740666667
4,2014-05-25,0.23806671933333334,0.393295886,7.314882750333333,4.3866391689999995,73.31710022,68.83087145666667,8.086515073166668
4,2014-05-26,0.10424171933333333,0.209095886,4.372799417,2.452889169,74.52543355333334,69.37253812333334,4.669848407333333
4,2014-05-27,0.10822921933333333,0.238395886,4.2357160836666665,2.4045558356666668,76.59210022,63.70587145666667,4.553181740666667
4,2014-05-28,0.095245886,0.223395886,6.139049417125,3.5420558356666665,75.36293355333333,68.66420479,6.4906817405
4,2014-05-29,0.17735005266666667,0.293895886,5.739049417,3.5899725023333335,75.52543355333333,61.28920479000001,6.6698484071666675
4,2014-05-30,0.11557088658333332,0.286295886,5.2982160836666665,3.189139169,69.71293355333333,85.20587145666667,6.190681740666666
4,2014-05-31,0.14920421933333333,0.221995886,5.949882750333334,3.734555835666667,72.63793355333333,73.24753812333334,7.032348406833333
4,2014-06-01,0.10941671933333334,0.155995886,6.1923827503333335,4.219972502333333,66.19210022,75.62253812333334,7.978181740499999
4,2014-06-02,0.12971671933333334,0.179195886,5.559466083666667,3.9245558356666663,61.05876688666667,76.62253812333334,8.219848406833334
4,2014-06-03,0.5896500526666667,0.799395886,9.202382751333333,6.132472502333333,61.525433553333336,69.53920479,11.253181738166667
4,2014-06-04,0.4208750526666667,0.558895886,7.831549417624999,4.888305835666666,64.27543355333334,57.997538123333335,9.303181739166666
4,2014-06-05,0.04502505266666667,0.162795886,4.849882750333333,3.3391391689999996,60.00876688666667,67.49753812333334,6.628181740666666
4,2014-06-06,0.08356671933333333,0.202395886,4.867799417,3.363305835666667,60.81710022000001,68.62253812333334,6.6240150735
4,2014-06-07,0.05749171933333333,0.144195886,4.096966083666667,2.6237225023333335,67.70460022,66.28920479,5.278181740666667
4,2014-06-08,0.117158386,0.173795886,5.521549416999999,3.567472502333333,65.32960022,63.372538123333335,6.774015074
4,2014-06-09,0.084758386,0.218295886,4.699882750333334,3.345805835666667,66.12543355333334,78.49753812333334,6.857348407166666
4,2014-06-10,0.4547292193333334,0.701895886,8.909466084166667,6.018305835666666,62.39210022,82.53920479,11.024015071166666
4,2014-06-11,0.38911671933333336,0.554695886,7.496549417,4.949972502333334,64.70460022,74.16420479,9.190681738666667
4,2014-06-12,0.12642505266666668,0.332995886,4.006132750333333,2.6999725023333334,69.31293355333334,83.78920479,5.228181740666667
4,2014-06-13,0.35483755266666667,0.577195886,6.897382750458333,4.3833058356666665,68.30460022,62.45587145666667,8.028181738999999
4,2014-06-14,0.093683386,0.388095886,3.9223827503333335,2.4570558356666665,67.15460022,64.91420479,4.582348407333334
4,2014-06-15,0.41097088600000004,0.636695886,8.3965494175,5.056639169,69.70876688666667,74.66420479,9.403181738833334
4,2014-06-16,0.17780421933333335,0.286495886,7.663216083791667,4.812889169,78.06293355333334,78.24753812333334,8.907348407
4,2014-06-17,0.40671671933333337,0.649095886,8.582799417375,5.423305835666667,81.65876688666667,67.37253812333334,9.986515072166666
4,2014-06-18,0.23211671933333333,0.436995886,7.191549417125,4.523722502333333,74.08793355333333,81.66420479,8.874015073
4,2014-06-19,0.138845886,0.308895886,5.843632750333334,3.9291391690000004,65.24626688666667,78.70587145666667,7.190681740666666
4,2014-06-20,0.062208386,0.136595886,4.787799417,3.284555835666667,66.71710022,80.03920479,6.149015074
4,2014-06-21,0.14600421933333332,0.255895886,6.241966083666667,3.8041391690000004,64.44626688666666,76.37253812333334,6.799015074
4,2014-06-22,0.13763755266666666,0.179395886,6.387382750333334,3.8878891689999997,63.42960022,69.99753812333334,6.849015074
4,2014-06-23,0.04152921933333333,0.116295886,3.6207160836666668,2.3324725023333333,67.10876688666667,69.70587145666667,4.644848407333334
4,2014-06-24,0.09440421933333333,0.209295886,4.6419660836666665,2.992889169,69.12960022,72.99753812333334,5.644848407333334
4,2014-06-25,0.299508386,0.466195886,6.812799417,4.432889169,66.13376688666666,69.78920479,8.1781817395
4,2014-06-26,0.303145886,0.443695886,7.534882750333334,4.841639169,66.22126688666667,84.74753812333334,9.107348405666666
4,2014-06-27,0.019475052666666666,0.094795886,4.313216083666666,2.891639169,69.48793355333333,80.66420479,5.624015074
4,2014-06-28,0.04436671933333333,0.194295886,3.9736327503333335,2.4374725023333332,72.92960022,77.37253812333334,4.778181740666667
4,2014-06-29,0.3694167193333333,0.536995886,8.644466084416667,5.528722502333333,80.24210022,77.49753812333334,9.665681738
4,2014-06-30,0.45416255266666666,0.635595886,8.577382750833333,5.552472502333333,81.75876688666666,75.53920479,10.136515071666667
4,2014-07-01,0.38942505266666666,0.666995886,8.907382751333333,5.805805835666667,76.42543355333333,78.87253812333334,11.203181738333333
4,2014-07-02,0.12212921933333333,0.297295886,4.6836327503333335,2.8533058356666667,71.24626688666667,72.53920479,5.4323484073333335
4,2014-07-03,0.047258386000000006,0.107295886,4.938632750333333,2.9166391689999998,74.14626688666667,68.74753812333334,5.399015074
4,2014-07-04,0.113945886,0.197795886,5.005299417,3.1670558356666665,78.50876688666666,83.70587145666667,6.315681740333333
4,2014-07-05,0.20351255266666668,0.346395886,6.220716083666666,3.7424725023333334,76.80043355333333,74.37253812333334,7.036515073666667
4,2014-07-06,0.10059588600000001,0.189995886,5.106549417,3.1524725023333335,67.04210022,57.20587145666667,6.036515074
4,2014-07-07,0.18861255266666666,0.278895886,5.171132750333333,3.1974725023333335,66.59210022,60.20587145666667,5.782348407333334
4,2014-07-08,0.2531500526666667,0.388895886,6.733632750333334,4.038305835666667,70.73376688666667,60.66420479000001,7.328181740666667
4,2014-07-09,0.22311671933333332,0.298595886,6.150716083666667,3.7362225023333333,75.71710022,67.74753812333334,6.849015074
4,2014-07-10,0.06976255366666667,0.206395886,4.313216083666666,2.5870558356666664,75.66293355333333,56.28920479000001,5.215681740666667
4,2014-07-11,0.08456255266666667,0.272895886,4.857799417,3.0112225023333337,73.65876688666667,54.372538123333335,5.757348407333333
4,2014-07-12,0.366333386,0.632695886,8.009466083666666,5.245805835666666,75.54210022,65.99753812333334,9.486515072166666
4,2014-07-13,0.14685005266666668,0.450095886,4.896966083666666,3.202889169,77.67960022,76.91420479,7.069848406999999
4,2014-07-14,0.009725054666666667,0.037995886,2.6594660836666666,1.8074725023333336,75.55460022,84.58087145666667,3.932348407333333
4,2014-07-15,0.011091721333333334,0.037095886,3.0748827503333334,2.106639169,76.41293355333333,83.66420479,4.186515074
4,2014-07-16,0.13988755266666666,0.239595886,5.504049417,3.437055835666667,75.10043355333333,65.74753812333334,6.336515074
4,2014-07-17,0.083120886,0.189695886,4.087382750333333,2.6791391690000004,69.60460022,61.95587145666667,5.207348407333334
4,2014-07-18,0.04702505366666667,0.110995886,3.4444660836666667,2.268722502333333,68.45043355333333,72.45587145666667,4.7031817406666665
4,2014-07-19,0.17395838600000002,0.254895886,7.311132750833333,4.748305835666667,69.22543355333333,70.08087145666667,9.0823484055
4,2014-07-20,0.17999171933333333,0.289795886,6.33279941725,4.198305835666667,69.43793355333334,87.58087145666667,8.1990150725
4,2014-07-21,0.35660421933333336,0.491695886,8.916132750458333,6.102889169,68.70043355333333,83.28920479,11.182348404166667
4,2014-07-22,0.26590005266666666,0.379995886,8.3002994175,5.512055835666666,68.41293355333333,82.87253812333334,10.074015071
4,2014-07-23,0.08949171933333333,0.190195886,4.545299417,3.139972502333333,70.19210022,76.95587145666667,5.6823484073333335
4,2014-07-24,0.078020886,0.150995886,5.401966083666667,3.4437225023333333,71.69210022,71.28920479,6.274015074
4,2014-07-25,0.113520886,0.157795886,5.323632750333333,3.1803891689999997,71.38793355333333,67.87253812333334,6.1990150735
4,2014-07-26,0.229220886,0.284695886,7.307799417000001,4.8120558356666665,65.92126688666667,72.74753812333334,8.794848405666666
4,2014-07-27,0.24962505266666668,0.332195886,6.635299417,4.224555835666667,63.84210022,68.45587145666667,7.724015072666667
4,2014-07-28,0.00941255425,0.074695886,3.914882750333333,2.3945558356666665,65.67543355333333,66.03920479,4.528181740666667
4,2014-07-29,0.0036125556666666667,0.026495886,2.6886327503333334,1.6858058356666668,67.62960022,72.87253812333334,3.3781817406666668
4,2014-07-30,0.052479219333333334,0.112595886,2.462799417,1.7933058356666667,68.30460022,74.53920479,3.536515074
4,2014-07-31,0.01387088775,0.059595886,1.4836327503333333,1.2558058356666666,70.01293355333333,75.33087145666667,2.8031817406666666
4,2014-08-01,0.09219171933333332,0.118495886,4.723216083666666,2.9187225023333334,70.47960022,72.66420479,5.682348407166667
4,2014-08-02,0.022129219333333335,0.051095886,4.2077994169999995,2.7987225023333333,67.82543355333333,79.95587145666667,5.832348407333334
4,2014-08-03,0.04373755266666667,0.194495886,4.119882750333333,2.8495558356666666,68.50460022,78.99753812333334,5.290681740666667
4,2014-08-04,0.286183386,0.353495886,7.970716083791667,4.927889169,77.21710022,67.37253812333334,8.969848406166667
4,2014-08-05,0.3002375526666667,0.330195886,8.329882750833333,5.221222502333333,76.67126688666666,72.28920479,9.790681739
4,2014-08-06,0.06934588600000001,0.199095886,5.163216083666667,3.1737225023333333,71.72126688666667,85.83087145666667,6.9198484071666675
4,2014-08-07,0.054095888,0.168195886,3.723216083666667,2.2787225023333333,68.03793355333333,83.33087145666667,4.290681740666667
4,2014-08-08,0.06024172075,0.211795886,3.964049417,2.5395558356666665,70.01710022,77.49753812333334,4.969848407333333
4,2014-08-09,0.09896255366666666,0.286295886,4.616549417,2.8374725023333336,73.56710022,83.16420479,5.899015074
4,2014-08-10,0.013062553666666666,0.037695886,2.9498827503333334,1.9558058356666665,71.02960022,73.87253812333334,3.590681740666667
4,2014-08-11,0.00451255325,0.013395886,3.275299417,2.1458058356666667,73.95460022,72.33087145666667,4.086515074
4,2014-08-12,0.010137556166666667,0.074195886,1.7369660836666665,1.5778891689999999,73.60876688666667,77.74753812333334,2.9573484073333334
4,2014-08-13,0.06052505266666667,0.141695886,3.499882750333333,2.024139169,74.42126688666666,75.53920479,3.8448484073333336
4,2014-08-14,0.08000421933333333,0.135695886,4.407382750333333,2.5612225023333335,75.40876688666667,71.37253812333334,4.719848407333333
4,2014-08-15,0.03689171933333333,0.081395886,3.6619660836666665,2.280805835666667,74.28793355333333,75.41420479,4.2865150739999995
4,2014-08-16,0.025520886000000003,0.047995886,3.104882750333333,2.0083058356666665,71.59626688666667,89.87253812333334,4.178181740666667
4,2014-08-17,0.039570886,0.101095886,3.854466083666667,2.2845558356666666,71.87543355333334,86.49753812333334,4.499015074
4,2014-08-18,0.005920887,0.017395886,3.273632750333333,2.194139169,70.11293355333333,80.99753812333334,4.157348407333333
4,2014-08-19,0.027600052666666666,0.163295886,3.231549417,2.079139169,70.57543355333333,83.16420479,4.144848407333334
4,2014-08-20,0.28149588600000003,0.378595886,7.867382750708334,4.957889169,69.94626688666666,85.45587145666667,8.578181738833333
4,2014-08-21,0.24946255266666664,0.314195886,7.944466083791667,5.122055835666667,67.03793355333333,79.16420479,9.557348405833332
4,2014-08-22,0.235145886,0.350095886,6.586966083666667,3.843305835666667,64.33793355333334,62.41420479000001,6.894848407166666
4,2014-08-23,0.19670421933333335,0.296495886,6.255716083666666,3.584139169,66.12960022,64.20587145666667,6.390681740666667
4,2014-08-24,0.44163755266666666,0.660995886,9.648632751208334,6.211639169000001,65.47126688666667,76.03920479,11.044848404666666
4,2014-08-25,0.040070887,0.228895886,4.014049417,2.8516391690000003,70.53793355333333,85.66420479,6.60318174
4,2014-08-26,0.019320886,0.022295886,5.284466083791667,3.5928891689999998,73.51710022,88.08087145666667,6.807348406833333
4,2014-08-27,0.3307042193333333,0.640595886,9.901549418125,6.219139169000001,77.46710022,79.53920479,13.069848403666667
4,2014-08-28,0.12824171933333334,0.393995886,6.916966084166667,4.427055835666667,74.11710022,86.16420479,9.999015071666667
4,2014-08-29,0.08337088599999999,0.154495886,5.426549417,3.752055835666667,64.25460022,76.24753812333334,7.3823484065
4,2014-08-30,0.07235005266666666,0.228195886,4.948216083666667,3.1699725023333336,62.76293355333333,78.20587145666667,5.765681740666667
4,2014-08-31,0.2805125526666667,0.380195886,8.294882750583334,5.289972502333334,68.82126688666666,76.74753812333334,9.494848405666668
4,2014-09-01,0.1863000526666667,0.364095886,5.502799416999999,3.343305835666667,71.42543355333333,87.78920479,6.599015074
4,2014-09-02,0.16821255266666668,0.400695886,5.559049417,3.4895558356666663,71.45043355333333,89.95587145666667,7.515681739833333
4,2014-09-03,0.054116719333333334,0.108995886,5.305716083666667,3.3941391690000002,70.42543355333333,93.12253812333334,6.078181740666667
4,2014-09-04,0.19883755266666667,0.496195886,7.839882750458333,4.870389169,76.86710022,80.66420479,9.086515072666666
4,2014-09-05,0.31735005266666666,0.880995886,8.191549417875,5.164139169,71.11293355333333,84.99753812333334,9.853181738833333
4,2014-09-06,0.12788755266666665,0.170595886,5.852382750333334,3.767055835666667,62.59626688666666,68.45587145666667,6.9323484073333335
4,2014-09-07,0.17272088600000002,0.274995886,6.863632750333333,4.094555835666667,60.108766886666665,67.53920479,7.149015074
4,2014-09-08,0.32679588600000004,0.430495886,8.238632750333332,5.322055835666666,60.47126688666666,71.20587145666667,9.607348405666666
4,2014-09-09,0.17032088599999998,0.252695886,6.281966083666667,3.7620558356666667,57.171266886666665,73.28920479,6.832348407333334
4,2014-09-10,0.027554219916666668,0.148395886,2.8469660836666666,2.141639169,57.208766886666666,79.24753812333334,3.8656817406666666
4,2014-09-11,0.16246255266666668,0.282595886,6.219049417,3.501222502333333,63.72126688666666,73.70587145666667,6.174015074
4,2014-09-12,0.14587505266666667,0.294495886,6.1715494170000005,3.515805835666667,67.08376688666667,75.24753812333334,6.319848407333333
4,2014-09-13,0.14881255266666668,0.232195886,5.900299416999999,3.4499725023333334,65.86293355333333,76.62253812333334,6.2448484073333335
4,2014-09-14,0.08001671933333333,0.216095886,4.4561327503333334,2.5645558356666665,69.52126688666667,80.41420479,4.753181740666666
4,2014-09-15,0.03894588658333333,0.099795886,4.509466083666667,2.6645558356666665,71.56710022,78.58087145666667,4.957348407333334
4,2014-09-16,0.045487552666666674,0.090995886,5.039882750333333,2.8824725023333335,71.29626688666667,81.41420479,5.411515074
4,2014-09-17,0.111920886,0.162495886,5.254049417,3.0303891689999998,75.17126688666667,73.99753812333334,5.499015074
4,2014-09-18,0.180670886,0.574095886,3.726966083666667,2.5183058356666668,65.04626688666667,87.33087145666667,5.224015074
4,2014-09-19,0.07665421933333333,0.142395886,5.427382750333333,3.565389169,62.23376688666667,89.20587145666667,6.886515073666668
4,2014-09-20,0.17327088599999999,0.348995886,7.969882751083333,5.094555835666667,70.13376688666666,83.45587145666667,9.174015073
4,2014-09-21,0.673120886,0.919895886,11.214882752583334,7.472889168999999,61.10460022,69.37253812333334,14.344848404166667
4,2014-09-22,0.07052921933333334,0.328595886,3.998216083666667,2.5687225023333333,52.45460022,71.33087145666667,4.782348407333333
4,2014-09-23,0.18275421933333333,0.353395886,5.366549417000001,3.115389169,56.896266886666666,77.08087145666667,5.857348407333333
4,2014-09-24,0.35185421933333333,0.576595886,6.791549417,4.207472502333333,62.733766886666665,82.70587145666667,7.694848406999999
4,2014-09-25,0.097395886,0.256295886,7.009466083916667,4.458722502333333,63.92960022,84.87253812333334,8.328181739666666
4,2014-09-26,0.18008755266666665,0.269495886,7.084882750333333,4.373305835666667,52.56293355333333,66.16420479,8.111515072833333
4,2014-09-27,0.42629588599999996,0.779095886,8.144049417749999,4.872889169,55.12543355333333,66.37253812333334,9.169848405666666
4,2014-09-28,0.22816671933333332,0.265695886,6.799882750333333,4.293305835666667,49.862933553333335,69.20587145666667,7.703181739833333
4,2014-09-29,0.03290838658333333,0.129395886,3.021966083666667,1.7899725023333335,44.087933553333336,68.08087145666667,3.6448484073333334
4,2014-09-30,0.11018755266666667,0.147695886,5.538632750333334,3.6462225023333334,49.43376688666667,87.08087145666667,6.482348407333333
4,2014-10-01,0.35533338600000003,0.755695886,7.427382750333333,4.749972502333334,51.09626688666666,91.66420479,9.636515072333333
4,2014-10-02,0.11960422033333333,0.383495886,4.067799417,2.7133058356666666,53.49210022,85.41420479,5.1198484073333335
4,2014-10-03,0.704620886,0.956395886,11.498632752583333,7.367889169000001,68.38376688666666,83.62253812333334,14.261515070333333
4,2014-10-04,0.391645886,0.922395886,7.613216084416667,5.233305835666667,47.99210022,62.66420479000001,10.086515072
4,2014-10-05,0.118945886,0.290195886,6.171549417125,3.9337225023333335,51.612933553333335,86.49753812333334,7.607348406333333
4,2014-10-06,0.084833386,0.157595886,4.341549417,2.892055835666667,53.65876688666666,82.12253812333334,6.824015073833333
4,2014-10-07,0.24614171933333331,0.296395886,7.126966083666667,4.722055835666667,50.550433553333335,83.62253812333334,8.432348406333334
4,2014-10-08,0.29535838600000003,0.357895886,8.238216083916667,4.888305835666666,65.75876688666666,86.99753812333334,9.940681738666667
4,2014-10-09,0.3447250526666667,0.473795886,8.673216084416667,5.384555835666667,70.45043355333333,82.78920479,10.0490150715
4,2014-10-10,0.48256255266666664,0.627895886,10.161549418875,6.4874725023333335,63.88376688666667,84.74753812333334,11.899015071333332
4,2014-10-11,0.7612167193333333,0.935595886,11.231132752583333,7.9874725023333335,41.19626688666667,57.872538123333335,14.490681736833332
4,2014-10-12,0.08834171933333333,0.305095886,5.248632750333333,3.5441391689999997,36.45043355333333,62.66420479000001,6.824015073999999
4,2014-10-13,0.21462505266666665,0.331895886,7.0761327503333336,4.4162225023333335,39.712933553333336,72.37253812333334,7.836515072666667
4,2014-10-14,0.163295886,0.310395886,5.4823827503333336,3.783722502333333,42.587933553333336,83.95587145666667,6.969848407333333
4,2014-10-15,0.3813542193333333,0.698695886,8.254049417,5.352472502333334,35.642100219999996,64.91420479,9.774015072500001
4,2014-10-16,0.4447500526666666,0.631595886,9.415716084791667,5.827472502333333,43.90876688666666,56.747538123333335,10.386515072
4,2014-10-17,0.39570421933333333,0.527895886,8.194466084166667,5.272889169,39.804600220000005,53.78920479000001,9.774015071833334
4,2014-10-18,0.31845005266666665,0.573195886,6.931132751083333,4.435389169,42.68793355333333,61.95587145666667,7.603181739
4,2014-10-19,0.5188792193333334,0.628295886,11.060299419624998,6.765389169041666,50.53376688666666,67.95587145666667,12.157348403833334
4,2014-10-20,0.658920886,0.939195886,10.904049418625,6.953305835875,38.362933553333335,53.91420479000001,13.274015071666668
4,2014-10-21,0.2769875526666667,0.420195886,6.880299417,4.027055835666666,36.15876688666667,56.997538123333335,7.219848406166666
4,2014-10-22,0.231620886,0.450495886,6.506132750458334,3.6433058356666668,44.41710022,61.20587145666667,6.403181740666667
4,2014-10-23,0.15999171933333334,0.413095886,6.289882750333334,3.9037225023333337,41.57960022,67.37253812333334,7.186515074
4,2014-10-24,0.025620886,0.102195886,4.419466083666666,2.578305835666667,40.90876688666667,79.03920479,4.586515074
4,2014-10-25,0.059658387,0.167095886,4.6765494169999995,2.6333058356666665,42.22543355333333,74.62253812333334,4.790681740666667
4,2014-10-26,0.016379220166666666,0.038495886,3.416549417,2.1412225023333336,43.59626688666666,80.33087145666667,3.7948484073333333
4,2014-10-27,0.027416720916666665,0.193195886,2.8736327503333334,1.6812225023333334,43.12960022000001,86.37253812333334,3.0656817406666668
4,2014-10-28,0.3645792193333333,0.618295886,8.974049417625,5.581639169,44.40876688666666,84.70587145666667,10.049015072333333
4,2014-10-29,0.11448755266666666,0.332695886,4.971132750333333,2.9862225023333333,43.45043355333333,76.49753812333334,5.644848407333334
4,2014-10-30,0.27610421933333334,0.620895886,6.854882750708334,4.278305835666667,47.550433553333335,85.66420479,8.040681739666667
4,2014-10-31,0.16407921933333333,0.220495886,6.490299417,3.8133058356666667,46.021266886666666,68.45587145666667,7.019848406833333
4,2014-11-01,0.036945886,0.073595886,4.5465494170000005,2.7487225023333335,41.40876688666666,73.58087145666667,4.832348407333334
4,2014-11-02,0.04137505266666667,0.074595886,3.7623827503333334,2.4028891690000003,36.69210022,76.62253812333334,4.257348407333334
4,2014-11-03,0.11362505266666667,0.528495886,4.339466083666667,2.871639169,39.25460022,71.99753812333334,5.265681740666667
4,2014-11-04,0.8817333860000001,0.947095886,12.219049419500001,7.952472502375,43.86710022,92.49753812333334,14.303181737000001
4,2014-11-05,0.35185005266666664,0.748295886,7.548632750458334,4.972889169,42.775433553333336,79.66420479,8.915681739833333
4,2014-11-06,0.3701042193333333,0.860695886,8.024049417999999,5.379139168999999,41.20460022,84.87253812333334,9.469848405333334
4,2014-11-07,0.5091167193333334,0.694895886,8.943632750833332,6.222889168999999,33.296266886666665,59.58087145666667,11.232348404333335
4,2014-11-08,0.04599172133333334,0.256395886,2.900716083666667,2.132055835666667,30.85876688666667,62.66420479000001,4.5156817406666665
4,2014-11-09,0.3855208868333333,0.680295886,7.336966084166666,5.127472502333333,25.67126688666667,66.20587145666667,9.186515071666667
4,2014-11-10,0.3204167193333333,0.860295886,7.418632751083333,5.039972502333334,22.64210022,55.70587145666667,9.474015072666667
4,2014-11-11,0.16597921933333334,0.199795886,6.259466083666666,4.088305835666667,29.904600220000003,60.58087145666667,7.332348407333334
4,2014-11-12,0.25800838600000003,0.316095886,6.536966083666667,4.390805835666667,23.31710022,63.95587145666667,7.8740150735
4,2014-11-13,0.231020886,0.375495886,6.278632750333333,4.248722502333334,18.06710022,47.997538123333335,7.919848406833334
4,2014-11-14,0.11876672049999999,0.329595886,4.111132750333334,2.428722502333333,22.32543355333333,53.872538123333335,4.799015074000001
4,2014-11-15,0.28962505266666666,0.368795886,6.259882750333333,3.560389169,29.41710022,63.747538123333335,6.590681740666667
4,2014-11-16,0.374120886,0.624295886,7.820299417249999,4.888305835666666,31.975433553333332,77.58087145666667,8.824015072166667
4,2014-11-17,0.046458386,0.106395886,4.118632750333333,2.8183058356666666,27.633766886666667,67.62253812333334,5.174015074000001
4,2014-11-18,0.12897505266666667,0.191495886,5.3573827503333336,3.2958058356666666,23.662933553333332,49.53920479000001,6.019848407333334
4,2014-11-19,0.119808386,0.184695886,4.759466083666667,3.123722502333333,26.237933553333335,54.66420479000001,5.736515074
4,2014-11-20,0.26747921933333335,0.613395886,6.632799417,4.3937225023333335,25.221266886666665,64.53920479,8.144848405666666
4,2014-11-21,0.186920886,0.457295886,5.282382750333333,3.8508058356666663,25.22960022,53.497538123333335,7.124015074
4,2014-11-22,0.3761875526666667,0.553995886,8.357799417625,5.609555835666666,29.45460022,75.58087145666667,9.799015071333335
4,2014-11-23,0.5836875526666666,0.717595886,11.077382753333334,6.747472502333333,39.579600219999996,81.91420479,11.68651507
4,2014-11-24,0.317158386,0.452095886,7.918632750333334,4.929972502333333,39.046266886666665,91.58087145666667,8.890681739333333
4,2014-11-25,0.452995886,0.814495886,7.9673827509583335,5.4803891689999995,30.687933553333334,68.41420479,9.811515072333334
4,2014-11-26,0.5415792193333333,0.745395886,8.864466084416668,6.217889169,24.150433553333333,57.91420479000001,11.444848404333333
4,2014-11-27,0.31035005266666665,0.389795886,6.500716083666667,4.612889169,19.521266886666666,57.997538123333335,8.549015073166666
4,2014-11-28,0.06472505266666667,0.180695886,3.916132750333333,2.7278891689999996,21.63793355333333,62.53920479000001,5.319848407333333
4,2014-11-29,0.018916720333333335,0.046395886,3.3798827503333335,2.6462225023333334,28.333766886666666,74.83087145666667,5.053181740666667
4,2014-11-30,0.02073755325,0.045095886,2.880299417,1.6924725023333334,28.30460022,83.53920479,3.099015074
4,2014-12-01,0.6291625526666667,0.974695886,11.305716085791666,7.160805835666667,33.06293355333333,92.83087145666667,12.399015071166666
4,2014-12-02,0.547183386,0.762995886,10.599466086166666,6.728305835666667,31.896266886666666,92.91420479,11.599015070333332
4,2014-12-03,0.18976255266666667,0.317995886,7.3552994172499995,4.563722502333333,26.29210022,82.70587145666667,8.078181739
4,2014-12-04,0.03235421933333333,0.071695886,4.129466083666666,2.4237225023333333,22.758766886666667,83.45587145666667,4.090681740666667
4,2014-12-05,0.20975421933333335,0.536795886,6.6732160836666665,3.6816391690000003,22.867100219999998,83.33087145666667,6.490681740666666
4,2014-12-06,0.431183386,0.715495886,7.116549417000001,4.037055835666666,16.979600220333335,77.99753812333334,7.061515074
4,2014-12-07,0.10573755266666666,0.141495886,5.124882750333334,2.735805835666667,9.6254335555,75.41420479,4.7240150739999995
4,2014-12-08,0.06401255266666667,0.118395886,3.8707160836666663,2.4412225023333334,16.683766886666668,80.03920479,3.7948484073333333
4,2014-12-09,0.06445421933333333,0.146495886,4.096966083666667,2.7595558356666667,13.358766888,87.74753812333334,4.215681740666667
4,2014-12-10,0.26647921933333335,0.316595886,7.370716083666667,3.7258058356666663,19.975433553333335,80.49753812333334,6.344848407333334
4,2014-12-11,0.18945005266666667,0.407395886,5.181549417,2.6662225023333335,20.02960022,82.78920479,4.603181740666667
4,2014-12-12,0.28352921933333336,0.757495886,7.273632750958334,4.361222502333333,30.525433553333333,90.37253812333334,7.844848406333334
4,2014-12-13,0.03972505266666667,0.125295886,3.7032160836666663,2.149139169,28.850433553333332,84.49753812333334,3.682348407333333
4,2014-12-14,0.10116255266666667,0.208095886,4.778632750333333,2.500389169,26.721266886666665,82.99753812333334,4.124015074
4,2014-12-15,0.14907505366666665,0.346395886,3.7448827503333333,2.299139169,27.492100219999998,79.41420479,3.3156817406666668
4,2014-12-16,0.3711375526666667,0.559395886,7.859466084166667,4.184139169,32.767100219999996,72.87253812333334,6.907348407333333
4,2014-12-17,0.2927417193333333,0.641395886,5.948632750458334,3.6433058356666668,27.63793355333333,68.78920479,6.549015073666666
4,2014-12-18,0.401845886,0.544095886,8.409466084541666,4.932472502333334,31.300433553333335,62.58087145666667,8.169848405666666
4,2014-12-19,0.4564292193333333,0.535695886,9.061966083916667,5.057055835666667,36.96710022,78.08087145666667,8.574015074
4,2014-12-20,0.164495886,0.371295886,7.012382750333334,4.344555835666667,36.60043355333333,90.24753812333334,7.62818174
4,2014-12-21,0.38572088600000004,0.541495886,7.472382750458333,5.224972502333333,27.73376688666667,70.62253812333334,9.503181738333334
4,2014-12-22,0.04233755266666667,0.090095886,2.957799417,2.030805835666667,26.071266886666667,71.83087145666667,3.8781817406666668
4,2014-12-23,0.3390125526666667,0.645295886,6.924049417,4.522472502333334,28.54626688666667,68.33087145666667,8.053181739666668
4,2014-12-24,0.14469171933333333,0.450295886,4.492382750333333,3.064972502333333,22.76293355333333,62.45587145666667,5.628181740666666
4,2014-12-25,0.013308387999999999,0.041395886,2.282799417,1.3974725023333334,28.20043355333333,81.70587145666667,2.4781817406666664
4,2014-12-26,0.179958388,0.662295886,5.223632750458333,3.1795558356666667,31.900433553333333,86.49753812333334,5.207348407166667
4,2014-12-27,0.8127667193333333,0.972795886,12.44279942,7.737055835666666,39.60460022,90.66420479,13.549015070000001
4,2014-12-28,0.3702167193333333,0.535695886,8.204882750708334,5.432889169,34.083766886666666,88.53920479,9.869848405499999
4,2014-12-29,0.06600421933333334,0.237295886,4.599882750333333,3.325805835666667,21.162933553333332,61.28920479000001,6.407348407333334
4,2014-12-30,0.4381875526666667,0.544395886,8.335299417,5.2095558356666665,23.962933553333333,59.83087145666667,9.190681739166667
4,2014-12-31,0.23111671933333333,0.466795886,7.111966084291667,4.279555835666667,28.821266886666667,85.20587145666667,7.4031817395
4,2015-01-01,0.153758386,0.371995886,5.0619660836666664,3.2178891689999998,15.958766887000001,77.66420479,5.815681740666666
4,2015-01-02,0.20281671933333334,0.436495886,7.031132750333334,4.394139169,18.2546002205,80.74753812333334,7.228181740166666
4,2015-01-03,0.5007250526666667,0.810295886,8.959466084666667,4.505805835666666,25.750433553333334,74.24753812333334,7.603181740499999
4,2015-01-04,0.22367088599999999,0.515895886,6.606132750583334,3.187055835666667,31.175433553333335,77.83087145666667,5.340681740666667
4,2015-01-05,0.34828755266666667,0.541895886,8.115716083666667,3.861639169,34.300433553333335,79.66420479,6.515681740666667
4,2015-01-06,0.4634792193333333,0.865795886,7.994466084166667,4.825389169,29.89210022,81.78920479,8.211515072333333
4,2015-01-07,0.7318042193333333,0.969095886,11.510716085791666,7.113722502333332,38.81710022,92.74753812333334,12.953181737333333
4,2015-01-08,0.6282583860000001,0.927895886,10.392799418625,6.681222502458333,29.396266886666666,71.83087145666667,11.990681738500001
4,2015-01-09,0.617358386,0.850895886,9.77279941825,6.933305835666666,15.246266886666668,46.372538123333335,12.724015070833333
4,2015-01-10,0.051737553250000005,0.239895886,3.9436327503333337,2.597889169,16.721266886666665,58.747538123333335,5.174015074000001
4,2015-01-11,0.11307505266666668,0.259895886,5.320299417,3.2733058356666667,23.683766886666664,63.53920479000001,5.928181740666667
4,2015-01-12,0.2371250526666667,0.449395886,6.353216083666666,4.169555835666666,28.000433553333334,70.08087145666667,7.294848406500001
4,2015-01-13,0.09907921933333334,0.292495886,4.141132750333333,2.972889169,25.967100220000003,68.91420479,5.507348407333333
4,2015-01-14,0.17170838600000002,0.226995886,5.780716083666667,3.6312225023333333,25.85460022,75.95587145666667,6.407348407333333
4,2015-01-15,0.3967792193333333,0.651395886,7.3702994171250005,4.835389169,28.117100219999998,77.08087145666667,8.4740150725
4,2015-01-16,0.20800421933333335,0.568195886,5.929882750458333,3.970389169,22.404600220000003,56.997538123333335,7.6406817401666665
4,2015-01-17,0.07812921933333333,0.166195886,4.751966083666667,3.1653891690000004,26.12960022,70.83087145666667,5.724015074
4,2015-01-18,0.09682921933333333,0.332395886,5.564049417,4.026639169,18.458766886666666,52.78920479000001,7.490681740333334
4,2015-01-19,0.37676671933333333,0.582795886,8.471132750458333,5.307472502333334,9.967100221833332,71.41420479,9.636515071666667
4,2015-01-20,0.18441671933333334,0.308595886,6.659049416999999,3.949139169,0.44626689066666675,60.16420479000001,6.849015074
4,2015-01-21,0.1908250526666667,0.448495886,6.438632750708333,4.250805835666667,6.321266888499999,66.91420479,7.294848406500001
4,2015-01-22,0.241083386,0.654195886,6.012799417375,3.8445558356666667,17.95460022,75.99753812333334,7.032348406166666
4,2015-01-23,0.204408386,0.318195886,6.666132750333333,4.060389169,16.383766887,83.74753812333334,6.915681740666667
4,2015-01-24,0.41080005266666664,0.922895886,8.583632751583332,5.255389169,8.404600222166666,78.24753812333334,8.586515072166668
4,2015-01-25,0.22510838600000002,0.676795886,6.381132750708333,3.9799725023333337,-9.128733111166666,68.58087145666667,6.440681740166667
4,2015-01-26,0.06435421933333334,0.244095886,4.776549417,2.9962225023333335,-7.807899777833334,72.91420479,4.636515074
4,2015-01-27,0.18705005266666666,0.465995886,6.205716083666666,3.4008058356666666,-5.2828997766666665,70.83087145666667,5.594848407333334
4,2015-01-28,0.5056500526666666,0.709495886,11.025299419249999,7.127472502333333,9.325433555166667,80.49753812333334,11.761515070833333
4,2015-01-29,0.7630917193333334,0.905995886,10.889882752708333,7.0220558356666665,-5.21623311,64.41420479,11.544848404166666
4,2015-01-30,0.5314292193333333,0.895895886,9.837382751708333,6.059139169000001,-20.866233113333333,62.66420479000001,10.1115150715
4,2015-01-31,0.08695005466666667,0.261995886,5.013216083666667,2.7858058356666664,-18.616233112666666,65.37253812333334,4.707348407333334
4,2015-02-01,0.10568755466666667,0.501895886,5.468632750333334,3.1233058356666668,0.32126689049999996,76.74753812333334,4.857348407333333
4,2015-02-02,0.41792088600000005,0.816295886,9.349882751458333,5.120389169,30.3004335535,90.74753812333334,8.328181740166666
4,2015-02-03,0.4411917193333333,0.658095886,9.203632751208334,5.000805835666667,41.37126688666667,96.87253812333334,8.524015073666666
4,2015-02-04,0.459295886,0.534195886,9.480716084541667,5.923305835666667,36.612933553333335,86.66420479,10.390681738666666
4,2015-02-05,0.311920886,0.538795886,6.007382750333334,4.292055835666667,20.80043355333333,66.28920479,8.644848406833333
4,2015-02-06,0.026725055833333334,0.230895886,5.404882750333333,3.827889169,25.687933553333334,82.45587145666667,7.257348407333333
4,2015-02-07,0.04801672191666667,0.350295886,7.806132751083333,5.514555835666666,22.767100220499998,85.37253812333334,10.207348405666666
4,2015-02-08,0.5607792193333333,0.734095886,10.268216085541667,7.074972502333334,2.175433557333333,59.66420479000001,12.869848404166667
4,2015-02-09,0.044808387000000005,0.222995886,3.4986327503333334,2.357472502333333,5.229600222166666,45.45587145666667,5.1406817406666665
4,2015-02-10,0.15961255266666666,0.302595886,5.850299417,3.8545558356666665,22.179600219999998,73.66420479,6.815681740666666
4,2015-02-11,0.336433386,0.487395886,7.795299417374999,5.091639169,24.396266886666666,83.53920479,8.928181739166666
4,2015-02-12,0.40047088599999997,0.597395886,8.776549418250001,5.814555835666667,24.596266886666665,89.62253812333334,9.832348405333333
4,2015-02-13,0.46467921933333334,0.804395886,9.844466085166667,6.019139169,19.60460022,77.58087145666667,9.944848405166667
4,2015-02-14,0.3583042193333333,0.674995886,7.600716084291666,4.364972502333333,27.04626688666667,81.78920479,6.886515073166667
4,2015-02-15,0.48009171933333333,0.924695886,9.506132751458333,5.923722502333334,8.696266889166667,72.78920479,9.961515072166668
4,2015-02-16,0.07868338600000001,0.275595886,5.979882750333334,3.2128891690000003,8.6462668885,82.74753812333334,5.136515074
4,2015-02-17,0.5916250526666667,0.718295886,8.69779941725,5.712472502333334,20.21710022,84.91420479,9.499015072166666
4,2015-02-18,0.15413755366666668,0.510995886,5.604466083666666,3.7912225023333335,12.508766887666667,81.70587145666667,5.994848407
4,2015-02-19,0.0292000535,0.153295886,3.4707160836666664,2.446639169,6.992100222,82.16420479,3.307348407333333
4,2015-02-20,0.43982088599999997,0.773995886,10.261966085291666,6.474972502333333,25.97960022,88.37253812333334,10.469848405
4,2015-02-21,0.20525838600000001,0.378395886,6.655716084291666,4.617889169000001,19.954600220166665,76.41420479,7.240681739666667
4,2015-02-22,0.05755005366666666,0.262495886,3.3577994170000003,2.2058058356666668,16.079600221499998,83.58087145666667,3.290681740666667
4,2015-02-23,0.2869042193333333,0.501095886,8.241132751208333,5.047472502333333,30.437933553333334,89.33087145666667,9.078181738833333
4,2015-02-24,0.8474125526666666,0.988795886,14.977382752958334,9.928722503083334,23.458766887,80.03920479,16.632348403833333
4,2015-02-25,0.405033386,0.948895886,7.430299417874999,4.839555835666666,2.333766890666667,67.87253812333334,8.499015072333334
4,2015-02-26,0.10641255266666666,0.143995886,6.159466083666666,4.086639169000001,5.912933556666666,76.45587145666667,6.711515074
4,2015-02-27,0.14083755266666667,0.286395886,6.051549417,3.8408058356666666,12.079600220833333,78.49753812333334,6.394848407333334
4,2015-02-28,0.05124171933333333,0.180395886,5.059466083666667,2.765389169,7.175433555333334,74.53920479,4.532348407333333
4,2015-03-01,0.0033042215000000006,0.017095886,3.1923827503333335,2.183305835666667,14.596266887666667,79.91420479,3.4365150740000003
4,2015-03-02,0.07080005266666667,0.181795886,5.001132750333333,3.253305835666667,20.21710022,79.41420479,5.269848407333334
4,2015-03-03,0.29310421933333336,0.356495886,7.265716083666667,4.323722502333333,4.2671002235,68.83087145666667,7.044848407333333
4,2015-03-04,0.4102750526666667,0.489395886,8.562799417625,5.373722502333333,-3.3828997771666667,69.62253812333334,8.682348406000001
4,2015-03-05,0.553395886,0.771095886,8.544466084041668,5.353305835666667,6.212933556166667,69.20587145666667,8.869848406166666
4,2015-03-06,0.35754588600000003,0.477795886,7.377382750333333,4.043305835666667,9.679600221833333,73.95587145666667,6.640681740666667
4,2015-03-07,0.09700005366666666,0.291895886,3.7182160836666664,2.3387225023333333,7.567100222666666,79.74753812333334,3.649015074
4,2015-03-08,0.10487088658333334,0.325695886,3.426549417,2.450805835666667,17.137933554499998,85.16420479,3.4531817406666665
4,2015-03-09,0.7092667193333333,0.895095886,10.515716085416667,6.259139169041667,28.14210022,84.66420479,10.594848405166667
4,2015-03-10,0.509970886,0.773695886,11.246549419625,7.187472502333333,31.308766886666664,79.58087145666667,11.740681737166668
4,2015-03-11,0.29537921933333333,0.531595886,7.690299417375001,4.364972502333333,21.31710022,72.99753812333334,7.174015073500001
4,2015-03-12,0.27752921933333335,0.460095886,8.322382751208332,4.627055835666667,27.029600220333336,78.33087145666667,7.453181739833333
4,2015-03-13,0.5020375526666666,0.757595886,9.949049418375,5.398305835666666,42.900433553333336,90.78920479,9.578181738833333
4,2015-03-14,0.7567500526666667,0.883795886,10.782382752583333,6.7495558356666665,47.30876688666667,86.87253812333334,12.799015070166666
4,2015-03-15,0.745658386,0.841695886,10.423216085416668,6.887055835666668,33.708766886666666,70.12253812333334,12.336515070499999
4,2015-03-16,0.1749125526666667,0.503295886,5.5465494170000005,3.825805835666667,29.400433553333333,59.45587145666667,7.2656817401666665
4,2015-03-17,0.09940421933333334,0.144595886,5.1523827503333335,3.3970558356666665,30.612933553333335,58.58087145666667,6.3698484065
4,2015-03-18,0.09890005266666667,0.143495886,4.435716083666667,2.7895558356666665,32.24626688666667,66.49753812333334,5.365681740666666
4,2015-03-19,0.22953755266666667,0.354395886,6.423632750333333,3.6828891689999996,36.050433553333335,60.872538123333335,6.669848407333333
4,2015-03-20,0.40373755266666667,0.521095886,8.063216083666667,4.9562225023333335,38.458766886666666,72.70587145666667,8.9031817395
4,2015-03-21,0.3104250526666667,0.548495886,7.603216084166667,4.810389169,39.28376688666667,68.45587145666667,8.6948484065
4,2015-03-22,0.18777921933333333,0.384895886,6.408216083916667,4.227472502333334,34.962933553333336,66.83087145666667,7.7448484065
4,2015-03-23,0.16949171933333332,0.223995886,5.4111327503333335,3.2608058356666665,37.28376688666667,67.24753812333334,5.982348407333333
4,2015-03-24,0.266408386,0.489195886,5.941549417,3.591222502333333,40.083766886666666,66.83087145666667,6.336515074
4,2015-03-25,0.185558386,0.473095886,5.0307160836666664,3.6653891689999996,31.875433553333334,49.83087145666667,7.078181740333334
4,2015-03-26,0.107470886,0.361295886,4.641549417,3.0062225023333333,34.15876688666667,47.95587145666667,5.407348407333334
4,2015-03-27,0.738708386,0.957895886,10.889049419125001,6.939139169000001,44.71710022,48.747538123333335,12.153181737833334
4,2015-03-28,0.27007921933333334,0.599195886,6.204466084041666,3.922055835666667,46.19626688666667,67.20587145666667,7.419848406833334
4,2015-03-29,0.09922088600000001,0.204195886,3.9261327503333336,2.330389169,39.27960022,68.20587145666667,5.024015074
4,2015-03-30,0.5792125526666666,0.914995886,9.103216085416667,6.080389169,33.24210022,47.45587145666667,11.015681738
4,2015-03-31,0.311820886,0.593595886,6.011966083666667,4.2720558356666665,28.07960022,46.33087145666667,7.974015073
4,2015-04-01,0.4578292193333333,0.822395886,7.811966084666667,4.929139169,36.150433553333336,60.247538123333335,8.532348405333334
4,2015-04-02,0.22310838658333335,0.576295886,5.893216084166667,3.8116391689999998,39.24626688666667,74.16420479,7.082348406166666
4,2015-04-03,0.2879500526666667,0.380995886,7.653632751083333,4.788305835666667,41.28793355333333,48.53920479000001,9.074015072166667
4,2015-04-04,0.292745886,0.600795886,7.360299417,4.800805835666666,37.51293355333333,59.622538123333335,8.4448484055
4,2015-04-05,0.026733385999999998,0.118295886,3.948632750333333,2.632055835666667,43.47960022,83.37253812333334,5.007348407333333
4,2015-04-06,0.18160838599999998,0.342195886,6.263216083666666,3.7628891689999997,48.45460022,83.16420479,6.79068174
4,2015-04-07,0.25166255266666665,0.489995886,6.417382750333334,3.8216391689999996,53.07126688666667,87.78920479,7.0656817405000005
4,2015-04-08,0.42172505266666666,0.906795886,8.315716084666667,5.211222502333333,56.53793355333334,64.53920479,10.111515072333333
4,2015-04-09,0.5954250526666667,0.834795886,8.408632750958335,5.382889168999999,47.12126688666667,59.41420479000001,10.219848405333334
4,2015-04-10,0.515520886,0.812395886,8.711132750833334,5.821222502333334,33.43376688666667,74.03920479,10.478181737833333
4,2015-04-11,0.7985667193333333,0.966895886,13.853632753208332,8.815805835791666,33.150433553333336,87.20587145666667,15.765681736833335
4,2015-04-12,0.6785250526666666,0.958695886,11.596549419125,7.552055835708334,37.44626688666667,65.70587145666667,13.453181737666666
4,2015-04-13,0.543433386,0.793195886,7.9986327509583335,5.309555835666667,35.112933553333335,60.33087145666667,9.8448484045
4,2015-04-14,0.551033386,0.780995886,7.639882750333334,5.024972502333333,32.62960022,69.12253812333334,9.453181738833333
4,2015-04-15,0.183145886,0.446995886,5.099882750333333,3.0820558356666665,40.05876688666667,59.41420479000001,5.919848407333333
4,2015-04-16,0.11669588599999998,0.252595886,4.742382750333333,2.8545558356666665,49.33793355333333,77.53920479,6.299015073666666
4,2015-04-17,0.33528338599999996,0.655195886,8.919466084291667,5.604972502333333,49.95460022,84.41420479,10.869848404833334
4,2015-04-18,0.3361917193333333,0.435195886,8.500716083916666,5.837472502333333,44.89210022,80.24753812333334,10.649015070833334
4,2015-04-19,0.450145886,0.573095886,8.554049417375,5.512055835666668,44.78793355333334,57.747538123333335,10.2031817385
4,2015-04-20,0.09334171933333334,0.230195886,4.165299417,2.5216391689999997,45.76710022,52.16420479000001,4.690681740666666
4,2015-04-21,0.36438338600000003,0.541895886,8.108632751083332,4.8120558356666665,59.17126688666667,52.95587145666667,8.378181739166667
4,2015-04-22,0.267483386,0.372095886,7.789466084291667,4.895805835666667,59.43793355333333,70.99753812333334,9.753181739333334
4,2015-04-23,0.2774000526666667,0.448695886,6.131966083791667,4.361639169,50.583766886666666,65.28920479,8.2365150725
4,2015-04-24,0.40700421933333336,0.519495886,7.094466083666667,4.489139169,51.583766886666666,66.41420479,8.136515073666667
4,2015-04-25,0.24815838599999998,0.571695886,5.472799417,3.219972502333333,50.962933553333336,79.12253812333334,6.3365150733333335
4,2015-04-26,0.800595886,0.901595886,9.700299418875,6.176222502333334,48.90876688666666,51.997538123333335,11.494848404666667
4,2015-04-27,0.18047088600000002,0.553895886,5.055299417,3.1620558356666666,36.862933553333335,59.78920479000001,5.965681740666667
4,2015-04-28,0.16550838599999998,0.530695886,4.6107160836666665,3.0228891690000004,41.72126688666667,51.78920479000001,5.928181740333333
4,2015-04-29,0.36385421933333334,0.732295886,6.582799417625,4.234972502333334,42.862933553333335,80.20587145666667,7.990681739333334
4,2015-04-30,0.186320886,0.301895886,7.1802994172500005,4.813722502333333,40.81710022,86.91420479,8.794848405666666
4,2015-05-01,0.07669172033333334,0.202695886,5.465299417250001,3.8562225023333334,43.31710022000001,85.53920479,7.857348406500001
4,2015-05-02,0.02010005466666667,0.061295886,2.1819660836666666,1.6212225023333333,45.521266886666666,83.16420479,3.4823484073333333
4,2015-05-03,0.04727505266666667,0.184595886,3.718632750333333,2.2762225023333333,47.33793355333333,71.58087145666667,4.424015074000001
4,2015-05-04,0.143658386,0.335395886,5.0811327503333334,2.892055835666667,52.22543355333334,69.70587145666667,5.574015073999999
4,2015-05-05,0.25603755266666667,0.441795886,6.794049417,4.033305835666667,57.24210022,74.37253812333334,7.361515073500001
4,2015-05-06,0.13254171933333334,0.184495886,5.082799417,3.1928891690000003,50.92960022,78.20587145666667,6.424015073500001
4,2015-05-07,0.2052125526666667,0.289795886,6.6419660836666665,4.474555835666666,46.56293355333333,53.747538123333335,8.336515073833334
4,2015-05-08,0.649758386,0.966495886,10.952799419,6.691639169000001,44.025433553333336,73.58087145666667,12.707348404333333
4,2015-05-09,0.4482792193333333,0.637595886,8.296549417,5.556639169,50.646266886666666,80.24753812333334,10.2573484055
4,2015-05-10,0.17105421933333334,0.407395886,5.401132750333333,3.4324725023333333,46.65043355333333,62.41420479000001,6.715681740166667
4,2015-05-11,0.07469171933333334,0.139695886,5.449882750333334,3.4120558356666666,46.050433553333335,70.91420479,6.269848407166666
4,2015-05-12,0.03605421933333333,0.099695886,4.601549417,3.136639169,45.07126688666667,67.49753812333334,5.728181740666667
4,2015-05-13,0.09042921933333332,0.261795886,4.941132750333334,3.254972502333333,48.28793355333334,64.87253812333334,6.049015074
4,2015-05-14,0.20501671933333332,0.461895886,5.124882750333334,2.8733058356666668,54.900433553333336,61.95587145666667,5.419848407333333
4,2015-05-15,0.133583386,0.238995886,4.638216083666666,2.6237225023333335,59.75460021999999,69.20587145666667,5.361515074
4,2015-05-16,0.299258386,0.458395886,8.088632750583333,4.722472502333333,64.52543355333333,75.83087145666667,8.719848406166667
4,2015-05-17,0.16971671933333332,0.316895886,6.702799417125,4.634555835666666,52.35876688666667,62.08087145666667,8.961515072666666
4,2015-05-18,0.24589171933333334,0.302995886,7.235299417125,4.793305835666667,53.99210022,80.37253812333334,9.9490150725
4,2015-05-19,0.42454171933333334,0.832595886,7.345299417375,4.9178891689999995,53.65876688666666,87.62253812333334,9.994848405666668
4,2015-05-20,0.20656671933333334,0.559095886,6.024882750333333,4.356639169,47.021266886666666,68.16420479,8.169848406166667
4,2015-05-21,0.5569000526666666,0.874995886,9.931132751833333,6.484555835666666,48.62543355333333,64.03920479,11.565681738166667
4,2015-05-22,0.6436125526666666,0.923395886,11.989466086416668,7.797889169083334,60.95043355333333,72.83087145666667,14.744848403333334
4,2015-05-23,0.4951542193333333,0.692595886,8.679466084416667,5.498722502333333,60.40043355333333,64.28920479,10.349015072333334
4,2015-05-24,0.097270886,0.158395886,7.250716084041667,4.615389169,56.62126688666667,86.20587145666667,8.840681739333332
4,2015-05-25,0.321633386,0.620595886,8.391549417375,5.208305835666667,69.63376688666666,70.95587145666667,9.924015071833333
4,2015-05-26,0.06715421991666666,0.307995886,3.5048827503333335,1.985389169,61.35460022,67.12253812333334,4.382348407333334
4,2015-05-27,0.27241671933333333,0.628195886,7.989049417874999,4.932472502375,56.89210022,82.24753812333334,9.028181738999999
4,2015-05-28,0.058300052666666664,0.295895886,5.672382750333333,4.043722502333334,55.04210022,81.49753812333334,7.744848407
4,2015-05-29,0.009883386583333334,0.028795886,2.627799417,1.6262225023333334,58.43793355333333,78.33087145666667,3.5323484073333336
4,2015-05-30,0.038458386000000004,0.055695886,4.507799417,2.7395558356666663,64.67543355333333,78.08087145666667,5.736515074
4,2015-05-31,0.3772042193333333,0.631395886,7.480716083666667,4.571222502333334,69.78793355333333,66.87253812333334,7.990681739166667
4,2015-06-01,0.11495005266666668,0.308195886,4.687799417,3.059139169,61.91710022,82.95587145666667,6.524015073833334
4,2015-06-02,0.2953167193333333,0.395595886,6.7740494170000005,4.323722502333333,57.75043355333333,59.53920479000001,8.099015072833334
4,2015-06-03,0.14261671933333334,0.216295886,5.951966083666666,3.725389169,55.32126688666667,58.03920479000001,6.836515074
4,2015-06-04,0.32134171933333333,0.409095886,7.461966083666667,4.634139169,65.58793355333334,76.16420479,8.836515072500001
4,2015-06-05,0.145558386,0.288095886,5.710716083666667,3.7441391690000003,69.07960022,79.70587145666667,7.107348407333333
4,2015-06-06,0.018454220333333334,0.055395886,3.3498827503333337,2.047889169,65.76710022,75.08087145666667,4.490681740666667
4,2015-06-07,0.12010005266666667,0.240695886,4.905299417,2.969139169,67.16293355333333,68.53920479,5.474015074
4,2015-06-08,0.34750838599999995,0.503995886,6.458632750333333,3.8837225023333333,67.23376688666666,59.03920479000001,7.161515073
4,2015-06-09,0.09537505366666667,0.277995886,3.86029941725,2.460389169,65.11293355333333,78.41420479,4.836515073666667
4,2015-06-10,0.504345886,0.777795886,8.856549418875,6.085805835666666,61.583766886666666,55.58087145666667,11.053181737666668
4,2015-06-11,0.06715422033333333,0.188095886,4.540299417,2.814139169,62.12543355333333,61.872538123333335,5.5406817403333335
4,2015-06-12,0.277720888,0.771895886,5.984049417624999,3.8528891689999996,56.75460022000001,86.33087145666667,7.353181739666667
4,2015-06-13,0.47072505266666664,0.646795886,8.525716084166666,5.488305835666666,56.81710022000001,58.03920479000001,9.974015071833334
4,2015-06-14,0.725820886,0.943595886,10.335716085541668,6.287472502333333,62.65876688666666,60.66420479000001,11.507348404666667
4,2015-06-15,0.27912505266666665,0.518295886,6.400716083791667,4.291639169,62.57960022,79.74753812333334,8.274015072666666
4,2015-06-16,0.20887505266666664,0.459295886,5.453216083666667,3.706222502333333,56.38793355333333,81.12253812333334,6.857348407333333
4,2015-06-17,0.01052505325,0.051495886,2.516966083666667,1.732889169,61.95043355333333,77.12253812333334,3.7073484073333334
4,2015-06-18,0.029950052666666668,0.047295886,3.831549417,2.5974725023333334,65.02126688666667,81.45587145666667,5.1406817406666665
4,2015-06-19,0.098208386,0.223695886,4.938632750333333,3.172472502333333,62.75043355333333,78.12253812333334,5.824015074000001
4,2015-06-20,0.14254171933333334,0.220695886,5.801966083666667,3.8049725023333334,61.921266886666665,67.66420479,6.990681740333334
4,2015-06-21,0.142270886,0.285495886,5.4352994169999995,3.424139169,62.96710022,63.747538123333335,6.215681740666667
4,2015-06-22,0.385658386,0.542795886,7.875299417,5.088305835666667,64.64210022,62.53920479000001,9.207348405666666
4,2015-06-23,0.2802750526666667,0.509495886,8.337799417125,5.339139169,67.63376688666666,81.37253812333334,10.0073484055
4,2015-06-24,0.10438755266666666,0.297695886,6.232382750333333,3.896639169,65.55043355333333,89.33087145666667,7.186515073500001
4,2015-06-25,0.4355792193333334,0.552695886,7.646966083666666,4.696222502333334,68.97960022,70.37253812333334,8.819848406
4,2015-06-26,0.07864171933333333,0.321595886,4.096966083666667,2.577889169,71.43793355333334,60.70587145666667,4.707348407333334
4,2015-06-27,0.03146671933333333,0.072295886,5.1732160836666665,3.486639169,73.61293355333333,70.03920479,6.261515073999999
4,2015-06-28,0.06825005266666667,0.137795886,6.408216084166667,4.205389169,73.00043355333334,81.12253812333334,8.2531817395
4,2015-06-29,0.030054220333333336,0.134195886,2.900716083666667,1.8349725023333334,75.78376688666667,74.49753812333334,3.7323484073333333
4,2015-06-30,0.24435005266666665,0.431595886,4.101549417,2.6249725023333332,73.66710022,85.53920479,5.4531817401666665
4,2015-07-01,0.09062505266666666,0.173695886,3.8165494169999996,2.5678891690000003,74.96293355333334,78.62253812333334,5.607348407333333
4,2015-07-02,0.08029171933333333,0.154895886,3.6623827503333337,2.3620558356666668,74.16710022,85.70587145666667,6.35318174
4,2015-07-03,0.051891719333333336,0.110595886,3.8944660836666665,2.601639169,74.74626688666667,74.24753812333334,4.753181740666666
4,2015-07-04,0.07132921933333333,0.096895886,5.4977994169999995,3.689972502333333,75.70043355333333,81.45587145666667,7.153181740166667
4,2015-07-05,0.06681672033333334,0.150195886,3.761966083666667,2.2620558356666667,77.84626688666667,76.95587145666667,5.1406817406666665
4,2015-07-06,0.30973755266666664,0.466695886,6.968632750333334,4.548305835666667,70.84626688666667,72.66420479,8.265681739166666
4,2015-07-07,0.10816672033333334,0.306795886,4.981966083666667,3.2249725023333333,67.50876688666666,62.08087145666667,5.957348407333334
4,2015-07-08,0.014029221333333333,0.090195886,2.914466083666667,1.9695558356666665,69.01710022,63.247538123333335,4.069848407333334
4,2015-07-09,0.16489171933333333,0.218795886,6.816966083666666,4.342472502333334,72.56293355333334,67.41420479,7.778181739333333
4,2015-07-10,0.39347921933333335,0.688295886,7.833632750583334,5.119972502333334,77.54210022,66.70587145666667,9.853181738833333
4,2015-07-11,0.15929171933333333,0.359995886,5.727799417,3.7570558356666663,71.00876688666666,60.95587145666667,6.936515074
4,2015-07-12,0.123645886,0.192095886,5.118632750333333,3.2312225023333334,72.79210022,62.28920479000001,6.078181740333334
4,2015-07-13,0.119733386,0.194695886,5.069882750333333,3.2608058356666665,77.73376688666667,59.70587145666667,6.207348407333334
4,2015-07-14,0.08970421933333333,0.195995886,4.913632750333334,3.222055835666667,76.21710022,61.872538123333335,6.340681740666667
4,2015-07-15,0.34191255266666665,0.582395886,8.115716084041667,5.383305835666667,79.55876688666667,67.99753812333334,9.9240150715
4,2015-07-16,0.09779172033333333,0.356995886,4.331966083666667,2.9662225023333337,78.62960022,65.95587145666667,6.3740150736666665
4,2015-07-17,0.12446255266666667,0.315995886,4.367382750333333,2.964555835666667,79.41710022,73.66420479,5.9948484073333335
4,2015-07-18,0.5414042193333334,0.770295886,7.860299417625001,5.024972502333333,77.48793355333333,81.33087145666667,9.628181739333334
4,2015-07-19,0.40938755266666665,0.946895886,6.357799417125,4.102472502333334,80.15043355333334,79.66420479,8.3573484065
4,2015-07-20,0.35861671933333333,0.700895886,7.806549417375,4.998305835666667,76.20876688666667,85.99753812333334,9.394848406166666
4,2015-07-21,0.05745005266666667,0.107395886,4.2702994169999995,2.810389169,71.20460022,68.66420479,5.507348407333333
4,2015-07-22,0.16094171933333332,0.282395886,5.679466083666667,3.735389169,67.26293355333333,59.122538123333335,7.1323484065
4,2015-07-23,0.12269588599999999,0.196795886,5.220716083666667,3.393722502333333,67.72126688666667,65.33087145666667,6.761515073166667
4,2015-07-24,0.0092042215,0.045395886,2.726966083666667,1.7033058356666668,69.90460022,69.49753812333334,3.5156817406666665
4,2015-07-25,0.12599171933333334,0.274895886,4.854882750333333,3.0395558356666665,72.40460022,65.37253812333334,5.653181740666667
4,2015-07-26,0.2884250526666667,0.392995886,8.652382751333333,5.4787225023333335,72.53376688666667,65.45587145666667,9.957348405333333
4,2015-07-27,0.24208755266666668,0.446395886,8.336132750833334,5.4283058356666665,76.89210022,66.83087145666667,10.1115150715
4,2015-07-28,0.06013755266666667,0.151795886,4.696966083666667,3.315389169,76.40876688666667,73.33087145666667,6.7406817395
4,2015-07-29,0.16216671933333335,0.226095886,6.642382750333334,4.298305835666667,73.85043355333333,68.58087145666667,8.436515073166667
4,2015-07-30,0.07662921933333333,0.135595886,4.6419660836666665,3.0737225023333337,66.02543355333334,67.33087145666667,5.861515074
4,2015-07-31,0.013712554666666666,0.045795886,1.8361327503333333,1.379139169,66.26710022,67.83087145666667,3.2490150740000003
4,2015-08-01,0.007975055666666666,0.058495886,2.3373827503333335,1.6870558356666667,66.71710022,59.20587145666667,3.386515074
4,2015-08-02,0.044070887,0.111695886,2.529049417,1.6245558356666667,70.22960022,60.91420479000001,3.336515074
4,2015-08-03,0.03674172133333333,0.114295886,2.7182160836666664,1.771639169,72.37543355333334,74.78920479,4.215681740666667
4,2015-08-04,0.004945889,0.036295886,1.806549417,1.3553891690000002,73.28376688666667,76.99753812333334,3.3448484073333336
4,2015-08-05,0.15687088600000001,0.289295886,4.786549417,3.131639169,74.69626688666666,75.99753812333334,7.4490150726666675
4,2015-08-06,0.057870886,0.165395886,3.8298827503333333,2.6174725023333334,72.47126688666667,70.53920479,5.536515074
4,2015-08-07,0.27021255266666666,0.535495886,6.2027994170000005,3.875389169,73.32126688666666,66.41420479,7.628181739166667
4,2015-08-08,0.23276671933333334,0.397095886,6.355299417,4.0845558356666665,69.16710022,63.08087145666667,7.7781817395
4,2015-08-09,0.07843755266666667,0.138495886,4.875716083666666,2.9783058356666667,67.39626688666667,57.622538123333335,5.690681740666666
4,2015-08-10,0.00522505425,0.027895886,2.576132750333333,1.7662225023333333,69.47126688666667,62.70587145666667,3.8031817406666666
4,2015-08-11,0.02274171933333333,0.047695886,3.669049417,2.524555835666667,70.97126688666667,76.24753812333334,4.836515074
4,2015-08-12,0.007383388,0.022995886,2.436549417,1.7037225023333333,71.52960022,83.87253812333334,3.524015074
4,2015-08-13,-4.11e-06,-4.11e-06,3.1773827503333334,2.1841391690000003,71.02543355333333,72.16420479,4.436515074
4,2015-08-14,-4.11e-06,-4.11e-06,5.238632750333333,3.361639169,65.42960022,72.49753812333334,6.399015074
4,2015-08-15,-4.11e-06,-4.11e-06,3.1727994170000002,1.9862225023333335,66.59626688666667,63.20587145666667,3.965681740666667
4,2015-08-16,0.06345838799999999,0.196595886,7.244466083666667,4.495805835666666,68.36293355333333,71.58087145666667,8.319848406
4,2015-08-17,0.022108386999999997,0.087195886,3.9423827503333335,2.3370558356666664,70.46710022,68.91420479,4.6406817406666665
4,2015-08-18,0.20855421933333332,0.507995886,7.676132751083333,4.860389169,70.85043355333333,76.37253812333334,9.303181738833333
4,2015-08-19,0.011062554666666667,0.034795886,2.484049417,1.8074725023333331,69.91293355333333,63.872538123333335,3.682348407333333
4,2015-08-20,0.007554221333333333,0.049095886,3.970299417,2.7858058356666664,72.00876688666666,75.99753812333334,5.124015074
4,2015-08-21,0.06898755266666666,0.092495886,5.186549417,3.360389169,71.85043355333333,64.37253812333334,6.386515073833333
4,2015-08-22,0.089720886,0.192595886,3.803632750333333,2.4253891690000002,65.10043355333333,64.20587145666667,4.803181740666667
4,2015-08-23,0.092895886,0.207695886,4.688632750333333,3.1083058356666666,64.49626688666667,60.58087145666667,6.094848407333333
4,2015-08-24,0.08170838600000001,0.131995886,5.228216083666667,3.2170558356666668,63.06710021999999,67.66420479,5.9948484073333335
4,2015-08-25,0.20059171933333333,0.284595886,6.259882750333333,4.054972502333333,65.96293355333334,66.62253812333334,7.428181739666667
4,2015-08-26,0.13751671933333334,0.302995886,6.080299417,3.815805835666667,65.27960022,88.95587145666667,6.857348407
4,2015-08-27,0.4588625526666667,0.731695886,8.255299417375,5.271222502333333,67.00043355333334,62.997538123333335,9.874015072499999
4,2015-08-28,0.540145886,0.715495886,9.470716084791666,6.044139169,63.64210022,52.122538123333335,11.107348405000002
4,2015-08-29,0.48770421933333336,0.697195886,8.868632751333333,5.456639169,66.93376688666667,60.08087145666667,10.303181738833333
4,2015-08-30,0.19166255266666665,0.488295886,5.225716083666667,3.3116391689999998,62.421266886666665,55.66420479000001,6.249015074
4,2015-08-31,0.06025421933333333,0.092095886,4.639466083666666,3.199139169,61.49210022,61.747538123333335,5.624015074
4,2015-09-01,0.01592505383333333,0.079195886,3.599049417,2.116222502333333,65.17960022,69.99753812333334,4.144848407333334
4,2015-09-02,0.122183386,0.499595886,4.8311327503333334,2.992889169,69.02126688666667,74.33087145666667,5.811515073833333
4,2015-09-03,0.6471875526666667,0.949395886,11.231966085541666,7.339972502333333,71.19210022,72.24753812333334,13.694848403666667
4,2015-09-04,0.069933387,0.302995886,4.084466083666666,2.9120558356666666,59.98376688666667,69.74753812333334,5.7448484073333335
4,2015-09-05,0.07852921933333333,0.195495886,5.444049417,3.5449725023333336,62.07960022,70.87253812333334,6.494848406833333
4,2015-09-06,0.2625417193333333,0.384395886,7.776966083791667,5.1003891690000005,65.51293355333333,70.87253812333334,9.3448484055
4,2015-09-07,0.154370886,0.188295886,5.172799417,3.2562225023333333,61.72126688666666,67.12253812333334,5.9323484073333335
4,2015-09-08,0.11790005266666666,0.170095886,5.569049417,3.688722502333333,58.896266886666666,72.08087145666667,6.7448484073333335
4,2015-09-09,0.27047088599999997,0.568195886,7.477799417500001,4.831639169,61.94626688666667,85.28920479,8.524015071666666
4,2015-09-10,0.33533755266666665,0.488095886,7.93654941725,4.692889169,72.85876688666666,83.33087145666667,9.115681739000001
4,2015-09-11,0.052820886000000004,0.108495886,6.693216083666666,4.177889169,69.80460022,88.91420479,8.461515072500001
4,2015-09-12,0.285720886,0.424095886,9.290716084541666,6.228305835666667,63.925433553333335,89.08087145666667,10.911515071333334
4,2015-09-13,0.4849000526666667,0.721795886,9.907799418375001,6.569555835666667,65.77543355333334,72.74753812333334,12.115681737833334
4,2015-09-14,0.16255421933333333,0.410995886,6.189049417,3.714555835666667,64.08376688666667,72.03920479,6.803181740666666
4,2015-09-15,0.05557922033333334,0.148895886,3.8357160836666666,2.5033058356666666,69.05460022,84.83087145666667,4.853181740666667
4,2015-09-16,0.017508388,0.108995886,2.8798827503333335,1.8549725023333332,68.35876688666667,83.53920479,3.924015074
4,2015-09-17,0.16305005266666667,0.253595886,6.419049417,3.9612225023333334,68.12543355333334,81.08087145666667,7.007348407333333
4,2015-09-18,0.24171671933333336,0.368095886,7.944049417,4.948305835666667,69.52543355333334,78.70587145666667,8.715681740166668
4,2015-09-19,0.140408386,0.322495886,5.461549417,3.1533058356666666,68.12960022,86.20587145666667,5.894848407333334
4,2015-09-20,0.01736255325,0.114295886,3.8827994169999998,2.397055835666667,70.93376688666667,85.16420479,4.378181740666666
4,2015-09-21,0.3372000526666667,0.471895886,10.271132752208333,6.561639169,72.64626688666667,84.74753812333334,11.728181737833333
4,2015-09-22,0.105295886,0.288095886,7.332382750833333,4.619139168999999,67.21293355333334,85.99753812333334,8.669848406
4,2015-09-23,0.220608386,0.326795886,6.509049417,4.043722502333334,60.708766886666666,72.24753812333334,7.328181739666667
4,2015-09-24,0.3880167193333333,0.618195886,8.589466084916667,5.2583058356666665,66.45876688666667,68.58087145666667,9.069848405166667
4,2015-09-25,0.41474171933333337,0.666895886,9.183632751083334,6.033722502333333,66.37543355333334,59.45587145666667,10.965681738166667
4,2015-09-26,0.20081255266666667,0.304595886,7.188632750333333,4.352889169,59.108766886666665,53.28920479000001,7.932348406666667
4,2015-09-27,0.16397921933333334,0.275295886,7.688632750958334,4.759139169,62.12126688666667,76.49753812333334,9.661515072166667
4,2015-09-28,0.1839792193333333,0.352295886,7.274882750333333,4.797055835666667,55.68793355333333,73.08087145666667,8.694848406833334
4,2015-09-29,0.35785005266666664,0.528795886,8.588216084291666,5.632889168999999,55.99626688666667,88.58087145666667,9.9948484055
4,2015-09-30,0.483995886,0.660795886,9.405716085041666,5.927055835666667,72.41293355333333,83.12253812333334,10.494848404833334
4,2015-10-01,0.201058386,0.378695886,7.941132750708333,4.795389169,69.98376688666667,88.62253812333334,10.132348406
4,2015-10-02,0.47560005266666666,0.621795886,9.164882751333334,6.2303891689999995,54.52960022,83.95587145666667,11.4448484045
4,2015-10-03,0.3062375526666667,0.615795886,7.943632750458334,5.345805835666667,53.26293355333333,74.74753812333334,9.7281817385
4,2015-10-04,0.08573338600000001,0.215095886,5.1557160836666664,3.487472502333333,48.675433553333335,71.24753812333334,6.703181740666667
4,2015-10-05,0.2870875526666667,0.468795886,9.34029941825,5.861222502333334,51.987933553333335,83.91420479,10.757348404833332
4,2015-10-06,0.40936255266666666,0.639695886,9.102799417750001,5.518305835666666,54.52543355333333,59.20587145666667,9.8073484055
4,2015-10-07,0.13427505266666667,0.207395886,6.259882750333333,3.6433058356666668,53.425433553333335,59.20587145666667,6.499015074
4,2015-10-08,0.20253755266666665,0.290295886,7.060716083666667,3.8687225023333336,54.62126688666667,63.53920479000001,6.682348407166667
4,2015-10-09,0.33598338600000005,0.420995886,7.800299417000001,4.533305835666667,56.896266886666666,64.83087145666667,7.982348406666667
4,2015-10-10,0.396808386,0.455995886,9.038632751333333,5.488305835666666,60.22960022,78.78920479,9.519848405333333
4,2015-10-11,0.5700417193333333,0.717095886,10.165299419125,6.925389169,49.51293355333333,70.37253812333334,12.419848403333333
4,2015-10-12,0.647358386,0.809295886,10.996132752208332,7.385805835749999,37.775433553333336,59.91420479000001,13.553181736833332
4,2015-10-13,0.343958386,0.464695886,8.630299417375,5.705805835666666,37.88376688666667,70.08087145666667,10.261515072166667
4,2015-10-14,0.17331671933333334,0.361695886,5.939882750333333,3.500389169,39.72126688666666,70.41420479,6.394848407333334
4,2015-10-15,0.5382167193333333,0.798695886,9.692382751833334,6.1158058356666665,46.68793355333333,77.41420479,11.119848404666667
4,2015-10-16,0.5700000526666666,0.880195886,10.170716085541667,6.770389169,44.32960022,66.28920479,12.4198484045
4,2015-10-17,0.055941719333333334,0.198595886,4.060299417,2.5287225023333333,43.35876688666667,74.62253812333334,4.628181740666666
4,2015-10-18,0.45907088599999996,0.656995886,8.926549418125001,5.444139169,46.53793355333334,73.49753812333334,9.469848404833334
4,2015-10-19,0.330908386,0.750895886,6.993632750583334,4.139555835666667,51.51710022,74.62253812333334,7.511515073166667
4,2015-10-20,0.0461667205,0.285895886,4.045716083666667,2.1137225023333333,50.32960022,81.16420479,4.115681740666667
4,2015-10-21,0.7546500526666667,0.958195886,12.729882752958334,8.1724725025,53.68793355333333,76.33087145666667,14.890681737166666
4,2015-10-22,0.8213417193333333,0.887095886,12.486966086666667,8.317889168999999,44.53793355333334,75.87253812333334,14.819848403333333
4,2015-10-23,0.3037542193333333,0.608795886,6.999882750583333,4.444555835666667,44.00043355333333,60.95587145666667,8.3531817395
4,2015-10-24,0.09907921933333334,0.165395886,5.023632750333333,3.062889169,38.72960022,75.83087145666667,5.711515074
4,2015-10-25,0.05700005266666667,0.142295886,4.127382750333333,2.6674725023333337,36.212933553333336,65.83087145666667,4.628181740666666
4,2015-10-26,0.15217505266666667,0.257695886,6.149882750333333,3.6378891689999997,39.37543355333333,78.58087145666667,6.632348407333333
4,2015-10-27,0.114595886,0.258395886,6.082382750333333,3.6687225023333334,43.26293355333333,77.12253812333334,6.640681740666667
4,2015-10-28,0.045550053666666666,0.097795886,4.482799417,3.036222502333333,40.26710022,69.95587145666667,5.703181740666667
4,2015-10-29,0.077733386,0.166695886,4.2061327503333334,2.813722502333333,31.29626688666667,76.74753812333334,5.040681740666667
4,2015-10-30,0.1755917193333333,0.269095886,6.036966083666667,3.840389169,29.967100220000003,72.74753812333334,6.436515074
4,2015-10-31,0.30277505266666666,0.412695886,8.655299417250001,5.235389169,26.51710022,80.20587145666667,9.474015071833334
4,2015-11-01,0.2873750526666667,0.363095886,7.088632750333333,3.813722502333333,27.47960022,82.62253812333334,6.324015073999999
4,2015-11-02,0.30505838599999996,0.554495886,7.252382750333333,4.342472502333334,32.487933553333335,77.95587145666667,7.999015073
4,2015-11-03,0.128995886,0.307495886,5.844049417,3.574139169,36.233766886666665,72.16420479,6.5615150736666665
4,2015-11-04,0.19341671933333335,0.362795886,7.092382750333333,4.524555835666667,39.083766886666666,80.08087145666667,8.182348406000001
4,2015-11-05,0.28841671933333335,0.452595886,7.067799417,4.307889169,28.85876688666667,63.41420479000001,7.928181739333334
4,2015-11-06,0.09048755266666668,0.219995886,4.8902994170000005,3.142055835666667,27.746266886666664,80.62253812333334,5.569848407333333
4,2015-11-07,0.326095886,0.569995886,7.507382750333334,3.874555835666667,16.11710022,64.78920479,6.857348407333333
4,2015-11-08,0.11159171933333334,0.284095886,6.000716083666667,3.504139169,14.792100221333333,64.87253812333334,5.799015074
4,2015-11-09,0.255145886,0.405495886,6.752382750333333,3.586639169,31.09626688666667,72.28920479,6.394848407333334
4,2015-11-10,0.128483386,0.214795886,6.214466083666667,3.9049725023333335,30.387933553333337,88.20587145666667,6.803181740333334
4,2015-11-11,0.4714292193333333,0.587095886,8.637382750333332,5.602472502333334,16.729600220166667,61.997538123333335,9.890681738666666
4,2015-11-12,0.2849375526666667,0.544795886,6.662799417,4.087889168999999,8.867100222166666,53.03920479000001,7.432348407
4,2015-11-13,0.31561255266666666,0.503595886,7.514049417374999,4.879972502333334,17.20460022,68.45587145666667,8.807348405666668
4,2015-11-14,0.14428755266666668,0.265295886,6.131966083666666,3.4745558356666666,20.496266886666664,76.45587145666667,5.832348407333334
4,2015-11-15,0.12060421933333333,0.223895886,5.777799417,3.064555835666667,28.279600220000003,67.12253812333334,5.311515074
4,2015-11-16,0.35480421933333334,0.386795886,7.635716083666666,4.454139169,30.92960022,80.24753812333334,7.669848407333333
4,2015-11-17,0.18521255266666667,0.408195886,6.042382750333334,3.777055835666667,31.862933553333335,88.45587145666667,6.665681740666667
4,2015-11-18,0.012058387999999998,0.034795886,3.374882750333333,2.2403891689999997,32.29210022,86.37253812333334,4.061515074
4,2015-11-19,0.0016833889999999998,0.012395886,2.107382750333333,1.4812225023333332,31.383766886666667,87.99753812333334,2.636515074
4,2015-11-20,0.138320886,0.469195886,5.648632750958334,3.5816391690000002,38.087933553333336,87.24753812333334,6.036515073166666
4,2015-11-21,0.6329542193333334,0.758695886,11.892382752958333,7.745805835666666,41.50460022,81.95587145666667,13.915681736666668
4,2015-11-22,0.18423338600000003,0.507895886,5.635716083666666,3.5670558356666664,26.10876688666667,64.45587145666667,6.799015073333333
4,2015-11-23,0.273845886,0.323195886,7.259049417,4.063305835666667,30.558766886666664,65.28920479,7.024015074
4,2015-11-24,0.17465838600000003,0.320095886,6.4144660836666665,3.643722502333333,36.44626688666667,78.62253812333334,6.257348407333333
4,2015-11-25,0.29006255266666664,0.422495886,7.129466083666667,3.8195558356666663,37.28793355333333,80.91420479,6.440681740666666
4,2015-11-26,0.26962505266666664,0.436795886,7.427382751083333,4.5099725023333335,35.742100220000005,80.08087145666667,7.965681739333333
4,2015-11-27,0.587445886,0.963695886,12.182382752708333,7.911222502625001,35.708766886666666,82.62253812333334,14.586515070333334
4,2015-11-28,0.09798338658333333,0.474395886,4.6557160836666664,3.1883058356666667,30.779600220000003,70.70587145666667,6.153181740166667
4,2015-11-29,0.03068755266666667,0.089895886,3.8982160836666666,2.720805835666667,31.350433553333332,84.49753812333334,4.944848407333334
4,2015-11-30,0.613820886,0.970195886,10.845299419,7.1124725023333335,33.483766886666665,90.16420479,12.757348404166668
4,2015-12-01,0.502133386,0.711695886,9.493216084791667,6.3778891689999995,29.867100219999998,87.83087145666667,11.299015071333335
4,2015-12-02,0.19669171933333332,0.546995886,5.634882750333333,3.8008058356666665,25.23376688666667,76.62253812333334,6.944848407166667
4,2015-12-03,0.296570886,0.449395886,7.730716083791667,4.717889169,31.196266886666667,73.74753812333334,8.169848407333333
4,2015-12-04,0.5333417193333333,0.822495886,9.888216084916666,6.098722502333334,30.933766886666664,75.24753812333334,10.849015071333334
4,2015-12-05,0.164358386,0.302295886,5.547382750333333,3.058305835666667,32.462933553333336,82.12253812333334,5.4948484073333335
4,2015-12-06,0.19591671933333332,0.349495886,5.754466083666666,3.9483058356666665,27.654600220000003,76.70587145666667,7.111515072833334
4,2015-12-07,0.3799750526666667,0.685395886,8.313216084541667,5.273305835666666,31.500433553333334,66.91420479,8.9656817385
4,2015-12-08,0.42272921933333335,0.845595886,8.663632751583334,5.285805835666666,36.517100219999996,72.45587145666667,9.399015071666666
4,2015-12-09,0.3825500526666667,0.944095886,6.666549418125,4.4491391689999995,32.31710022,91.28920479,7.7990150725000005
4,2015-12-10,0.373870886,0.758395886,7.7069660837916665,5.729972502333333,13.525433553500001,48.08087145666667,10.665681737833333
4,2015-12-11,0.12788755266666665,0.200695886,5.229882750333333,3.831222502333333,11.575433555166667,41.080871456666664,7.349015073166666
4,2015-12-12,0.31779171933333333,0.621395886,8.482799418,4.9770558356666665,29.112933553333335,55.20587145666667,8.849015072166667
4,2015-12-13,0.015454220333333333,0.072195886,2.629882750333333,1.7208058356666667,28.221266886666665,85.37253812333334,3.4698484073333336
4,2015-12-14,0.2692167193333333,0.409995886,6.991549417000001,4.994972502333334,24.121266886666664,70.37253812333334,8.986515071833333
4,2015-12-15,0.11339588699999999,0.341195886,3.870299417,2.989139169,15.108766887833333,54.872538123333335,5.965681740666667
4,2015-12-16,0.030004220166666668,0.087195886,3.4357160836666663,2.2487225023333335,21.84626688666667,62.91420479000001,4.207348407333334
4,2015-12-17,0.19562921933333333,0.309795886,7.293216084041667,4.857889169,22.242100219999998,72.45587145666667,8.7198484055
4,2015-12-18,0.16972088600000002,0.388995886,5.685299417125001,4.144555835666667,8.921266888666667,39.330871456666664,8.024015073166668
4,2015-12-19,0.21901671933333333,0.473995886,6.022382750333333,3.748722502333333,24.433766886666664,54.872538123333335,6.753181740666666
4,2015-12-20,0.4857542193333333,0.733495886,8.436549417125,4.897889169,30.650433553333333,74.83087145666667,8.461515073166668
4,2015-12-21,0.20091255266666666,0.325095886,7.781132750458333,4.144139169,33.60460022,73.49753812333334,7.178181740666666
4,2015-12-22,0.49095421933333333,0.640795886,9.353632750958333,5.136222502333333,38.24626688666667,80.20587145666667,8.7448484065
4,2015-12-23,0.300220886,0.582095886,6.854882750458334,3.6874725023333332,35.458766886666666,83.91420479,6.536515074
4,2015-12-24,0.21832921933333335,0.373195886,6.502799416999999,3.4895558356666663,35.37126688666667,91.12253812333334,6.036515074
4,2015-12-25,0.18337505266666668,0.420795886,5.682799416999999,2.6349725023333335,39.546266886666665,90.87253812333334,4.340681740666667
4,2015-12-26,0.3706375526666667,0.680495886,7.391549417,4.123722502333333,39.47543355333333,88.24753812333334,7.149015074
4,2015-12-27,0.18307505266666668,0.327895886,5.410299417,3.8428891689999998,29.91710022,75.45587145666667,6.869848407166667
4,2015-12-28,0.424608386,0.797195886,8.014466084416666,4.629555835666666,31.967100220000003,86.58087145666667,7.782348406166666
4,2015-12-29,0.485320886,0.896895886,9.108216084541667,5.436639169,47.85043355333334,91.08087145666667,10.078181739
4,2015-12-30,0.45544171933333333,0.849295886,10.030299418250001,6.609972502333334,32.31293355333333,83.62253812333334,11.6281817375
4,2015-12-31,0.5546625526666666,0.813995886,9.302799417875,5.931222502333333,23.112933553333335,72.12253812333334,10.724015071333334
4,2016-01-01,0.491583386,0.750895886,9.451549418625,5.005805835666666,26.158766886666665,71.41420479,8.7531817385
4,2016-01-02,0.392258386,0.643995886,8.827382751208333,5.078305835666667,37.204600219999996,80.16420479,8.807348405666668
4,2016-01-03,0.08082921933333333,0.220895886,3.8898827503333333,2.4862225023333333,30.029600220000003,76.91420479,4.657348407333333
4,2016-01-04,0.12831671933333333,0.226595886,5.296966083666667,3.4895558356666663,26.071266886666667,73.03920479,6.311515073333333
4,2016-01-05,0.4721875526666666,0.725195886,9.887382751958333,6.262472502333334,30.29210022,69.62253812333334,11.065681738
4,2016-01-06,0.3353500526666667,0.605695886,8.456132750708333,4.983722502333333,30.54210022,57.16420479000001,8.861515072666666
4,2016-01-07,0.48630421933333334,0.689595886,9.101549418,5.827889169,29.48376688666667,58.08087145666667,10.140681738333333
4,2016-01-08,0.330420886,0.714895886,6.701132751083333,4.887472502333334,12.758766887666667,43.66420479000001,9.611515072166666
4,2016-01-09,0.7165000526666666,0.887495886,11.897799419625,7.210805835666666,34.91710022,71.37253812333334,12.628181737
4,2016-01-10,0.15522505266666667,0.475695886,5.799466083666666,3.591639169,29.74210022,86.28920479,6.553181740666666
4,2016-01-11,0.715595886,0.887995886,10.802799419625002,7.1662225023333335,20.375433553333334,76.45587145666667,12.999015070166665
4,2016-01-12,0.05635005266666667,0.331695886,3.874882750333333,2.324139169,17.458766887166664,75.74753812333334,4.228181740666667
4,2016-01-13,0.06789588883333333,0.236895886,5.028632750583333,2.873722502333333,25.10460022,87.12253812333334,4.715681740333333
4,2016-01-14,0.25195838600000003,0.320395886,7.061132750333333,4.150389169,28.933766886666664,89.33087145666667,7.7115150735
4,2016-01-15,0.10861255266666665,0.384195886,5.8598827504583335,3.5358058356666664,24.287933553333332,88.53920479,5.924015073500001
4,2016-01-16,0.39070005266666663,0.714495886,7.859049418000001,5.124139169,6.0879335565,68.37253812333334,9.274015071833334
4,2016-01-17,0.28212921933333335,0.548495886,7.879466084416666,4.821222502333334,14.633766888166667,76.91420479,8.194848405833334
4,2016-01-18,0.6330292193333333,0.929095886,10.606966085666667,6.957472502333334,21.32960022083333,84.74753812333334,11.719848404333334
4,2016-01-19,0.5077625526666667,0.893595886,9.453632751708334,5.692472502333334,9.254600222,78.37253812333334,9.399015072166668
4,2016-01-20,0.06136255266666666,0.176495886,4.2807160836666664,2.3187225023333333,11.575433555166667,81.33087145666667,3.3323484073333334
4,2016-01-21,0.32559171933333336,0.653395886,8.644466084416667,4.759139169,11.196266888333334,82.91420479,7.428181739833334
4,2016-01-22,0.583395886,0.812395886,10.749049419125,6.451222502333334,24.875433553333334,81.41420479,10.749015071166667
4,2016-01-23,0.078583386,0.287595886,4.779466083666667,3.0512225023333333,28.437933553333334,93.24753812333334,4.899015074
4,2016-01-24,0.17565838600000003,0.213495886,6.299882750333333,3.8983058356666667,31.80460022,96.62253812333334,6.169848407333333
4,2016-01-25,0.114395886,0.185795886,6.165716083666666,3.8533058356666667,31.967100220000003,91.83087145666667,5.728181740666667
4,2016-01-26,0.16489171933333333,0.243595886,5.926549417,3.8549725023333337,29.217100220000003,90.37253812333334,6.086515074
4,2016-01-27,0.028933386000000002,0.060295886,3.993632750333333,2.3808058356666666,28.45043355333333,89.12253812333334,3.761515074
4,2016-01-28,0.018520886,0.042995886,4.029049417,2.5783058356666664,24.26710022,86.08087145666667,4.353181740666667
4,2016-01-29,7.505641666666667e-05,0.000695886,1.4398827503333333,1.306639169,19.887933553333333,82.45587145666667,2.0656817406666668
4,2016-01-30,0.0017542213333333334,0.004895886,2.959466083666667,2.024139169,21.283766886666665,86.16420479,3.057348407333333
4,2016-01-31,0.03975005266666667,0.235495886,4.709882750333333,2.8741391689999998,28.029600220000003,92.45587145666667,4.503181740666666
4,2016-02-01,0.30332505266666665,0.442395886,8.01654941725,4.891222502333333,31.79210022,88.83087145666667,7.969848407000001
4,2016-02-02,0.626983386,0.817795886,11.106966086166667,6.084972502333333,37.679600220000005,77.78920479,10.515681738166666
4,2016-02-03,0.13580421933333334,0.309295886,6.17529941725,3.4762225023333335,28.529600220000003,88.37253812333334,5.478181740499999
4,2016-02-04,0.315320886,0.386195886,8.031549417375,4.981639169,21.825433553333337,76.74753812333334,8.657348406333332
4,2016-02-05,0.022745888000000002,0.129195886,3.3477994169999996,2.1112225023333333,14.233766887333333,80.41420479,3.674015074
4,2016-02-06,0.006304222333333334,0.046295886,3.9690494170000004,2.621222502333333,15.896266887000001,77.33087145666667,3.974015074
4,2016-02-07,0.06699171933333334,0.115695886,5.334466083666666,2.652055835666667,18.887933554,72.62253812333334,4.315681740666666
4,2016-02-08,0.086058386,0.133895886,5.067799417,2.9412225023333334,19.84210022,83.66420479,4.882348407333333
4,2016-02-09,0.21471671933333333,0.554295886,7.007799417375,4.003722502333333,20.81710022016667,88.91420479,6.544848406666667
4,2016-02-10,0.169933386,0.324695886,5.757382750333334,3.359972502333333,13.704600221,82.12253812333334,4.736515074
4,2016-02-11,0.285145886,0.408495886,8.932382750333334,5.330805835666667,19.400433553333333,77.95587145666667,7.890681739833333
4,2016-02-12,0.5581875526666666,0.729895886,10.230299418875001,5.964972502333333,24.821266886666667,80.78920479,9.019848406
4,2016-02-13,0.410270886,0.545695886,9.52154941825,6.827055835708333,5.2421002230000004,67.83087145666667,10.3156817385
4,2016-02-14,0.29031255266666667,0.638895886,7.913216084416667,4.637055835666667,-3.870399777333333,68.99753812333334,6.982348406666667
4,2016-02-15,0.6192125526666666,0.876795886,11.33279941875,6.700805835666666,21.667100220833333,74.83087145666667,10.5115150715
4,2016-02-16,0.12682505366666666,0.309095886,4.529466083666667,2.6412225023333336,21.654600220000003,77.28920479,4.115681740666667
4,2016-02-17,0.592945886,0.683495886,9.486549418125,5.748305835666667,27.25460022,85.99753812333334,8.903181739333332
4,2016-02-18,0.652395886,0.837995886,10.089466085416666,6.865389169,25.708766886666666,76.95587145666667,10.444848405
4,2016-02-19,0.18047088600000002,0.318095886,6.865716083666666,4.313305835666667,7.458766889666666,66.99753812333334,6.111515074
4,2016-02-20,0.19318338599999998,0.349895886,6.328632750333334,3.922889169,1.9796002235,65.99753812333334,5.365681740666666
4,2016-02-21,0.6626042193333334,0.819695886,11.534882752708333,6.777889169000001,17.100433554833334,64.78920479,9.719848405
4,2016-02-22,0.4378292193333333,0.698095886,10.014882751708333,5.767472502333334,29.63793355333333,74.78920479,8.261515073833333
4,2016-02-23,0.310745886,0.451995886,9.435299418,4.989139169,35.07543355333333,76.49753812333334,7.365681740666667
4,2016-02-24,0.1493917193333333,0.380195886,7.219049417250001,3.921639169,29.000433553333334,83.62253812333334,6.103181740499999
4,2016-02-25,0.632708386,0.801195886,11.35279941975,7.274555835666667,27.508766886666667,81.37253812333334,11.840681736999999
4,2016-02-26,0.3239625526666667,0.464795886,8.33779941725,5.310389169,21.583766886666666,75.95587145666667,8.8198484065
4,2016-02-27,0.2606417193333333,0.552595886,6.212799416999999,3.5816391690000002,15.333766887166666,72.45587145666667,5.936515073333333
4,2016-02-28,0.3917542193333334,0.624895886,7.7965494170000005,4.407889169,12.5046002215,66.99753812333334,7.107348406666667
4,2016-02-29,0.27386671933333334,0.569995886,7.4152994176250004,4.1020558356666665,17.0046002215,68.74753812333334,6.632348407333333
4,2016-03-01,0.508895886,0.842895886,10.489466085666667,5.435805835666667,35.646266886666666,74.95587145666667,8.6948484065
4,2016-03-02,0.23574171933333332,0.361695886,6.730299417125,3.8362225023333334,29.92126688666667,82.58087145666667,6.419848407333333
4,2016-03-03,0.31806255266666666,0.703095886,8.354466084791666,4.602472502333334,30.30460022,79.78920479,7.749015073166667
4,2016-03-04,0.2963125526666667,0.523295886,7.054882750333333,3.902889169,28.84626688666667,77.12253812333334,6.5448484071666675
4,2016-03-05,0.608108386,0.745495886,11.17279941925,6.630389169,34.53793355333334,77.74753812333334,11.432348404333332
4,2016-03-06,0.39171255266666666,0.877995886,7.824466084916668,5.337889169,26.383766886666667,71.58087145666667,9.649015071833334
4,2016-03-07,0.6364125526666666,0.811595886,10.07404941875,6.017472502333334,33.80876688666667,61.66420479000001,10.315681738166667
4,2016-03-08,0.8010000526666667,0.879095886,11.767799420000001,7.166639169,47.50876688666667,52.95587145666667,12.682348403666666
4,2016-03-09,0.521158386,0.839695886,9.526132751958334,5.737889169,46.79626688666667,80.37253812333334,10.069848404833333
4,2016-03-10,0.10880005266666666,0.319295886,4.829049417,3.2745558356666664,36.050433553333335,67.41420479,6.669848407
4,2016-03-11,0.047462552666666664,0.224495886,4.834049417,3.0503891690000002,37.671266886666665,89.37253812333334,5.357348407333333
4,2016-03-12,0.5825625526666667,0.832695886,10.911966085541666,6.751639169,41.587933553333336,85.20587145666667,12.0115150715
4,2016-03-13,0.6218333859999999,0.696695886,10.204882751958333,6.823305835666666,34.44626688666667,50.28920479000001,12.4781817375
4,2016-03-14,0.09525838599999999,0.308595886,4.841132750333333,3.1362225023333337,28.758766886666667,64.78920479,6.003181740666666
4,2016-03-15,0.08881255266666667,0.193795886,4.902799417,3.0520558356666663,29.29626688666667,66.45587145666667,5.969848407333333
4,2016-03-16,0.12681671933333336,0.431295886,5.488632750333333,3.4174725023333337,32.546266886666665,75.37253812333334,6.069848407333333
4,2016-03-17,0.271558386,0.731095886,6.4952994171250005,4.175389169,34.233766886666665,56.247538123333335,8.040681740166667
4,2016-03-18,0.118345886,0.279695886,5.635299417,3.577472502333333,34.95043355333333,84.78920479,6.374015074
4,2016-03-19,0.2829875526666667,0.412495886,6.833632750333333,4.329139169,39.767100219999996,94.58087145666667,7.8865150735
4,2016-03-20,0.544408386,0.744695886,9.184049417999999,6.164139168999999,31.17126688666667,64.49753812333334,11.399015071333332
4,2016-03-21,0.068620886,0.232395886,4.211966083666667,2.8658058356666665,24.97960022,54.747538123333335,6.086515073833334
4,2016-03-22,0.22067505266666668,0.359795886,6.050299417000001,4.349972502333333,30.183766886666664,66.41420479,8.1365150725
4,2016-03-23,0.03436671933333333,0.158595886,3.4377994170000004,2.221639169,34.43793355333333,82.16420479,4.499015074
4,2016-03-24,0.05996255266666667,0.223995886,4.842382750333333,3.0820558356666665,39.608766886666665,76.16420479,5.7448484073333335
4,2016-03-25,0.25206255266666666,0.377095886,6.559049417,4.074555835666667,43.04626688666667,81.33087145666667,7.557348406666667
4,2016-03-26,0.03586671933333333,0.066295886,4.142382750333334,2.8170558356666664,40.81710022,85.83087145666667,5.340681740666667
4,2016-03-27,0.15947921933333334,0.453795886,6.207382750333333,3.9620558356666664,41.12543355333333,80.41420479,7.1823484073333335
4,2016-03-28,0.5316167193333333,0.696595886,9.108216084291668,6.031639168999999,44.05460022,90.24753812333334,11.636515071
4,2016-03-29,0.5399333860000001,0.653795886,10.349882752083333,6.527055835666666,42.35043355333333,86.58087145666667,11.5948484045
4,2016-03-30,0.4597417193333333,0.639195886,7.795716084416667,5.337889169,42.050433553333335,64.99753812333334,10.082348404833334
4,2016-03-31,0.10150421933333333,0.173795886,5.4527994170000005,3.513722502333333,35.06293355333333,75.78920479,6.474015074
4,2016-04-01,0.05118755266666667,0.132095886,4.1732160836666665,2.3587225023333334,39.333766886666666,76.08087145666667,4.753181740666666
4,2016-04-02,0.19725005266666665,0.239895886,6.341966083666667,3.840389169,44.82960022,67.66420479,7.011515073999999
4,2016-04-03,0.22624588599999998,0.418895886,6.861132750458334,4.356222502333334,47.87960021999999,70.91420479,7.890681739833333
4,2016-04-04,0.27352921933333335,0.672895886,6.634466083666666,4.503722502333333,36.76293355333333,62.78920479000001,8.540681738666667
4,2016-04-05,0.029112552666666666,0.097695886,4.066966083666666,2.4983058356666668,38.642100219999996,66.99753812333334,4.865681740666667
4,2016-04-06,0.101170886,0.163995886,5.412799417,3.159139169,44.37960022000001,67.78920479,5.903181740666667
4,2016-04-07,0.19961255266666666,0.397395886,7.0794660841666675,4.449972502333334,55.81293355333333,86.37253812333334,8.544848406
4,2016-04-08,0.13697505266666668,0.486895886,6.078216083791666,3.608722502333334,48.771266886666666,80.08087145666667,6.457348406833333
4,2016-04-09,0.793208386,0.931895886,10.667382752708333,7.228305835666667,37.296266886666665,47.997538123333335,13.753181736666667
4,2016-04-10,0.25542921933333335,0.558395886,6.261966083666667,4.193305835666666,36.72960022,54.122538123333335,8.011515073
4,2016-04-11,0.218683386,0.354895886,5.594049417,3.5624725023333332,44.36710022,62.20587145666667,6.3240150735
4,2016-04-12,0.453683386,0.889195886,7.07154941775,4.732472502333333,43.94210022000001,89.45587145666667,8.540681739166667
4,2016-04-13,0.7845083860000001,0.892795886,11.533216085791667,7.885805835749999,32.41293355333333,57.16420479000001,14.574015070833333
4,2016-04-14,0.5218917193333333,0.718095886,8.265299417375,5.572889169,27.800433553333335,48.122538123333335,10.411515072
4,2016-04-15,0.135158386,0.232295886,5.576966083666666,3.6620558356666666,27.562933553333334,55.58087145666667,7.024015073166667
4,2016-04-16,0.244233386,0.401195886,5.730716083666667,3.8962225023333334,31.900433553333333,48.872538123333335,7.232348406166667
4,2016-04-17,0.12064171933333334,0.373095886,4.106132750333333,2.6595558356666666,37.296266886666665,51.872538123333335,4.753181740666666
4,2016-04-18,0.7326250526666667,0.961095886,10.519466085291667,6.663722502416667,45.06710021999999,56.497538123333335,12.082348404666668
4,2016-04-19,0.236433386,0.583995886,6.242799417,4.164972502333334,45.10460022,57.997538123333335,7.928181739333334
4,2016-04-20,0.5393000526666667,0.806395886,8.810299418625,5.852055835666667,43.59626688666666,58.33087145666667,10.865681738166666
4,2016-04-21,0.5549917193333334,0.855595886,8.119049417375,5.547472502333334,35.954600219999996,39.497538123333335,10.424015071166666
4,2016-04-22,0.3839750526666667,0.660995886,7.518216083666666,5.1158058356666665,40.712933553333336,59.372538123333335,9.390681738166666
4,2016-04-23,0.11615421933333332,0.230395886,5.295716083666666,3.687055835666667,41.03793355333333,84.33087145666667,7.328181740333334
4,2016-04-24,0.07944588600000001,0.138195886,4.599466083666667,3.1645558356666665,43.03376688666666,73.70587145666667,6.1823484073333335
4,2016-04-25,0.18144171933333333,0.261895886,5.351132750333334,3.2066391690000002,45.30876688666667,66.53920479,5.840681740666667
4,2016-04-26,0.15348755266666667,0.325595886,5.578216083666667,3.3353891690000004,47.921266886666665,50.41420479000001,6.407348407333333
4,2016-04-27,0.17839171933333334,0.427395886,6.97529941725,4.034139169,48.32543355333333,72.33087145666667,7.169848406666667
4,2016-04-28,0.297833386,0.423395886,8.0440494175,4.8658058356666665,52.29626688666667,88.83087145666667,8.778181738999999
4,2016-04-29,0.7711917193333333,0.975495886,12.315299419250001,8.256222502583332,47.65876688666666,81.12253812333334,14.782348404166667
4,2016-04-30,0.7389583860000001,0.961395886,10.332382752208334,6.927472502416666,50.05460022,55.83087145666667,12.753181737666667
4,2016-05-01,0.3153875526666667,0.485095886,7.308216084041667,4.432472502333334,51.48376688666667,58.247538123333335,7.907348406666666
4,2016-05-02,0.555295886,0.590895886,8.9527994175,5.477889169,60.87960022000001,53.53920479000001,9.899015071833334
4,2016-05-03,0.6507500526666666,0.817595886,8.604466084541667,5.389555835666666,56.43793355333333,45.16420479000001,10.111515072166666
4,2016-05-04,0.196358386,0.404995886,5.955299417,4.141639169,44.175433553333335,57.872538123333335,7.907348407333334
4,2016-05-05,0.21211255266666665,0.386495886,5.284049416999999,3.547055835666667,43.03793355333334,55.372538123333335,6.686515074
4,2016-05-06,0.153208386,0.370495886,4.625299417,2.955389169,49.19626688666667,50.83087145666667,5.411515074
4,2016-05-07,0.39423755266666666,0.445695886,7.234466083666667,4.6037225023333335,49.59626688666666,39.247538123333335,8.740681740166666
4,2016-05-08,0.40482505266666663,0.506495886,7.788216083791667,5.386222502333333,36.69626688666667,44.16420479000001,10.3281817385
4,2016-05-09,0.32195005266666665,0.524795886,5.790299417,3.956222502333333,43.51293355333333,43.91420479000001,7.669848405833334
4,2016-05-10,0.2533875526666667,0.395795886,7.7615494172499995,5.157055835666667,41.275433553333336,72.99753812333334,9.390681738666666
4,2016-05-11,0.221795886,0.296295886,6.709466083666666,4.321222502333334,41.554600220000005,49.58087145666667,8.094848406333332
4,2016-05-12,0.10008755266666668,0.290795886,4.373216083666667,2.6753891690000002,43.59210022,46.03920479000001,5.7323484071666675
4,2016-05-13,0.5968375526666666,0.737595886,8.896132750958333,5.744972502333333,50.01293355333333,45.66420479000001,10.436515071666667
4,2016-05-14,0.15851255266666667,0.420295886,5.741549417000001,3.8524725023333333,57.833766886666666,82.99753812333334,7.215681740666667
4,2016-05-15,0.08607505266666667,0.183595886,4.972382750333334,3.3391391689999996,59.94210022000001,66.74753812333334,6.7323484071666675
4,2016-05-16,0.3215125526666667,0.479395886,6.815299416999999,4.632889168999999,56.175433553333335,63.58087145666667,8.561515072833332
4,2016-05-17,0.8066292193333333,0.965695886,12.2477994195,7.784972502333333,50.26710022,89.20587145666667,13.553181737166668
4,2016-05-18,0.845608386,0.893795886,11.409049419874998,7.583305835666667,49.69210022000001,91.12253812333334,13.440681736666667
4,2016-05-19,0.5431375526666666,0.816295886,8.825716084291667,5.962472502333333,55.31293355333333,78.66420479,10.740681737666668
4,2016-05-20,0.31968338599999996,0.404795886,6.834049417,4.357472502333334,58.17126688666667,71.45587145666667,8.165681739333333
4,2016-05-21,0.16545838599999999,0.299995886,5.601549417,3.600389169,59.56293355333333,69.20587145666667,6.919848407333333
4,2016-05-22,0.03303755325,0.128595886,3.364049417,2.2337225023333334,60.69210022000001,78.33087145666667,4.428181740666667
4,2016-05-23,0.32708755266666667,0.530595886,7.234466084041666,4.768305835666667,61.233766886666665,82.49753812333334,8.790681739333333
4,2016-05-24,0.09625005266666668,0.263395886,4.203216083666667,2.6528891690000003,66.75460022,80.16420479,5.299015074
4,2016-05-25,0.3263625526666667,0.522895886,7.4527994170000005,4.692889169,72.47960022,78.16420479,8.378181739333334
4,2016-05-26,0.2533917193333333,0.522595886,7.151132750333333,4.481639169,73.12960022,78.37253812333334,8.611515073
4,2016-05-27,0.12685005266666668,0.279095886,5.6540494169999995,3.631639169,73.42960022,76.33087145666667,7.103181739833334
4,2016-05-28,0.06647921933333333,0.211595886,3.614049417,2.3074725023333333,65.77543355333334,93.87253812333334,4.699015074
4,2016-05-29,0.352445886,0.449095886,7.4736327503333335,4.700389169,58.38376688666667,64.62253812333334,8.536515072333334
4,2016-05-30,0.15661255266666665,0.220295886,5.735299417,3.699139169,56.021266886666666,65.70587145666667,6.774015074
4,2016-05-31,0.07730838599999999,0.171195886,4.340716083666667,2.7083058356666663,54.39210022,59.83087145666667,5.390681740666667
4,2016-06-01,0.5282208860000001,0.783495886,9.578632751958333,6.122472502333333,63.47543355333334,66.58087145666667,10.7990150715
4,2016-06-02,0.32997505266666666,0.651695886,7.492382750708334,4.845805835666667,75.79626688666667,72.87253812333334,9.024015073
4,2016-06-03,0.15843338599999998,0.301095886,4.6836327503333335,2.9437225023333333,72.75876688666666,66.24753812333334,5.5573484073333335
4,2016-06-04,0.14146671933333332,0.221395886,3.867382750333334,2.554139169,71.38793355333333,63.66420479000001,4.928181740666667
4,2016-06-05,0.22285005266666666,0.315895886,5.8469660836666675,3.3849725023333335,71.39210022,69.20587145666667,7.653181739833333
4,2016-06-06,0.13581255266666667,0.260195886,5.696132750333334,3.646639169,64.52126688666667,55.08087145666667,6.874015074
4,2016-06-07,0.29429171933333337,0.433395886,6.8086327503333335,4.5708058356666665,63.70043355333333,60.247538123333335,8.528181739833334
4,2016-06-08,0.38775421933333337,0.507595886,7.877799416999999,4.866639169,73.20460022,52.41420479000001,8.769848406
4,2016-06-09,0.5305583859999999,0.869095886,9.561132751708334,5.977889169041667,72.65876688666667,67.78920479,10.703181738666666
4,2016-06-10,0.446920886,0.912595886,8.831132752083333,5.875389169083333,67.98793355333333,74.58087145666667,11.407348404666665
4,2016-06-11,0.5702167193333333,0.730895886,8.873632751458333,5.675389169,65.25876688666666,51.66420479000001,10.999015071833334
4,2016-06-12,0.14213755266666667,0.313795886,4.394466083666667,3.1199725023333333,60.98376688666667,68.78920479,6.674015073333333
4,2016-06-13,0.257245886,0.311495886,6.124466083666667,4.082055835666666,55.300433553333335,55.122538123333335,7.8323484070000005
4,2016-06-14,0.267333386,0.419095886,6.583632750333333,4.169972502333334,57.39210022,49.03920479000001,7.844848406333334
4,2016-06-15,0.2829250526666667,0.530495886,6.281549417,3.8945558356666665,62.22126688666666,51.247538123333335,7.365681740666667
4,2016-06-16,0.19692088600000002,0.362995886,5.880716083666667,3.619139169,67.12126688666667,50.247538123333335,6.919848407333333
4,2016-06-17,0.19860421933333336,0.255795886,6.100299417,3.7749725023333336,72.48793355333333,51.41420479000001,7.1198484073333335
4,2016-06-18,0.22277088599999997,0.259795886,5.604882750333334,3.5974725023333334,75.07960022,46.58087145666667,6.9990150736666665
4,2016-06-19,0.09087505366666666,0.203795886,4.852382750333334,3.1937225023333333,76.16710022,51.16420479000001,6.311515073333333
4,2016-06-20,0.08909172016666667,0.226795886,4.981549417,3.3058058356666664,71.13793355333333,82.45587145666667,7.194848405999999
4,2016-06-21,0.06493755266666666,0.194295886,4.696132750333334,2.9458058356666665,71.21293355333333,65.24753812333334,5.849015074
4,2016-06-22,0.12547505266666667,0.323595886,5.115299417,3.2745558356666664,67.00460022,87.37253812333334,6.794848407333333
4,2016-06-23,0.3004750526666667,0.439095886,6.807382750333333,4.546222502333333,63.79626688666667,69.87253812333334,8.928181739166666
4,2016-06-24,0.16736255266666666,0.262995886,5.496549417,3.449139169,63.46293355333333,73.16420479,7.203181739666667
4,2016-06-25,0.08912505266666666,0.155395886,4.245716083666667,2.604139169,67.90043355333334,63.91420479000001,5.0990150739999995
4,2016-06-26,0.15854171933333333,0.196995886,6.561132750333333,3.8224725023333335,69.62126688666667,81.08087145666667,7.340681739666667
4,2016-06-27,0.05153755266666666,0.128795886,3.5619660836666664,2.472889169,74.86710022,68.91420479,4.924015074000001
4,2016-06-28,0.216570886,0.396095886,6.4457160836666665,4.225805835666667,73.99626688666667,67.28920479,7.686515073
4,2016-06-29,0.28653755266666664,0.496395886,6.859466083666667,4.398305835666666,74.67543355333333,74.87253812333334,8.5406817395
4,2016-06-30,0.13341671933333335,0.212695886,5.7477994169999995,3.7133058356666666,76.64626688666667,79.91420479,7.003181740333333
4,2016-07-01,0.19875421933333334,0.328295886,5.396966083666666,3.3270558356666666,75.87960022,63.247538123333335,6.236515074
4,2016-07-02,0.013720888,0.065595886,2.3111327503333334,1.7028891689999999,75.11710022,66.03920479,3.382348407333333
4,2016-07-03,0.043558388,0.124695886,2.823216083666667,2.064139169,77.66710022,68.03920479,4.007348407333333
4,2016-07-04,0.027370887,0.090495886,2.388216083666667,1.5999725023333333,78.12126688666667,61.70587145666667,3.403181740666667
4,2016-07-05,0.009537553666666667,0.021495886,2.461966083666667,1.7749725023333334,78.32960022,64.16420479,3.8656817406666666
4,2016-07-06,0.057691719333333336,0.113095886,4.027799417,2.566639169,79.79626688666667,66.62253812333334,5.269848407333334
4,2016-07-07,0.072158386,0.139395886,3.2844660836666666,2.1895558356666665,76.79210022,78.49753812333334,5.2656817406666665
4,2016-07-08,0.02071255383333333,0.057395886,4.314466083666667,2.8658058356666665,78.10876688666666,73.99753812333334,5.611515074
4,2016-07-09,0.10235421933333333,0.269095886,4.517382750333334,2.9949725023333333,77.62543355333334,75.99753812333334,6.324015073999999
4,2016-07-10,0.2727792193333333,0.403095886,7.941966083791667,5.149555835666667,73.92126688666667,68.53920479,9.536515071666667
4,2016-07-11,0.11920421933333332,0.220995886,5.3711327503333335,3.221639169,73.55876688666667,63.28920479000001,6.140681740666667
4,2016-07-12,0.13695838600000002,0.291095886,5.431966083666667,3.6670558356666665,70.62126688666667,63.20587145666667,6.865681740333334
4,2016-07-13,0.03745005383333334,0.206695886,3.0336327503333336,2.185389169,70.69210022,66.28920479,4.3698484073333335
4,2016-07-14,0.382970886,0.481395886,8.004466083666665,5.144972502333333,74.91293355333333,65.49753812333334,9.278181739666666
4,2016-07-15,0.045933386,0.199195886,5.062382750333334,3.427889169,69.78376688666667,88.70587145666667,7.6490150733333335
4,2016-07-16,0.017029220333333334,0.077395886,3.4552994170000004,2.1087225023333334,69.62543355333334,74.37253812333334,4.428181740666667
4,2016-07-17,0.111945886,0.232495886,6.255716083666666,3.8574725023333336,75.82543355333333,69.99753812333334,7.049015074
4,2016-07-18,0.4822542193333333,0.656195886,9.017382750958333,5.893305835666666,80.46710022,76.37253812333334,10.669848405166666
4,2016-07-19,0.43496255266666667,0.610495886,8.35529941725,5.414972502333334,76.55876688666667,62.747538123333335,10.2615150715
4,2016-07-20,0.09685421933333334,0.265495886,3.8965494169999997,2.527055835666667,71.07126688666666,59.747538123333335,5.011515074
4,2016-07-21,0.16636255266666666,0.205695886,5.881132750333333,3.8399725023333335,70.62960022,75.24753812333334,7.2656817401666665
4,2016-07-22,0.14251671933333335,0.319595886,5.666132750333333,3.8870558356666667,70.22126688666667,73.45587145666667,7.374015074
4,2016-07-23,0.021754220333333334,0.141595886,4.104049417,2.6033058356666667,68.22126688666667,74.53920479,5.061515074
4,2016-07-24,0.026633387999999997,0.134095886,3.7873827503333337,2.3683058356666664,72.32543355333333,69.74753812333334,4.753181740666666
4,2016-07-25,0.20666255266666667,0.300495886,6.671132750333332,4.182055835666667,79.25043355333334,63.53920479000001,7.561515074
4,2016-07-26,0.22715005266666666,0.346795886,7.498216083666667,4.900389168999999,80.07543355333333,75.83087145666667,9.432348405833332
4,2016-07-27,0.218920886,0.270995886,6.621549417,4.154139169,74.68376688666667,60.41420479000001,7.569848406333333
4,2016-07-28,0.31325421933333336,0.655395886,6.973632750708333,4.351639169,73.76710022,59.91420479000001,9.053181739000001
4,2016-07-29,0.053120886,0.296795886,3.5507160836666665,2.4374725023333332,73.84626688666667,62.372538123333335,4.7865150739999995
4,2016-07-30,0.13406255266666667,0.180295886,5.351132750333334,3.5724725023333335,70.55876688666667,69.95587145666667,6.744848406833333
4,2016-07-31,0.06290005366666666,0.161295886,4.334882750333334,2.753305835666667,69.95460022,65.20587145666667,5.4323484073333335
4,2016-08-01,0.011354222333333332,0.083295886,2.558632750333333,1.9099725023333332,70.31293355333334,68.49753812333334,3.7823484073333336
4,2016-08-02,0.124020886,0.164995886,5.931132750333333,3.9133058356666663,66.93376688666667,80.16420479,7.503181740333333
4,2016-08-03,0.09297505266666667,0.151295886,6.341132750333333,4.305389169000001,61.69626688666667,66.03920479,8.090681739666666
4,2016-08-04,0.08327505266666667,0.162395886,4.4736327503333335,3.0103891689999998,60.550433553333335,62.03920479000001,5.624015074
4,2016-08-05,0.043004220333333336,0.115395886,3.694049417,2.143722502333333,64.79210022,61.41420479000001,4.1198484073333335
4,2016-08-06,0.016212554666666667,0.092495886,3.509882750333333,2.1687225023333334,67.34210022,62.83087145666667,4.153181740666667
4,2016-08-07,0.17302921933333335,0.251495886,5.757382750333334,3.5799725023333333,70.30460022,62.53920479000001,6.678181740666666
4,2016-08-08,0.18376671933333333,0.311895886,8.224466083916667,5.326639169,76.79210022,63.497538123333335,10.0948484055
4,2016-08-09,0.073858386,0.148495886,7.380299417124999,4.773722502333333,77.14626688666667,75.58087145666667,9.003181739333334
4,2016-08-10,0.08790005266666667,0.147595886,6.3261327503333336,4.0066391690000005,74.71710022,78.16420479,7.661515073333334
4,2016-08-11,0.04827505366666667,0.127995886,3.8194660836666667,2.2045558356666666,68.47543355333333,60.41420479000001,4.303181740666667
4,2016-08-12,0.03857921933333333,0.132595886,3.888632750333333,2.5249725023333336,70.85460022,59.372538123333335,4.707348407333334
4,2016-08-13,0.21964588599999998,0.450395886,4.990299417,2.9608058356666667,72.42960022,61.70587145666667,5.678181740666666
4,2016-08-14,0.04962505266666667,0.097995886,4.8015494169999995,2.8858058356666665,74.21710022,60.83087145666667,5.574015074000001
4,2016-08-15,0.11986255266666666,0.238795886,5.451966083666666,3.369139169,72.01710022,62.53920479000001,7.082348406833333
4,2016-08-16,0.11882921933333333,0.268395886,4.799466083666666,2.919555835666667,70.30043355333333,57.08087145666667,5.890681740333334
4,2016-08-17,0.083620886,0.144195886,5.235299417,3.3795558356666664,71.52543355333334,52.53920479000001,6.336515074
4,2016-08-18,0.054262552666666665,0.137295886,4.507382750333333,2.9474725023333335,67.63793355333333,51.08087145666667,5.886515073999999
4,2016-08-19,0.06341255266666666,0.269795886,4.385716083666667,2.6674725023333337,69.84626688666667,61.747538123333335,5.382348407333333
4,2016-08-20,0.25247505266666664,0.447995886,6.822799417,4.373722502333333,73.97543355333333,52.08087145666667,8.086515072666666
4,2016-08-21,0.11917921933333332,0.153695886,6.018632750333334,3.712889169,74.88376688666666,53.83087145666667,7.049015073666666
4,2016-08-22,0.08419171933333335,0.155095886,5.898632750333333,3.7316391689999997,74.35043355333333,63.497538123333335,7.269848406666667
4,2016-08-23,0.013058388166666665,0.061895886,4.102799417,2.494139169,75.30460022,72.58087145666667,5.124015074
4,2016-08-24,0.06776671933333334,0.120395886,4.854466083666667,3.0228891690000004,79.17126688666667,63.95587145666667,5.786515073333334
4,2016-08-25,0.08380005266666667,0.216195886,5.287382750333333,3.459139169,73.63793355333333,80.33087145666667,7.411515073666667
4,2016-08-26,0.28596255266666665,0.384495886,8.255299417249999,5.143305835666666,81.09210022,59.66420479000001,9.269848405833333
4,2016-08-27,0.26245421933333335,0.399895886,5.323216083666667,3.3862225023333337,79.12543355333334,68.70587145666667,7.007348407333333
4,2016-08-28,0.23928755266666668,0.368595886,6.503216083791667,4.208722502333333,73.25043355333334,85.37253812333334,9.494848405833332
4,2016-08-29,0.28834171933333336,0.424795886,7.805716083666667,5.108722502333333,68.07126688666666,59.83087145666667,9.494848405666668
4,2016-08-30,0.05149172033333333,0.172395886,4.236549417,2.717472502333333,63.26293355333333,66.03920479,5.357348407333333
4,2016-08-31,0.13547088599999998,0.329195886,7.131132750583333,4.374139169,65.18793355333334,75.62253812333334,8.178181739666668
4,2016-09-01,0.06164171933333334,0.216095886,2.7052994170000004,1.964139169,63.00460022000001,66.28920479,5.194848406999999
4,2016-09-02,0.22811255266666666,0.354895886,6.126132750333333,3.9420558356666664,67.85460022,62.622538123333335,7.182348406666667
4,2016-09-03,0.622720886,0.843395886,10.261549418875001,6.388722502375,67.06293355333334,49.747538123333335,11.778181738
4,2016-09-04,0.28801255266666664,0.377595886,7.034882750333334,4.390389169,62.28793355333334,51.247538123333335,8.119848406166666
4,2016-09-05,0.126233386,0.389295886,4.1436327503333334,2.877889169,64.69626688666666,60.247538123333335,5.432348406666667
4,2016-09-06,0.6180125526666667,0.772195886,10.062799418500001,6.091222502333333,66.27126688666667,78.20587145666667,11.482348404666666
4,2016-09-07,0.21282921933333332,0.512495886,6.428216083666666,4.077889169,60.72960022,61.747538123333335,7.907348406833333
4,2016-09-08,0.2647042193333333,0.300095886,8.487382750333333,5.714972502333333,53.88793355333333,75.37253812333334,10.2573484045
4,2016-09-09,0.2575917193333333,0.280195886,8.336966083666667,5.639555835666666,49.41710022,89.78920479,9.8490150725
4,2016-09-10,0.06587505266666667,0.144695886,4.981966083666666,3.441639169,49.15043355333333,88.45587145666667,6.340681740666667
4,2016-09-11,0.18397505266666667,0.273895886,6.500299417,4.047889169,54.712933553333336,83.95587145666667,7.078181740333334
4,2016-09-12,0.2543667193333333,0.354195886,7.7357160836666665,4.834139169,63.12126688666667,91.03920479,8.574015073
4,2016-09-13,0.16973755266666668,0.262895886,5.275716083666667,3.6333058356666665,60.97960022,80.12253812333334,6.599015073333334
4,2016-09-14,0.131995886,0.266695886,5.4457160836666665,3.3270558356666666,61.72960022,80.16420479,5.990681740666667
4,2016-09-15,0.5025250526666667,0.578595886,9.672382751583333,5.979139169,66.59210022,70.37253812333334,10.4281817385
4,2016-09-16,0.2484792193333333,0.488295886,8.343216084291667,5.324972502333334,66.93793355333334,69.37253812333334,9.532348406166667
4,2016-09-17,0.05112921933333334,0.098195886,4.123216083666667,2.557889169,56.79210022,69.33087145666667,5.0365150739999995
4,2016-09-18,0.055770887,0.132295886,4.699882750333333,2.9999725023333332,50.97960022,60.03920479000001,5.790681740666667
4,2016-09-19,0.11072505266666666,0.170495886,5.056132750333333,2.846222502333333,52.05460022,63.747538123333335,5.290681740666667
4,2016-09-20,0.26261255266666667,0.404295886,7.269882750333333,4.321639169,56.525433553333336,59.747538123333335,7.690681739666666
4,2016-09-21,0.36570005266666666,0.617095886,8.487799417125,5.082055835666667,61.01293355333333,54.91420479000001,9.132348406
4,2016-09-22,0.10885421933333334,0.258095886,5.424049417,3.0458058356666666,65.12126688666667,68.45587145666667,5.536515074
4,2016-09-23,0.10692088599999999,0.217195886,5.370299417000001,2.8987225023333334,65.72543355333333,68.91420479,5.253181740666666
4,2016-09-24,0.12645005266666667,0.186395886,6.355299417,3.687055835666667,64.43793355333334,81.78920479,6.71568174
4,2016-09-25,0.39399588599999996,0.599595886,9.078216084416667,5.7062225023333335,67.14210022,67.16420479,10.132348405
4,2016-09-26,0.3488542193333333,0.448695886,9.539466084666666,6.116639169,71.45876688666667,66.37253812333334,11.149015071666668
4,2016-09-27,0.25655838599999997,0.339895886,7.566549417249999,4.778305835666667,62.425433553333335,74.62253812333334,9.236515072833333
4,2016-09-28,0.230545886,0.461395886,6.605299417,4.224555835666666,53.53376688666666,76.66420479,8.0406817395
4,2016-09-29,0.154495886,0.193795886,6.631132750333333,4.069555835666667,50.47126688666666,75.66420479,7.428181740333334
4,2016-09-30,0.30930005266666666,0.481495886,8.789882751083333,5.3362225023333325,50.42960022,72.33087145666667,9.582348405833335
4,2016-10-01,0.185245886,0.253895886,6.852382750333334,4.4058058356666665,48.050433553333335,80.45587145666667,8.615681739666668
4,2016-10-02,0.021233387000000003,0.082595886,3.2044660836666665,1.9537225023333333,43.21710022,67.41420479,3.8031817406666666
4,2016-10-03,0.033554219333333336,0.080195886,3.7457160836666668,2.4308058356666664,44.09626688666666,79.08087145666667,5.111515074000001
4,2016-10-04,0.08975838600000001,0.174495886,4.944049417,3.251639169,41.62126688666667,70.66420479,5.986515074
4,2016-10-05,0.5545500526666667,0.791595886,10.096966085416666,6.270805835666667,48.81710022000001,54.622538123333335,11.015681738166668
4,2016-10-06,0.32001671933333337,0.449795886,8.237382750958334,4.931222502333333,59.69626688666667,56.997538123333335,9.1990150725
4,2016-10-07,0.3637667193333333,0.697495886,7.414882750333334,4.717055835666667,58.85043355333334,54.872538123333335,8.211515072666666
4,2016-10-08,0.13032921933333333,0.305295886,4.829049417,2.7699725023333333,52.10460022,60.122538123333335,5.1406817406666665
4,2016-10-09,0.5816042193333334,0.818695886,10.516132752583333,6.496639169000001,63.60460022,66.03920479,11.474015070999998
4,2016-10-10,0.22458338600000002,0.405095886,7.437799417250001,4.686639169,59.63376688666667,66.95587145666667,8.5990150735
4,2016-10-11,0.29922505266666666,0.591695886,7.7848827509583325,4.969555835666667,53.63376688666667,81.83087145666667,8.832348406166666
4,2016-10-12,0.6474000526666667,0.793295886,10.952382752333333,6.724555835666667,55.59210022,75.95587145666667,12.303181737666668
4,2016-10-13,0.5562917193333333,0.758195886,10.113216085166666,5.895389169,52.87960021999999,47.372538123333335,10.515681738833333
4,2016-10-14,0.560320886,0.898895886,10.484466085541667,6.315389169041667,54.087933553333336,52.03920479000001,11.124015071499999
4,2016-10-15,0.5984292193333333,0.834895886,9.562799417875,6.302889169,43.71710022,51.66420479000001,11.786515071000002
4,2016-10-16,0.395670886,0.629395886,7.639466084291667,4.697055835666666,40.492100220000005,59.91420479000001,9.307348405833332
4,2016-10-17,0.597220886,0.874895886,10.787799418625,6.719555835666667,46.93793355333333,51.91420479000001,12.124015071666667
4,2016-10-18,0.21955421933333333,0.576695886,6.019049417125,4.122055835666667,39.75043355333333,61.53920479000001,7.7740150733333335
4,2016-10-19,0.04073755266666667,0.072695886,3.6082160836666666,2.2958058356666666,32.78793355333333,60.33087145666667,4.6198484073333335
4,2016-10-20,0.15783755266666666,0.407795886,5.203216083666667,3.282889169,37.046266886666665,79.53920479,6.2531817405000005
4,2016-10-21,0.225608386,0.560095886,4.989466083666667,3.462889169,43.17126688666667,73.41420479,6.407348407333333
4,2016-10-22,0.371370886,0.612195886,8.083216083791667,5.015805835666667,42.93376688666667,87.03920479,12.274015072
4,2016-10-23,0.3850250526666667,0.485395886,9.002382750708334,5.901222502333333,38.296266886666665,84.12253812333334,11.419848404666666
4,2016-10-24,0.041408386,0.173895886,4.571966083666667,2.9237225023333333,32.96710022,66.87253812333334,5.590681740666667
4,2016-10-25,0.053404219333333336,0.109595886,4.336549417,3.252889169,32.41710022,68.24753812333334,6.107348407333333
4,2016-10-26,0.115920886,0.190495886,5.814882750333333,3.7712225023333334,29.471266886666665,67.12253812333334,6.986515073666666
4,2016-10-27,0.158770886,0.488495886,5.123216083666667,3.181639169,29.933766886666664,57.58087145666667,5.899015074
4,2016-10-28,0.34534588600000005,0.705395886,7.520716083666667,4.409972502333333,37.837933553333336,56.372538123333335,7.936515074
4,2016-10-29,0.39881255266666665,0.650895886,7.121549417375,4.614972502333333,35.300433553333335,68.12253812333334,8.553181739333334
4,2016-10-30,0.08372921933333333,0.395095886,3.841549417,2.1962225023333333,30.54626688666667,65.70587145666667,4.240681740666667
4,2016-10-31,0.8217750526666667,0.933495886,11.639466086041667,7.372055835666667,41.43793355333333,66.08087145666667,12.949015071
4,2016-11-01,0.7886667193333333,0.974395886,12.260299419125,8.197889169208333,32.24626688666667,46.66420479000001,15.061515070833332
4,2016-11-02,0.33126671933333335,0.604395886,8.513632750583334,4.9458058356666665,36.53376688666666,48.28920479000001,8.732348406
4,2016-11-03,0.2713542193333333,0.489695886,8.250299417999999,4.514555835666667,48.84626688666666,59.91420479000001,7.7823484065
4,2016-11-04,0.370433386,0.521095886,8.654049417,4.744139169,55.50043355333333,66.78920479,8.178181739833333
4,2016-11-05,0.154495886,0.333295886,6.230716083666667,3.183305835666667,55.15460022,74.03920479,5.511515073999999
4,2016-11-06,0.2969000526666667,0.372595886,8.621549417875,4.873722502333333,57.300433553333335,75.83087145666667,8.307348405833332
4,2016-11-07,0.4542000526666667,0.575895886,10.198216085291667,6.167472502333333,59.550433553333335,72.70587145666667,10.824015071666667
4,2016-11-08,0.296220886,0.428595886,9.536966084791667,5.847889168999999,61.35043355333334,77.74753812333334,10.203181738333333
4,2016-11-09,0.4925167193333333,0.721195886,11.392799419625,7.307889169,65.94626688666666,74.12253812333334,12.886515070333333
4,2016-11-10,0.38338755266666663,0.610795886,8.699466084666666,5.773722502583333,53.30460022,89.74753812333334,13.5990150715
4,2016-11-11,0.33616255266666667,0.642195886,8.043216084291666,5.290389169041666,35.97126688666667,59.08087145666667,10.003181739
4,2016-11-12,0.1807250526666667,0.241895886,6.629466083666667,3.879972502333333,40.054600220000005,74.99753812333334,6.949015073833333
4,2016-11-13,0.18847505266666667,0.391695886,6.686132750583333,4.434555835666667,28.20460022,62.41420479000001,8.328181739666666
4,2016-11-14,0.7103125526666667,0.953095886,11.012799419125,6.892472502333334,35.59626688666666,71.58087145666667,12.157348404499999
4,2016-11-15,0.779745886,0.955495886,12.923632752833333,8.664972502583334,37.642100219999996,74.87253812333334,15.6573484035
4,2016-11-16,0.28717505266666665,0.743595886,6.868216084291666,4.494972502333334,30.779600220000003,64.33087145666667,8.782348406
4,2016-11-17,0.272133386,0.557695886,6.805716083916667,4.324972502333334,28.22960022,58.70587145666667,7.861515073333333
4,2016-11-18,0.705495886,0.931595886,10.770299419125001,6.594972502333333,38.10043355333333,52.997538123333335,11.290681737999998
4,2016-11-19,0.584345886,0.925295886,10.237382751958334,5.924139169,51.88376688666667,58.58087145666667,10.540681738
4,2016-11-20,0.2579167193333333,0.406795886,7.731132750333333,4.703305835666667,43.50460022000001,71.08087145666667,8.424015072833333
4,2016-11-21,0.049570887583333334,0.141495886,2.368216083666667,1.5278891689999998,32.65876688666667,73.08087145666667,2.9865150739999997
4,2016-11-22,0.0536000535,0.137595886,4.736966083666666,3.0403891690000004,33.13793355333333,81.16420479,5.028181740666667
4,2016-11-23,0.06286671933333333,0.150095886,5.196966083666667,3.1745558356666668,32.233766886666665,77.83087145666667,5.790681740666667
4,2016-11-24,0.3290417193333333,0.435495886,7.574882750333334,4.617889169,34.612933553333335,93.53920479,8.061515073666667
4,2016-11-25,0.17124171933333332,0.276195886,5.335716083666667,3.3703891689999996,38.108766886666665,95.37253812333334,5.865681740666666
4,2016-11-26,0.22761671933333336,0.349795886,5.817799417,3.647472502333333,38.31293355333333,82.12253812333334,6.586515073166667
4,2016-11-27,0.185433386,0.359795886,5.569466083666666,3.3233058356666665,30.66710022,77.16420479,5.9531817401666665
4,2016-11-28,0.4103750526666667,0.556995886,8.285716083916666,4.621639169,36.46710022,67.45587145666667,7.9615150733333335
4,2016-11-29,0.7345458859999999,0.868995886,9.353216084666666,5.780389169,36.66710022,70.78920479,10.136515071833333
4,2016-11-30,0.4620417193333333,0.743095886,8.85529941825,6.133722502333334,26.54210022,55.70587145666667,11.119848404499999
4,2016-12-01,0.128695886,0.194695886,5.934049417,3.6166391690000004,24.66710022,59.872538123333335,6.478181740666667
4,2016-12-02,0.2820792193333333,0.622595886,7.446132750458333,4.087889168999999,30.11710022,45.53920479000001,6.940681740666666
4,2016-12-03,0.401283386,0.595995886,8.290299417249999,5.102472502333334,32.10043355333333,69.66420479,8.940681739666667
4,2016-12-04,0.14970005266666667,0.428395886,5.991549417000001,3.610389169,32.63793355333333,70.66420479,6.428181740666666
4,2016-12-05,0.026908386000000003,0.072195886,3.531132750333333,1.9812225023333332,27.962933553333333,74.58087145666667,3.6406817406666665
4,2016-12-06,0.004479219916666667,0.019895886,3.0598827503333332,1.9341391689999998,30.492100219999998,71.95587145666667,3.6448484073333334
4,2016-12-07,0.012616719916666666,0.033495886,3.336549417,2.0570558356666666,31.121266886666664,70.78920479,3.861515074
4,2016-12-08,0.22811671933333333,0.353295886,6.246549417,3.797889169,29.45460022,81.58087145666667,6.665681739833333
4,2016-12-09,0.17978755266666668,0.318195886,6.1298827503333335,3.2570558356666663,34.171266886666665,77.41420479,5.565681740666666
4,2016-12-10,0.207345886,0.430995886,6.094466083666667,3.299139169,36.337933553333336,76.95587145666667,5.457348407333334
4,2016-12-11,0.6940625526666667,0.871395886,10.123632751708334,6.509555835666667,34.19210022,81.49753812333334,11.261515070666666
4,2016-12-12,0.6855958860000001,0.942295886,11.417799419124998,7.173722502375,29.583766886666666,81.08087145666667,12.949015071
4,2016-12-13,0.09336671933333333,0.193395886,4.941132750333334,2.921639169,21.458766886666666,76.70587145666667,4.899015074
4,2016-12-14,0.29548755266666665,0.549895886,7.624882750333334,4.634555835666666,18.742100220166666,61.95587145666667,8.419848405833333
4,2016-12-15,0.053437552666666666,0.136795886,3.9244660836666667,2.5678891690000003,16.083766887333333,65.24753812333334,4.086515074
4,2016-12-16,0.09313755266666666,0.193595886,5.161966083666667,2.9274725023333334,24.94210022,79.20587145666667,5.007348407333334
4,2016-12-17,0.012637553250000001,0.065795886,2.3982160836666666,2.1145558356666667,23.175433553333335,77.45587145666667,2.8156817406666668
4,2016-12-18,0.32221255266666665,0.495995886,8.366966084541668,4.739555835666667,23.571266886666667,83.95587145666667,7.874015072833334
4,2016-12-19,0.071333386,0.267395886,4.435299417,2.317055835666667,32.41710022,89.74753812333334,4.1198484073333335
4,2016-12-20,0.23255421933333334,0.405995886,6.769466083666667,3.8983058356666667,27.50460022,84.24753812333334,6.690681740666666
4,2016-12-21,0.3908375526666667,0.464095886,8.981549417875,5.3191391690000005,32.150433553333336,84.41420479,9.324015072166667
4,2016-12-22,0.3061375526666667,0.702295886,8.026132751083333,4.707889169,29.800433553333335,83.20587145666667,8.432348406333334
4,2016-12-23,0.9110292193333334,0.962495886,14.107382753333333,8.955389169166667,38.53793355333333,66.53920479,15.732348403333333
4,2016-12-24,0.7005125526666666,0.952495886,9.759049418,7.044972502333334,11.654600221,48.122538123333335,13.128181736833334
4,2016-12-25,0.303620886,0.425295886,7.563216083666667,5.007472502333333,13.067100221666665,47.247538123333335,9.094848406833334
4,2016-12-26,0.10254171933333334,0.251395886,4.814049417,3.207055835666667,20.012933553333333,63.03920479000001,5.824015074000001
4,2016-12-27,0.22907505266666664,0.352995886,6.9177994172499995,4.324555835666667,27.462933553333333,76.24753812333334,7.628181739833334
4,2016-12-28,0.292133386,0.370295886,7.283216083666666,4.597472502333333,22.29210022,67.16420479,8.282348406999999
4,2016-12-29,0.2245500526666667,0.474095886,6.290716084416666,4.004555835666667,20.04210022,77.74753812333334,7.044848406333333
4,2016-12-30,0.45631671933333334,0.655595886,8.869466083916667,5.510389169,25.975433553333332,83.83087145666667,9.590681738999999
4,2016-12-31,0.19095421933333334,0.336295886,5.054882750333333,2.562055835666667,13.6587668875,84.74753812333334,4.211515074
