dt,P_op_MW,P_2050_MW
2020-01-01 00:00:00,67.90432167053223,13869.805749893188
2020-01-01 01:00:00,109.33719730377197,10809.519108772278
2020-01-01 02:00:00,174.81525230407715,11699.319786071777
2020-01-01 03:00:00,158.0158405303955,11738.29193687439
2020-01-01 04:00:00,139.96948623657227,11104.11557006836
2020-01-01 05:00:00,123.52513980865479,10513.460078239441
2020-01-01 06:00:00,137.68603324890137,11031.039160728455
2020-01-01 07:00:00,141.51490879058838,10027.407880783081
2020-01-01 08:00:00,161.1933765411377,9778.799240112305
2020-01-01 09:00:00,187.0564022064209,11142.335147857666
2020-01-01 10:00:00,195.3900384902954,13965.576786994934
2020-01-01 11:00:00,215.00132417678833,14111.877803325653
2020-01-01 12:00:00,265.37649726867676,16109.386628627777
2020-01-01 13:00:00,265.16733169555664,19772.298833847046
2020-01-01 14:00:00,255.0230679512024,15971.943713665009
2020-01-01 15:00:00,311.3616352081299,17302.160948753357
2020-01-01 16:00:00,241.99145889282227,17552.22971343994
2020-01-01 17:00:00,414.4966697692871,20493.54146385193
2020-01-01 18:00:00,466.0322971343994,21838.795932769775
2020-01-01 19:00:00,448.0904026031494,25061.55613899231
2020-01-01 20:00:00,465.4292106628418,26485.794578552246
2020-01-01 21:00:00,504.3888053894043,27202.136533737183
2020-01-01 22:00:00,572.4760437011719,31584.46443939209
2020-01-01 23:00:00,532.19557762146,32035.191371917725
2020-01-02 00:00:00,568.7206172943115,34103.55070114136
2020-01-02 01:00:00,649.5369815826416,36547.67766189575
2020-01-02 02:00:00,709.840986251831,35216.61184310913
2020-01-02 03:00:00,707.788516998291,33547.72193336487
2020-01-02 04:00:00,627.9375610351562,33212.17245864868
2020-01-02 05:00:00,616.6614875793457,38809.58116340637
2020-01-02 06:00:00,792.6772804260254,43448.64095687866
2020-01-02 07:00:00,771.4077415466309,43986.41837310791
2020-01-02 08:00:00,784.4881896972656,46154.665031433105
2020-01-02 09:00:00,797.0308227539062,47519.12057876587
2020-01-02 10:00:00,845.3951759338379,49206.635303497314
2020-01-02 11:00:00,901.443962097168,51175.38489532471
2020-01-02 12:00:00,915.7805023193359,52125.93746948242
2020-01-02 13:00:00,910.6354522705078,53017.68575286865
2020-01-02 14:00:00,953.9460601806641,53067.1589050293
2020-01-02 15:00:00,938.3015213012695,53099.87423706055
2020-01-02 16:00:00,946.3263702392578,53456.349266052246
2020-01-02 17:00:00,961.6413421630859,53634.41209411621
2020-01-02 18:00:00,961.987922668457,53935.89273071289
2020-01-02 19:00:00,957.2300033569336,54069.788078308105
2020-01-02 20:00:00,961.0925140380859,54182.01909637451
2020-01-02 21:00:00,960.9120864868164,54110.46122741699
2020-01-02 22:00:00,962.7501678466797,54239.87195587158
2020-01-02 23:00:00,961.4421005249023,54265.67336273193
2020-01-03 00:00:00,960.4882507324219,54205.114028930664
2020-01-03 01:00:00,961.3359146118164,54308.22148895264
2020-01-03 02:00:00,961.9078140258788,54328.03008270264
2020-01-03 03:00:00,961.4488296508789,54074.665451049805
2020-01-03 04:00:00,962.3533706665039,54170.64176940918
2020-01-03 05:00:00,963.4784469604492,54063.20412445068
2020-01-03 06:00:00,963.1424560546875,53426.986068725586
2020-01-03 07:00:00,963.3514251708984,49598.759925842285
2020-01-03 08:00:00,945.0840148925781,41672.144775390625
2020-01-03 09:00:00,887.1940078735352,38287.15100860596
2020-01-03 10:00:00,628.0340423583984,37989.56643676758
2020-01-03 11:00:00,511.7753143310547,35209.98551940918
2020-01-03 12:00:00,765.2931632995605,43160.56562805176
2020-01-03 13:00:00,881.8674926757812,44961.906394958496
2020-01-03 14:00:00,574.1961288452148,46835.81709289551
2020-01-03 15:00:00,849.060962677002,50563.90655899048
2020-01-03 16:00:00,929.0691223144531,50043.67060852051
2020-01-03 17:00:00,918.5247344970703,48854.61178588867
2020-01-03 18:00:00,882.290885925293,47366.23859786987
2020-01-03 19:00:00,915.3442840576172,51728.07664489746
2020-01-03 20:00:00,918.6580047607422,49773.3586769104
2020-01-03 21:00:00,924.7675704956055,52069.97664260864
2020-01-03 22:00:00,930.6957473754883,52574.96881866455
2020-01-03 23:00:00,930.0665130615234,52911.48426055908
2020-01-04 00:00:00,939.9182968139648,53161.37490081787
2020-01-04 01:00:00,920.608528137207,53121.2347946167
2020-01-04 02:00:00,949.2282180786133,53612.64670562744
2020-01-04 03:00:00,958.4907150268554,53676.54899597168
2020-01-04 04:00:00,952.755256652832,53665.86423492432
2020-01-04 05:00:00,948.4590148925781,53642.27163696289
2020-01-04 06:00:00,959.4516372680664,53967.34394836426
2020-01-04 07:00:00,958.3794326782227,54054.62769317627
2020-01-04 08:00:00,956.6094207763672,53912.23748779297
2020-01-04 09:00:00,959.4601974487305,54168.17616271973
2020-01-04 10:00:00,961.6860809326172,54239.59029388428
2020-01-04 11:00:00,956.6160583496094,53057.15099334717
2020-01-04 12:00:00,949.7421569824219,48389.36701965332
2020-01-04 13:00:00,957.0559005737304,48732.26410675049
2020-01-04 14:00:00,935.3206176757812,41567.838203430176
2020-01-04 15:00:00,854.6329879760742,26307.85118484497
2020-01-04 16:00:00,856.5649185180664,20173.532131284475
2020-01-04 17:00:00,666.5034599304199,12533.594265937805
2020-01-04 18:00:00,487.34979248046875,10354.663822174072
2020-01-04 19:00:00,440.8113250732422,14792.179960250854
2020-01-04 20:00:00,354.4754161834717,13246.21188545227
2020-01-04 21:00:00,211.43932151794434,11555.216716766357
2020-01-04 22:00:00,170.9743423461914,14425.874297142029
2020-01-04 23:00:00,71.26786422729492,9761.637680530548
2020-01-05 00:00:00,40.48095512390137,8941.979371502995
2020-01-05 01:00:00,20.888110160827637,6877.7231222987175
2020-01-05 02:00:00,17.044668912887573,7601.260031461716
2020-01-05 03:00:00,84.09854459762573,9858.666382312775
2020-01-05 04:00:00,181.12952756881714,15911.339210510254
2020-01-05 05:00:00,229.82648754119873,21760.431886672974
2020-01-05 06:00:00,420.1655578613281,27069.178886413574
2020-01-05 07:00:00,331.7170467376709,27398.513973236084
2020-01-05 08:00:00,379.08823013305664,28951.87827682495
2020-01-05 09:00:00,611.7613487243652,33844.6166267395
2020-01-05 10:00:00,684.4497718811035,38260.52484512329
2020-01-05 11:00:00,739.3439865112305,40186.56391143799
2020-01-05 12:00:00,776.2332763671875,42750.48952484131
2020-01-05 13:00:00,826.9858474731445,43554.936279296875
2020-01-05 14:00:00,804.5881919860839,43362.25212097168
2020-01-05 15:00:00,764.112735748291,42465.13768386841
2020-01-05 16:00:00,676.7059631347656,42432.121238708496
2020-01-05 17:00:00,763.4180679321289,43044.459003448486
2020-01-05 18:00:00,749.936710357666,43831.22123336792
2020-01-05 19:00:00,750.6831893920898,43854.03257751465
2020-01-05 20:00:00,744.8682556152343,40585.01498794556
2020-01-05 21:00:00,771.8635711669922,39367.51501083374
2020-01-05 22:00:00,804.490104675293,42938.47235870361
2020-01-05 23:00:00,721.7215423583984,41827.073444366455
2020-01-06 00:00:00,697.9960021972656,37541.64509010315
2020-01-06 01:00:00,721.9934959411621,37190.61737823486
2020-01-06 02:00:00,766.5895767211914,36636.00796508789
2020-01-06 03:00:00,775.5129013061523,35853.47431182861
2020-01-06 04:00:00,768.079345703125,38209.09774017334
2020-01-06 05:00:00,760.0477523803711,40906.228286743164
2020-01-06 06:00:00,868.8829803466797,41613.53534698486
2020-01-06 07:00:00,843.9692611694336,43589.629276275635
2020-01-06 08:00:00,744.6725006103516,47796.90775299072
2020-01-06 09:00:00,926.9375457763672,50937.03269195557
2020-01-06 10:00:00,948.8178482055664,52661.94414520264
2020-01-06 11:00:00,945.7223663330078,52837.19744873047
2020-01-06 12:00:00,946.9440078735352,53017.002601623535
2020-01-06 13:00:00,923.6463623046875,52443.51647949219
2020-01-06 14:00:00,893.1783599853516,52021.79976654053
2020-01-06 15:00:00,895.8251876831055,52421.866760253906
2020-01-06 16:00:00,930.9788513183594,52915.20021820068
2020-01-06 17:00:00,960.5556945800781,53735.59725189209
2020-01-06 18:00:00,962.4389572143555,53749.95008087158
2020-01-06 19:00:00,947.5026321411133,52782.11878967285
2020-01-06 20:00:00,932.6050109863281,52862.603019714355
2020-01-06 21:00:00,939.9965972900391,53660.63469696045
2020-01-06 22:00:00,953.2833099365234,53633.76665496826
2020-01-06 23:00:00,925.5359573364258,52430.50662994385
2020-01-07 00:00:00,929.0107192993164,50464.94731140137
2020-01-07 01:00:00,874.5063629150391,49033.56391906738
2020-01-07 02:00:00,897.3340911865234,48172.16078567505
2020-01-07 03:00:00,822.2238693237305,42052.984939575195
2020-01-07 04:00:00,774.2666816711426,37082.887088775635
2020-01-07 05:00:00,669.4023132324219,34743.778732299805
2020-01-07 06:00:00,555.8239841461182,26843.49313545227
2020-01-07 07:00:00,466.02364921569824,12141.83334159851
2020-01-07 08:00:00,298.9866876602173,9736.070644378662
2020-01-07 09:00:00,273.8890914916992,19265.660552978516
2020-01-07 10:00:00,675.0052032470703,37614.47178649902
2020-01-07 11:00:00,906.966064453125,47323.95595550537
2020-01-07 12:00:00,959.02587890625,50827.08321380615
2020-01-07 13:00:00,934.3926315307617,53471.35485076904
2020-01-07 14:00:00,961.2704162597656,53897.05408477783
2020-01-07 15:00:00,960.8816986083984,54138.12696838379
2020-01-07 16:00:00,962.4320678710938,54198.50676727295
2020-01-07 17:00:00,963.6549072265625,54199.27906036377
2020-01-07 18:00:00,964.0888290405273,54141.28804779053
2020-01-07 19:00:00,966.5103378295898,54010.017150878906
2020-01-07 20:00:00,966.0696563720703,54065.92637634277
2020-01-07 21:00:00,965.7245635986328,54107.281425476074
2020-01-07 22:00:00,965.2251663208008,53961.37903594971
2020-01-07 23:00:00,963.2260284423828,53937.62124633789
2020-01-08 00:00:00,961.5285491943359,54049.80921173096
2020-01-08 01:00:00,963.0719375610352,54232.392150878906
2020-01-08 02:00:00,966.0676116943359,54138.57667541504
2020-01-08 03:00:00,961.9440155029296,54212.91329956055
2020-01-08 04:00:00,962.7904739379883,54238.51811981201
2020-01-08 05:00:00,961.2312240600586,54167.97294616699
2020-01-08 06:00:00,961.3776626586914,54019.00662231445
2020-01-08 07:00:00,959.2516326904297,53204.06024169922
2020-01-08 08:00:00,957.2684936523438,53061.75008392334
2020-01-08 09:00:00,925.2813034057617,49158.19825744629
2020-01-08 10:00:00,862.0483169555664,42764.03347015381
2020-01-08 11:00:00,822.2098999023438,37215.80712890625
2020-01-08 12:00:00,722.702808380127,31269.215606689453
2020-01-08 13:00:00,699.7532539367676,31458.079120635986
2020-01-08 14:00:00,557.0778732299805,28254.380323410034
2020-01-08 15:00:00,382.5601749420166,21090.190439224243
2020-01-08 16:00:00,164.0013484954834,14668.364349365234
2020-01-08 17:00:00,127.90433979034424,15618.232228279114
2020-01-08 18:00:00,106.07670664787292,12375.206334710121
2020-01-08 19:00:00,64.94419118948281,9253.918594270945
2020-01-08 20:00:00,64.34969139099121,7202.1160709783435
2020-01-08 21:00:00,44.05061340332031,4836.221111088991
2020-01-08 22:00:00,40.355552673339844,4551.507091283798
2020-01-08 23:00:00,19.155529975891113,2484.9744693934917
2020-01-09 00:00:00,32.345217660069466,2687.0302789211273
2020-01-09 01:00:00,131.960919380188,5862.354785203934
2020-01-09 02:00:00,205.89348602294922,13697.758431434631
2020-01-09 03:00:00,372.54712677001953,19546.97974395752
2020-01-09 04:00:00,346.63460767269135,26611.028411775827
2020-01-09 05:00:00,576.6605072021484,36587.90805053711
2020-01-09 06:00:00,725.4425659179688,49578.593322753906
2020-01-09 07:00:00,895.4116592407227,53045.94736480713
2020-01-09 08:00:00,962.361930847168,53865.17166900635
2020-01-09 09:00:00,960.6345520019531,54088.265769958496
2020-01-09 10:00:00,960.0884246826172,54077.905616760254
2020-01-09 11:00:00,959.9486999511719,54161.74499511719
2020-01-09 12:00:00,960.2057037353514,54282.68253326416
2020-01-09 13:00:00,961.2463989257812,54240.93670654297
2020-01-09 14:00:00,954.0231704711914,53826.534729003906
2020-01-09 15:00:00,929.9368896484375,53010.89842224121
2020-01-09 16:00:00,946.9345550537109,51186.61192321777
2020-01-09 17:00:00,932.1008453369141,48284.70048522949
2020-01-09 18:00:00,850.2633094787598,37583.00101470947
2020-01-09 19:00:00,840.3014755249023,26634.799392700195
2020-01-09 20:00:00,820.3756942749023,20390.86199569702
2020-01-09 21:00:00,471.78496170043945,18937.128189086914
2020-01-09 22:00:00,531.2919998168945,22225.794052124023
2020-01-09 23:00:00,452.42078399658203,20571.472579956055
2020-01-10 00:00:00,410.9542808532715,16400.029376983643
2020-01-10 01:00:00,350.8046090602875,15191.79248046875
2020-01-10 02:00:00,188.60630345344543,18258.417574882507
2020-01-10 03:00:00,97.80784893035889,27634.651371002197
2020-01-10 04:00:00,241.1507453918457,29668.53867340088
2020-01-10 05:00:00,229.13101196289062,36258.48380661011
2020-01-10 06:00:00,350.5522689819336,38825.112186431885
2020-01-10 07:00:00,482.29208755493164,43329.13193321228
2020-01-10 08:00:00,758.600658416748,42890.63735961914
2020-01-10 09:00:00,899.9791107177734,42267.291648864746
2020-01-10 10:00:00,910.1326599121094,38839.01842498779
2020-01-10 11:00:00,915.4514923095703,35354.815773010254
2020-01-10 12:00:00,864.9656829833984,30722.22982788086
2020-01-10 13:00:00,855.5050926208496,36187.22029495239
2020-01-10 14:00:00,828.5705795288086,27589.859657287598
2020-01-10 15:00:00,766.0427169799805,17391.107809066772
2020-01-10 16:00:00,647.0435371398926,10075.524284362793
2020-01-10 17:00:00,508.5745048522949,5775.812888145447
2020-01-10 18:00:00,285.04103088378906,3928.4417362213135
2020-01-10 19:00:00,176.24602031707764,5443.779816627502
2020-01-10 20:00:00,113.38379514217377,9797.025120139122
2020-01-10 21:00:00,130.98268508911133,21700.001205444336
2020-01-10 22:00:00,278.95714950561523,31207.71975326538
2020-01-10 23:00:00,398.8387928009033,40225.75802230835
2020-01-11 00:00:00,679.7976379394531,47247.941844940186
2020-01-11 01:00:00,732.2952575683594,50498.95859527588
2020-01-11 02:00:00,918.9908599853516,52671.78173828125
2020-01-11 03:00:00,958.1824722290039,53198.584968566895
2020-01-11 04:00:00,955.3256683349609,53237.89894866943
2020-01-11 05:00:00,946.4924240112305,53218.31233215332
2020-01-11 06:00:00,951.8319396972656,53391.03260803223
2020-01-11 07:00:00,957.9888687133789,53797.88111114502
2020-01-11 08:00:00,963.2755355834961,53799.59394073486
2020-01-11 09:00:00,961.9306869506836,54111.12950897217
2020-01-11 10:00:00,960.7633285522461,54140.5633392334
2020-01-11 11:00:00,963.234977722168,54119.114753723145
2020-01-11 12:00:00,962.5514602661132,54190.259437561035
2020-01-11 13:00:00,964.6425476074219,54116.17842102051
2020-01-11 14:00:00,965.9654388427734,54062.629570007324
2020-01-11 15:00:00,964.7566680908203,54112.738273620605
2020-01-11 16:00:00,965.1054000854492,53908.37314605713
2020-01-11 17:00:00,965.7604293823242,53938.77001953125
2020-01-11 18:00:00,965.2394104003906,54069.98469543457
2020-01-11 19:00:00,964.5897750854492,54134.72518157959
2020-01-11 20:00:00,965.7955932617188,53892.273498535156
2020-01-11 21:00:00,965.5127868652344,53951.28465270996
2020-01-11 22:00:00,965.3945083618164,54170.23806762695
2020-01-11 23:00:00,966.1086349487305,54129.16835021973
2020-01-12 00:00:00,965.941535949707,54141.62307739258
2020-01-12 01:00:00,965.5094604492188,54087.32907867432
2020-01-12 02:00:00,963.9646453857422,53968.574867248535
2020-01-12 03:00:00,962.2409362792969,54045.99954223633
2020-01-12 04:00:00,960.4031219482422,48044.0966796875
2020-01-12 05:00:00,961.4784088134766,43553.13333892822
2020-01-12 06:00:00,962.0326995849609,38858.05256652832
2020-01-12 07:00:00,961.6224365234375,34831.565841674805
2020-01-12 08:00:00,961.9787826538086,32735.39345741272
2020-01-12 09:00:00,961.6564254760742,31017.830646514893
2020-01-12 10:00:00,962.156364440918,31465.27144908905
2020-01-12 11:00:00,962.5304946899414,29166.074222564697
2020-01-12 12:00:00,963.5159606933594,29815.65412902832
2020-01-12 13:00:00,962.2726058959961,30041.8931350708
2020-01-12 14:00:00,963.8748931884766,31441.69613647461
2020-01-12 15:00:00,962.8938064575195,37432.9147567749
2020-01-12 16:00:00,963.3177108764648,40512.29988861084
2020-01-12 17:00:00,908.7450942993164,43696.99214935303
2020-01-12 18:00:00,705.8621292114258,46044.865882873535
2020-01-12 19:00:00,795.561164855957,39611.330307006836
2020-01-12 20:00:00,779.9526824951172,38315.521381378174
2020-01-12 21:00:00,721.4733390808105,33571.90822601318
2020-01-12 22:00:00,654.9997272491455,30177.410987854004
2020-01-12 23:00:00,584.242561340332,27996.70493888855
2020-01-13 00:00:00,492.67197036743164,26828.978225708008
2020-01-13 01:00:00,475.55632400512695,22110.712421417236
2020-01-13 02:00:00,462.7635498046875,24794.416996002197
2020-01-13 03:00:00,588.8432273864746,29888.061164855957
2020-01-13 04:00:00,497.3343505859375,31376.928775787354
2020-01-13 05:00:00,627.1437950134277,34938.16077041626
2020-01-13 06:00:00,789.4282684326172,34870.087619781494
2020-01-13 07:00:00,865.3698501586914,31378.978664398193
2020-01-13 08:00:00,787.2474670410156,28139.930309295654
2020-01-13 09:00:00,794.1352157592773,31666.446842193604
2020-01-13 10:00:00,911.0202331542969,37593.46410369873
2020-01-13 11:00:00,918.8862991333008,44494.63744354248
2020-01-13 12:00:00,950.4628829956055,47756.21269226074
2020-01-13 13:00:00,950.7927017211914,49625.32004547119
2020-01-13 14:00:00,957.0389404296875,53012.18074798584
2020-01-13 15:00:00,941.3642959594727,54011.29229736328
2020-01-13 16:00:00,962.6452331542969,54316.23211669922
2020-01-13 17:00:00,964.5594329833984,54205.10696411133
2020-01-13 18:00:00,962.5872802734375,54093.02616119385
2020-01-13 19:00:00,960.8346176147461,54072.25228881836
2020-01-13 20:00:00,962.3353424072266,53908.12007141113
2020-01-13 21:00:00,964.1447830200195,51529.284324645996
2020-01-13 22:00:00,963.3570785522461,52257.30341339111
2020-01-13 23:00:00,964.7167816162109,22084.845977783203
2020-01-14 00:00:00,961.4525451660156,25989.73464202881
2020-01-14 01:00:00,958.7233047485352,37888.589500427246
2020-01-14 02:00:00,960.4605026245117,53564.705810546875
2020-01-14 03:00:00,960.4440307617188,53348.68300628662
2020-01-14 04:00:00,965.8500671386719,53280.11054229736
2020-01-14 05:00:00,926.0272445678711,52818.22625732422
2020-01-14 06:00:00,878.8885345458984,51532.65864562988
2020-01-14 07:00:00,931.0349960327148,53186.96625518799
2020-01-14 08:00:00,948.3297729492188,53264.56990814209
2020-01-14 09:00:00,962.7758407592773,53388.15071105957
2020-01-14 10:00:00,963.5724868774414,53203.13739776611
2020-01-14 11:00:00,963.9248046875,53510.63050079346
2020-01-14 12:00:00,963.5247802734374,54004.74727630615
2020-01-14 13:00:00,961.4988174438477,54313.123039245605
2020-01-14 14:00:00,963.9067840576172,54395.6796875
2020-01-14 15:00:00,961.2886810302734,54238.69486236572
2020-01-14 16:00:00,961.4468383789062,44843.98774719238
2020-01-14 17:00:00,964.2487716674805,22883.630981445312
2020-01-14 18:00:00,963.1577911376953,3993.337857246399
2020-01-14 19:00:00,957.6261978149414,3833.4434151649475
2020-01-14 20:00:00,960.8859558105469,3975.3199920654297
2020-01-14 21:00:00,457.2521286010742,8712.293342590332
2020-01-14 22:00:00,357.7334747314453,10856.944921970367
2020-01-14 23:00:00,358.55062103271484,18132.43611907959
2020-01-15 00:00:00,357.5625991821289,26986.09782409668
2020-01-15 01:00:00,701.2802047729492,32133.136459350586
2020-01-15 02:00:00,957.0457916259766,37370.555950164795
2020-01-15 03:00:00,962.2217102050781,45055.64591217041
2020-01-15 04:00:00,958.4395751953125,40360.502853393555
2020-01-15 05:00:00,959.9774703979492,36608.616844177246
2020-01-15 06:00:00,957.7011566162109,37195.74939727783
2020-01-15 07:00:00,961.3434982299805,36830.50325012207
2020-01-15 08:00:00,960.6555404663086,37238.85026550293
2020-01-15 09:00:00,962.5474319458008,38924.63737010956
2020-01-15 10:00:00,953.6105880737305,39892.053760528564
2020-01-15 11:00:00,962.2596282958984,39559.48550224304
2020-01-15 12:00:00,962.3905334472655,42210.544531822205
2020-01-15 13:00:00,962.9482727050781,38616.5387172699
2020-01-15 14:00:00,820.0453605651855,45922.75635147095
2020-01-15 15:00:00,811.2027435302734,48773.70085144043
2020-01-15 16:00:00,822.2297325134277,50747.112865448
2020-01-15 17:00:00,909.758056640625,52643.80051422119
2020-01-15 18:00:00,944.9205551147461,53678.39756774902
2020-01-15 19:00:00,956.6832275390625,53782.4176864624
2020-01-15 20:00:00,959.0713272094727,54140.69095611572
2020-01-15 21:00:00,960.3055725097656,53990.907318115234
2020-01-15 22:00:00,958.650764465332,54138.597595214844
2020-01-15 23:00:00,948.8275680541992,53894.82077789307
2020-01-16 00:00:00,931.4781799316406,53654.8497467041
2020-01-16 01:00:00,901.3890762329102,53083.57724761963
2020-01-16 02:00:00,895.6241149902343,52063.49677276611
2020-01-16 03:00:00,870.6711654663086,50615.95470428467
2020-01-16 04:00:00,861.8283462524414,48860.645599365234
2020-01-16 05:00:00,870.4835510253906,48368.4626159668
2020-01-16 06:00:00,849.1451110839844,45562.346881866455
2020-01-16 07:00:00,792.9085693359375,39084.80390167236
2020-01-16 08:00:00,828.5602111816406,33550.871967315674
2020-01-16 09:00:00,867.5847549438477,35761.1226272583
2020-01-16 10:00:00,789.3333511352539,42506.10580444336
2020-01-16 11:00:00,766.6938781738281,47764.22749710083
2020-01-16 12:00:00,826.7316131591797,52097.52730560303
2020-01-16 13:00:00,872.940055847168,52510.24767303467
2020-01-16 14:00:00,848.5012054443359,53404.41506195068
2020-01-16 15:00:00,907.7416152954102,53949.727699279785
2020-01-16 16:00:00,956.8349151611328,54393.410873413086
2020-01-16 17:00:00,962.9961471557617,54280.215003967285
2020-01-16 18:00:00,962.413818359375,54198.73871612549
2020-01-16 19:00:00,961.7657241821289,54026.80058288574
2020-01-16 20:00:00,962.6641082763672,53979.10218048096
2020-01-16 21:00:00,961.7872009277344,54033.1364440918
2020-01-16 22:00:00,961.953727722168,54058.14748382568
2020-01-16 23:00:00,961.3996658325195,54103.11689758301
2020-01-17 00:00:00,959.035758972168,54219.0633392334
2020-01-17 01:00:00,958.2359390258789,54327.343978881836
2020-01-17 02:00:00,943.9611740112305,53990.013191223145
2020-01-17 03:00:00,915.7924499511719,53434.329277038574
2020-01-17 04:00:00,909.1405715942383,49649.44640350342
2020-01-17 05:00:00,902.9440536499023,43608.203926086426
2020-01-17 06:00:00,914.7305679321289,35764.03154754639
2020-01-17 07:00:00,936.7097244262695,36903.674407958984
2020-01-17 08:00:00,868.8629913330078,30348.88648223877
2020-01-17 09:00:00,889.1592025756836,28263.665870666504
2020-01-17 10:00:00,716.28857421875,32085.36986541748
2020-01-17 11:00:00,812.1631851196289,34666.991386413574
2020-01-17 12:00:00,889.58935546875,33915.9422454834
2020-01-17 13:00:00,848.135368347168,40002.16748046875
2020-01-17 14:00:00,910.5025024414062,43380.80731964111
2020-01-17 15:00:00,953.1010589599609,44647.2719039917
2020-01-17 16:00:00,944.1241912841797,44389.766052246094
2020-01-17 17:00:00,931.2794418334961,41840.95105743408
2020-01-17 18:00:00,946.1704940795898,40192.97040557861
2020-01-17 19:00:00,938.7899780273438,42766.00452423096
2020-01-17 20:00:00,948.7402496337891,46195.87021636963
2020-01-17 21:00:00,955.8451309204102,48431.499572753906
2020-01-17 22:00:00,959.5636215209961,53179.038314819336
2020-01-17 23:00:00,956.5468978881836,50630.62355804443
2020-01-18 00:00:00,936.9718627929688,52375.86811065674
2020-01-18 01:00:00,933.168716430664,49830.07857513428
2020-01-18 02:00:00,928.5900650024414,48837.34858703613
2020-01-18 03:00:00,945.4842681884766,52128.145278930664
2020-01-18 04:00:00,909.4101791381836,49402.865730285645
2020-01-18 05:00:00,891.8357391357422,47745.53235626221
2020-01-18 06:00:00,801.7624168395996,48947.89789199829
2020-01-18 07:00:00,839.8602180480957,46691.86487197876
2020-01-18 08:00:00,796.6016502380371,45239.30347442627
2020-01-18 09:00:00,812.6599349975586,46640.09622955322
2020-01-18 10:00:00,817.757080078125,45236.58441925049
2020-01-18 11:00:00,844.7784881591797,46951.09772872925
2020-01-18 12:00:00,847.9063110351562,45815.27334976196
2020-01-18 13:00:00,849.5089569091797,47777.77089691162
2020-01-18 14:00:00,837.5314483642578,46675.72185897827
2020-01-18 15:00:00,895.8167724609375,46829.40228652954
2020-01-18 16:00:00,798.6642684936523,41911.177810668945
2020-01-18 17:00:00,828.8457412719727,46940.46753692627
2020-01-18 18:00:00,867.1338272094727,48548.47626495361
2020-01-18 19:00:00,833.4062385559082,46384.35457611084
2020-01-18 20:00:00,869.0775604248047,48926.2924079895
2020-01-18 21:00:00,862.2178802490234,47361.75003051758
2020-01-18 22:00:00,861.2962188720703,48993.309032440186
2020-01-18 23:00:00,891.7433700561523,49598.62397003174
2020-01-19 00:00:00,909.9333648681641,51057.54579162598
2020-01-19 01:00:00,855.4313201904297,50411.10236740112
2020-01-19 02:00:00,939.1371994018555,52171.362060546875
2020-01-19 03:00:00,950.6982269287109,53204.50834655762
2020-01-19 04:00:00,956.4948425292969,52828.92418670654
2020-01-19 05:00:00,952.5700531005859,52197.60135650635
2020-01-19 06:00:00,959.7015914916992,52823.79294586182
2020-01-19 07:00:00,953.8651580810547,49882.131103515625
2020-01-19 08:00:00,950.9129028320312,42847.40299987793
2020-01-19 09:00:00,929.3579788208008,38650.55657196045
2020-01-19 10:00:00,790.8265228271484,36093.82912445068
2020-01-19 11:00:00,833.8054542541504,32569.232696533203
2020-01-19 12:00:00,766.5207443237305,32017.902236938477
2020-01-19 13:00:00,685.1119995117188,25374.93695449829
2020-01-19 14:00:00,716.0130004882812,20651.459274291992
2020-01-19 15:00:00,733.861442565918,18425.960067749023
2020-01-19 16:00:00,604.8516654968262,14895.488529205322
2020-01-19 17:00:00,591.3354377746582,12737.394750595093
2020-01-19 18:00:00,384.3753890991211,11530.495107650757
2020-01-19 19:00:00,372.6869239807129,11658.434799194336
2020-01-19 20:00:00,326.97282218933105,9571.148401260376
2020-01-19 21:00:00,326.97985458374023,10905.938684463501
2020-01-19 22:00:00,239.34751605987552,7929.480093002319
2020-01-19 23:00:00,219.02090978622437,6981.31651866436
2020-01-20 00:00:00,193.87857341766357,7718.305846311152
2020-01-20 01:00:00,146.5581557750702,8019.633792581968
2020-01-20 02:00:00,178.88511276245117,9056.770745315589
2020-01-20 03:00:00,249.45858478546143,10766.346057891846
2020-01-20 04:00:00,175.30458068847656,13707.010513067245
2020-01-20 05:00:00,163.00409603118896,16166.451985836029
2020-01-20 06:00:00,128.28998947143555,15977.512035667896
2020-01-20 07:00:00,100.94933199882507,13312.421611130238
2020-01-20 08:00:00,116.2351222038269,11681.89719748497
2020-01-20 09:00:00,190.09883832931519,12457.844136356376
2020-01-20 10:00:00,247.89987182617188,15955.738567128778
2020-01-20 11:00:00,219.47335815429688,14576.047998711467
2020-01-20 12:00:00,262.5507526397705,14699.827216669917
2020-01-20 13:00:00,248.5055046081543,12482.978232488036
2020-01-20 14:00:00,276.5065793991089,11653.82007098198
2020-01-20 15:00:00,279.40370082855225,12183.994433403015
2020-01-20 16:00:00,325.1000156402588,12990.702575683594
2020-01-20 17:00:00,357.2173852920532,14274.335278272629
2020-01-20 18:00:00,341.26622104644775,14910.751396670938
2020-01-20 19:00:00,298.823091506958,15319.45876711607
2020-01-20 20:00:00,299.29945182800293,16686.893181324005
2020-01-20 21:00:00,380.8649892807006,18081.554819550365
2020-01-20 22:00:00,414.2703285217285,19162.215633042157
2020-01-20 23:00:00,407.7260904312134,17929.738849394023
2020-01-21 00:00:00,442.52854728698725,16181.469055436552
2020-01-21 01:00:00,494.6214122772217,15507.84168140404
2020-01-21 02:00:00,472.42505645751953,15096.141370356083
2020-01-21 03:00:00,489.9864101409912,15562.294328689575
2020-01-21 04:00:00,587.4862442016602,14221.629039764404
2020-01-21 05:00:00,572.3544769287108,14883.613109588623
2020-01-21 06:00:00,581.9449768066406,15736.10013961792
2020-01-21 07:00:00,552.0257396697998,14953.129236221313
2020-01-21 08:00:00,558.9235458374023,12947.991157531738
2020-01-21 09:00:00,436.93930435180664,10536.293387413025
2020-01-21 10:00:00,412.87257385253906,11683.615606307983
2020-01-21 11:00:00,345.04335021972656,12292.727972984314
2020-01-21 12:00:00,309.63901710510254,14407.458739757538
2020-01-21 13:00:00,251.7771167755127,13767.214626789093
2020-01-21 14:00:00,295.50498485565186,13221.79100561142
2020-01-21 15:00:00,277.61053371429443,11053.75527703762
2020-01-21 16:00:00,206.5602345466614,8577.54636335373
2020-01-21 17:00:00,205.67256832122803,7530.166823118925
2020-01-21 18:00:00,194.47333526611328,6783.882836163044
2020-01-21 19:00:00,224.74892711639404,9165.594676494598
2020-01-21 20:00:00,211.74308919906616,10113.100244641304
2020-01-21 21:00:00,278.08399391174316,10889.685376405716
2020-01-21 22:00:00,333.15523624420166,10190.243500813842
2020-01-21 23:00:00,306.627928853035,9518.664820432663
2020-01-22 00:00:00,338.255393743515,11224.598995953798
2020-01-22 01:00:00,326.1246906518936,7864.190646319301
2020-01-22 02:00:00,281.3210787028074,5982.325607603416
2020-01-22 03:00:00,294.3380317687988,6199.5220953300595
2020-01-22 04:00:00,260.93444633483887,4508.80758830905
2020-01-22 05:00:00,225.21109008789062,3326.114577770233
2020-01-22 06:00:00,122.72849464416504,4081.812458321452
2020-01-22 07:00:00,44.056076407432556,2474.8674541190267
2020-01-22 08:00:00,48.090992137789726,2342.444779268466
2020-01-22 09:00:00,62.41819206834771,2167.630508903414
2020-01-22 10:00:00,76.15251219272614,1300.1979129109532
2020-01-22 11:00:00,91.60138320922852,1422.9173507560045
2020-01-22 12:00:00,68.0015108184889,1339.832805599086
2020-01-22 13:00:00,56.57507871091366,1080.4813178870827
2020-01-22 14:00:00,47.828614473342896,723.053136587143
2020-01-22 15:00:00,31.889960643369708,319.37274736724794
2020-01-22 16:00:00,38.47597312927246,445.1625263392925
2020-01-22 17:00:00,44.18702697753906,739.0787391134072
2020-01-22 18:00:00,39.02984619140625,439.01875019073486
2020-01-22 19:00:00,7.956716775894165,255.37104633823037
2020-01-22 20:00:00,3.6402593851089478,334.34709441289306
2020-01-22 21:00:00,6.2964465618133545,567.4338229894638
2020-01-22 22:00:00,0.0,169.40573435928673
2020-01-22 23:00:00,0.0,349.29476691037416
2020-01-23 00:00:00,0.2324705272912978,930.1824878677726
2020-01-23 01:00:00,30.75929045677185,1258.666292630136
2020-01-23 02:00:00,52.67131030280143,1872.8844265076332
2020-01-23 03:00:00,62.48321712017059,2638.5352757014334
2020-01-23 04:00:00,68.89649462234229,2906.0677052140236
2020-01-23 05:00:00,40.59683310100809,3424.3378089489415
2020-01-23 06:00:00,43.457464899867766,3479.405129790306
2020-01-23 07:00:00,49.17330947518349,3588.966700769961
2020-01-23 08:00:00,104.63177615404129,3816.6359789781272
2020-01-23 09:00:00,115.82269582152368,4528.275526434183
2020-01-23 10:00:00,98.23799240589142,4987.397704005241
2020-01-23 11:00:00,95.86867403239012,5536.470480442047
2020-01-23 12:00:00,126.58566122688353,6321.613522589207
2020-01-23 13:00:00,153.06013723649085,7733.093139052391
2020-01-23 14:00:00,183.87944793701172,8764.080822885968
2020-01-23 15:00:00,148.76215362548828,9199.764234215952
2020-01-23 16:00:00,168.71755385398865,10280.537256844342
2020-01-23 17:00:00,165.49728670716286,10016.250845765695
2020-01-23 18:00:00,153.17514657834545,10147.507789351046
2020-01-23 19:00:00,111.21646118164062,8394.5741032199
2020-01-23 20:00:00,148.6114959716797,7115.9226944074035
2020-01-23 21:00:00,186.2874755859375,7262.117730543017
2020-01-23 22:00:00,135.4447878599167,7629.47435056977
2020-01-23 23:00:00,226.55730676651,6675.450620055199
2020-01-24 00:00:00,222.7889003753662,7006.290172740817
2020-01-24 01:00:00,206.1692352294922,8423.207912325859
2020-01-24 02:00:00,230.3078784942627,10082.460056340322
2020-01-24 03:00:00,260.75206661224365,11677.88928308338
2020-01-24 04:00:00,301.6113557815552,12317.7825024575
2020-01-24 05:00:00,315.10333776474,12312.036392897367
2020-01-24 06:00:00,241.99410772323608,11146.615129113197
2020-01-24 07:00:00,233.47798919677734,10697.95595407486
2020-01-24 08:00:00,256.3081645965576,9053.562708511949
2020-01-24 09:00:00,341.77618408203125,9706.816408209503
2020-01-24 10:00:00,327.9027862548828,9625.579185724258
2020-01-24 11:00:00,323.4657173156738,8718.633667454123
2020-01-24 12:00:00,406.37077140808105,10024.746178805828
2020-01-24 13:00:00,413.78023529052734,10756.222635269165
2020-01-24 14:00:00,344.9200439453125,9514.65201663971
2020-01-24 15:00:00,289.5720405578613,9854.723773002625
2020-01-24 16:00:00,260.6787643432617,8879.129773736
2020-01-24 17:00:00,247.1638946533203,7643.021066665649
2020-01-24 18:00:00,269.75084495544434,8452.690558433533
2020-01-24 19:00:00,234.0215187072754,9150.583235107362
2020-01-24 20:00:00,288.6501884460449,9800.639665603638
2020-01-24 21:00:00,353.5891876220703,10651.44877910614
2020-01-24 22:00:00,343.6981086730957,11876.8490524292
2020-01-24 23:00:00,293.8296718597412,10391.412467956543
2020-01-25 00:00:00,345.0930709838867,10929.909553527832
2020-01-25 01:00:00,305.420955657959,11562.425948143005
2020-01-25 02:00:00,260.4900550842285,12107.552087783813
2020-01-25 03:00:00,333.62351989746094,12441.609843730927
2020-01-25 04:00:00,342.02719497680664,13422.005135536194
2020-01-25 05:00:00,284.89392852783203,12617.863857269287
2020-01-25 06:00:00,355.1736011505127,12167.861474990845
2020-01-25 07:00:00,551.8597068786621,12911.772881507874
2020-01-25 08:00:00,535.1541328430176,13317.302248001099
2020-01-25 09:00:00,546.8334617614746,15648.862606048584
2020-01-25 10:00:00,566.7720565795898,19314.580898284912
2020-01-25 11:00:00,723.3811340332031,20298.453382492065
2020-01-25 12:00:00,738.4423866271973,21570.564058303833
2020-01-25 13:00:00,696.8551559448242,24159.543397903442
2020-01-25 14:00:00,624.7531337738037,22738.28947544098
2020-01-25 15:00:00,649.2970962524414,22619.675312042236
2020-01-25 16:00:00,678.9495964050293,25076.42702102661
2020-01-25 17:00:00,663.055025100708,24458.1683011055
2020-01-25 18:00:00,586.174482345581,25587.146522521973
2020-01-25 19:00:00,630.5672874450684,27515.38281059265
2020-01-25 20:00:00,628.8178596496582,28226.367864608765
2020-01-25 21:00:00,648.3030796051025,26207.228120803833
2020-01-25 22:00:00,605.1234292984009,25847.53843688965
2020-01-25 23:00:00,526.929370880127,26328.94487476349
2020-01-26 00:00:00,580.3505048751831,27734.639108657837
2020-01-26 01:00:00,612.1111450195312,33704.9716835022
2020-01-26 02:00:00,591.8394966125488,33706.55244064331
2020-01-26 03:00:00,608.4929046630859,35009.37043571472
2020-01-26 04:00:00,566.0857162475586,34031.97776222229
2020-01-26 05:00:00,629.3828125,33380.83955574036
2020-01-26 06:00:00,665.5279712677002,32091.175323486328
2020-01-26 07:00:00,604.4762992858887,28685.99254798889
2020-01-26 08:00:00,490.952579498291,28506.436690330505
2020-01-26 09:00:00,536.4735984802246,30677.875946044922
2020-01-26 10:00:00,486.27448654174805,38520.43407058716
2020-01-26 11:00:00,564.6799354553223,40668.54055976868
2020-01-26 12:00:00,672.0863418579102,42891.14135360718
2020-01-26 13:00:00,586.4126586914062,46413.530658721924
2020-01-26 14:00:00,708.4184265136719,47292.90489578247
2020-01-26 15:00:00,745.5676040649415,49441.60762786865
2020-01-26 16:00:00,684.8330307006836,52131.525215148926
2020-01-26 17:00:00,748.4513244628906,52448.42499542236
2020-01-26 18:00:00,910.3689422607422,52586.74861907959
2020-01-26 19:00:00,941.5505752563477,53234.15465545654
2020-01-26 20:00:00,904.8740463256836,53761.263122558594
2020-01-26 21:00:00,955.3913650512695,54079.95204162598
2020-01-26 22:00:00,961.0379409790039,54130.553062438965
2020-01-26 23:00:00,962.4178695678711,54065.89153289795
2020-01-27 00:00:00,963.5005722045898,53578.09583282471
2020-01-27 01:00:00,963.7203674316406,50138.488456726074
2020-01-27 02:00:00,963.8738021850586,46555.24439239502
2020-01-27 03:00:00,961.9175567626953,40007.79857635498
2020-01-27 04:00:00,934.7831115722656,36617.51094055176
2020-01-27 05:00:00,934.8803024291992,29952.40407562256
2020-01-27 06:00:00,787.9752807617188,29091.39429473877
2020-01-27 07:00:00,681.0303344726562,36271.02318191528
2020-01-27 08:00:00,614.3257141113281,42345.962059020996
2020-01-27 09:00:00,813.5055999755859,41377.18103027344
2020-01-27 10:00:00,887.8069458007812,47747.32204437256
2020-01-27 11:00:00,945.7872085571289,49342.58198547363
2020-01-27 12:00:00,919.1775894165039,44892.07625579834
2020-01-27 13:00:00,902.5563354492186,42838.891845703125
2020-01-27 14:00:00,913.4928436279297,38057.723640441895
2020-01-27 15:00:00,856.6358184814453,28070.896556854248
2020-01-27 16:00:00,877.4303436279297,25268.243656158447
2020-01-27 17:00:00,863.6373977661133,20836.815139770508
2020-01-27 18:00:00,858.0215606689453,18519.87456512451
2020-01-27 19:00:00,551.5559844970703,16444.258743286133
2020-01-27 20:00:00,619.2762451171875,22079.55438232422
2020-01-27 21:00:00,877.7114639282227,22992.525588989258
2020-01-27 22:00:00,848.5335159301758,18076.899136304855
2020-01-27 23:00:00,890.5905380249023,17632.30025577545
2020-01-28 00:00:00,885.6911087036132,19886.722694396973
2020-01-28 01:00:00,944.5802841186523,19920.22692012787
2020-01-28 02:00:00,887.1536483764648,21358.597812652588
2020-01-28 03:00:00,912.9882278442383,20308.399795889854
2020-01-28 04:00:00,934.2712936401367,20687.232635498047
2020-01-28 05:00:00,914.7651214599609,22139.32834815979
2020-01-28 06:00:00,874.2101135253906,25173.032600402832
2020-01-28 07:00:00,499.5459861755371,21585.962203979492
2020-01-28 08:00:00,571.5055770874023,25570.4528799057
2020-01-28 09:00:00,546.108039855957,32657.86166381836
2020-01-28 10:00:00,492.8415756225586,39395.06463623047
2020-01-28 11:00:00,531.4291229248047,45345.051849365234
2020-01-28 12:00:00,593.2421722412109,52345.494720458984
2020-01-28 13:00:00,587.8854522705078,51177.58477783203
2020-01-28 14:00:00,962.4144744873047,54080.46041870117
2020-01-28 15:00:00,961.0837631225586,54490.20024871826
2020-01-28 16:00:00,963.9506683349609,54089.19426727295
2020-01-28 17:00:00,961.5290145874023,54152.051696777344
2020-01-28 18:00:00,961.4272232055664,53730.82650756836
2020-01-28 19:00:00,963.6465835571288,53207.9806060791
2020-01-28 20:00:00,960.7887802124023,53360.72473907471
2020-01-28 21:00:00,962.9777908325195,53788.20252990723
2020-01-28 22:00:00,963.5159683227539,52348.08543395996
2020-01-28 23:00:00,962.5645370483398,53619.2599029541
2020-01-29 00:00:00,962.4327697753906,53654.12473297119
2020-01-29 01:00:00,963.1098709106445,53609.1986618042
2020-01-29 02:00:00,959.4990310668945,54291.55741882324
2020-01-29 03:00:00,961.8445663452148,54440.30424499512
2020-01-29 04:00:00,961.0227584838867,54186.39302062988
2020-01-29 05:00:00,960.7318954467773,54370.85994720459
2020-01-29 06:00:00,960.6251831054688,54449.82817077637
2020-01-29 07:00:00,961.3009948730469,54178.88391876221
2020-01-29 08:00:00,961.4291152954102,54322.69299316406
2020-01-29 09:00:00,962.7706756591797,54288.659896850586
2020-01-29 10:00:00,960.6439895629883,54480.22759246826
2020-01-29 11:00:00,962.9759216308594,54260.58585357666
2020-01-29 12:00:00,963.4692764282227,53942.73422241211
2020-01-29 13:00:00,960.4252090454102,53794.72389984131
2020-01-29 14:00:00,961.7668228149414,53712.746238708496
2020-01-29 15:00:00,959.671630859375,53456.98204803467
2020-01-29 16:00:00,940.3703308105469,53191.99904632568
2020-01-29 17:00:00,938.8571090698242,52724.721755981445
2020-01-29 18:00:00,916.3380508422852,52012.02239227295
2020-01-29 19:00:00,951.4163131713867,53634.30807495117
2020-01-29 20:00:00,956.7698669433594,53759.40050506592
2020-01-29 21:00:00,960.7259368896484,54049.26166534424
2020-01-29 22:00:00,963.5559310913086,54137.11666870117
2020-01-29 23:00:00,965.8823471069336,54127.22505950928
2020-01-30 00:00:00,960.7828063964844,54115.65661621094
2020-01-30 01:00:00,964.6642074584961,54092.567443847656
2020-01-30 02:00:00,965.0317840576172,54130.74291229248
2020-01-30 03:00:00,963.7203598022461,54206.814224243164
2020-01-30 04:00:00,960.4194641113281,53957.25897979736
2020-01-30 05:00:00,958.5761718749999,53747.57215881348
2020-01-30 06:00:00,956.7099914550781,53154.25596618652
2020-01-30 07:00:00,955.0068893432617,52736.62348175049
2020-01-30 08:00:00,941.0894317626953,52554.41707611084
2020-01-30 09:00:00,958.0273590087891,52538.06254577637
2020-01-30 10:00:00,959.9914474487305,52119.640129089355
2020-01-30 11:00:00,925.7535247802734,51432.6329498291
2020-01-30 12:00:00,923.9964828491211,50310.65106964111
2020-01-30 13:00:00,872.8076286315918,48197.31800079346
2020-01-30 14:00:00,908.8389892578125,51221.558013916016
2020-01-30 15:00:00,956.0118865966797,53518.77738189697
2020-01-30 16:00:00,963.5819320678711,54184.9730758667
2020-01-30 17:00:00,963.2904815673828,54247.24275970459
2020-01-30 18:00:00,961.8563919067383,54251.62375640869
2020-01-30 19:00:00,963.0598373413086,54199.92255401611
2020-01-30 20:00:00,964.4374771118164,54242.62195587158
2020-01-30 21:00:00,961.4758987426758,54133.079513549805
2020-01-30 22:00:00,961.015869140625,54038.98970031738
2020-01-30 23:00:00,960.0200500488281,54122.404037475586
2020-01-31 00:00:00,960.5383605957031,54054.78247833252
2020-01-31 01:00:00,961.3183670043945,54309.352111816406
2020-01-31 02:00:00,961.9305648803711,54163.55702209473
2020-01-31 03:00:00,960.6920928955078,54080.801177978516
2020-01-31 04:00:00,950.7815780639648,53416.153747558594
2020-01-31 05:00:00,950.4316482543945,51720.31066894531
2020-01-31 06:00:00,943.7572631835938,50623.57283782959
2020-01-31 07:00:00,909.8980484008789,49539.29267883301
2020-01-31 08:00:00,898.81689453125,51575.1759185791
2020-01-31 09:00:00,959.0260543823242,51445.919258117676
2020-01-31 10:00:00,962.3073196411133,53622.02407836914
2020-01-31 11:00:00,961.6962890625,54311.64492034912
2020-01-31 12:00:00,961.518440246582,54301.0662689209
2020-01-31 13:00:00,961.3911895751953,54301.588439941406
2020-01-31 14:00:00,961.0764083862305,54345.687324523926
2020-01-31 15:00:00,961.2640533447266,54328.39808654785
2020-01-31 16:00:00,961.2936706542969,54247.18224334717
2020-01-31 17:00:00,961.0750732421875,54252.730155944824
2020-01-31 18:00:00,965.5273818969727,54257.86083984375
2020-01-31 19:00:00,965.8539047241211,54174.624923706055
2020-01-31 20:00:00,960.6970062255859,54309.967933654785
2020-01-31 21:00:00,960.3685989379883,54243.569511413574
2020-01-31 22:00:00,960.7430419921875,54179.599464416504
2020-01-31 23:00:00,960.8947067260742,54248.92914581299
2020-02-01 00:00:00,961.4276351928711,54272.926750183105
2020-02-01 01:00:00,963.7219848632812,54161.021484375
2020-02-01 02:00:00,959.8954391479492,54196.63439941406
2020-02-01 03:00:00,960.0580902099609,54301.41655731201
2020-02-01 04:00:00,961.6606826782227,54242.61479187012
2020-02-01 05:00:00,962.1386795043945,54232.0944519043
2020-02-01 06:00:00,961.1833267211914,54193.602127075195
2020-02-01 07:00:00,962.1030960083008,54226.1930770874
2020-02-01 08:00:00,962.7712936401367,54139.13983917236
2020-02-01 09:00:00,963.7926788330078,54176.316665649414
2020-02-01 10:00:00,963.2844619750977,54313.76212310791
2020-02-01 11:00:00,963.1726531982422,54176.36437988281
2020-02-01 12:00:00,963.2613143920898,54156.55403137207
2020-02-01 13:00:00,963.9001922607422,54232.425231933594
2020-02-01 14:00:00,961.510124206543,54071.10507965088
2020-02-01 15:00:00,961.7850036621094,54018.2003326416
2020-02-01 16:00:00,963.9444351196289,54033.04150390625
2020-02-01 17:00:00,963.9065399169922,54184.88540649414
2020-02-01 18:00:00,963.97314453125,54182.92723083496
2020-02-01 19:00:00,964.5573196411133,54193.9010848999
2020-02-01 20:00:00,965.3204727172852,54206.67579650879
2020-02-01 21:00:00,964.0059585571289,51962.502937316895
2020-02-01 22:00:00,960.6727523803711,50888.887603759766
2020-02-01 23:00:00,962.2927169799805,52607.052085876465
2020-02-02 00:00:00,963.6099014282227,46303.75810241699
2020-02-02 01:00:00,895.181510925293,43287.69664764404
2020-02-02 02:00:00,799.3862533569336,35876.43938446045
2020-02-02 03:00:00,644.9803771972656,27413.38808441162
2020-02-02 04:00:00,486.8352737426758,16831.87303161621
2020-02-02 05:00:00,324.9793472290039,10480.373565673828
2020-02-02 06:00:00,218.5705165863037,5436.051559448242
2020-02-02 07:00:00,162.9589490890503,3279.181940674782
2020-02-02 08:00:00,130.60686874389648,2810.373891875148
2020-02-02 09:00:00,68.95460891723633,2765.544576704502
2020-02-02 10:00:00,0.744063250720501,3195.047294797376
2020-02-02 11:00:00,8.125557899475098,2610.9956939872354
2020-02-02 12:00:00,25.123608350753784,2282.8908792734146
2020-02-02 13:00:00,12.002750396728516,4364.492216587067
2020-02-02 14:00:00,128.9003302268684,6924.494680121541
2020-02-02 15:00:00,265.62918853759766,11415.233220219612
2020-02-02 16:00:00,355.72947692871094,19203.714436024427
2020-02-02 17:00:00,330.59098052978516,19432.608861923218
2020-02-02 18:00:00,168.02191543579102,17678.590520858765
2020-02-02 19:00:00,246.50158882141113,19145.361382961273
2020-02-02 20:00:00,378.21460342407227,26678.495105445385
2020-02-02 21:00:00,384.4771366119385,32154.520195007324
2020-02-02 22:00:00,403.1206359863281,35160.79973602295
2020-02-02 23:00:00,493.73336029052734,40477.00922393799
2020-02-03 00:00:00,648.9905776977539,46096.53234863281
2020-02-03 01:00:00,658.6382446289062,51030.98056793213
2020-02-03 02:00:00,963.3710861206055,54048.2060546875
2020-02-03 03:00:00,963.2371063232422,54088.47843170166
2020-02-03 04:00:00,963.2658462524414,54054.94160461426
2020-02-03 05:00:00,963.0162353515625,54021.97937774658
2020-02-03 06:00:00,963.6706390380859,54243.25284576416
2020-02-03 07:00:00,963.8304138183594,54239.46656036377
2020-02-03 08:00:00,963.1423187255859,54264.23620605469
2020-02-03 09:00:00,963.6296997070312,54398.07731628418
2020-02-03 10:00:00,958.3071441650391,54063.04063415527
2020-02-03 11:00:00,959.7893829345703,53915.898986816406
2020-02-03 12:00:00,961.9744949340819,53844.67344665527
2020-02-03 13:00:00,950.6765518188477,53342.07222747803
2020-02-03 14:00:00,939.1335220336914,53261.69497680664
2020-02-03 15:00:00,931.2538986206055,52060.68202972412
2020-02-03 16:00:00,878.1520233154297,49700.015155792236
2020-02-03 17:00:00,892.0858535766602,49981.18342971802
2020-02-03 18:00:00,804.374942779541,48889.96701049805
2020-02-03 19:00:00,756.0768585205078,47261.64203643799
2020-02-03 20:00:00,771.5734214782715,49355.21212005615
2020-02-03 21:00:00,897.0805740356444,52489.48041534424
2020-02-03 22:00:00,955.308708190918,53875.27346038818
2020-02-03 23:00:00,958.4911956787109,54250.10952758789
2020-02-04 00:00:00,962.3049240112305,54564.30365753174
2020-02-04 01:00:00,963.1030731201172,54422.91856384277
2020-02-04 02:00:00,963.200569152832,54434.832260131836
2020-02-04 03:00:00,963.4920272827148,54372.87275695801
2020-02-04 04:00:00,963.6839370727539,54326.69309234619
2020-02-04 05:00:00,963.4479598999023,54283.127349853516
2020-02-04 06:00:00,962.7959442138672,54234.34295654297
2020-02-04 07:00:00,963.8900909423828,54084.26136779785
2020-02-04 08:00:00,963.9314422607422,53905.59945678711
2020-02-04 09:00:00,950.6548461914062,50533.24253845215
2020-02-04 10:00:00,830.5879211425781,43359.44273376465
2020-02-04 11:00:00,634.4953308105469,35190.29267120361
2020-02-04 12:00:00,606.7660827636719,32255.608757019043
2020-02-04 13:00:00,594.7040481567383,34208.94348144531
2020-02-04 14:00:00,521.746452331543,32414.034797668457
2020-02-04 15:00:00,637.0046310424805,34634.75622558594
2020-02-04 16:00:00,608.9231948852539,37352.29204559326
2020-02-04 17:00:00,775.8252182006836,35427.64064025879
2020-02-04 18:00:00,725.2509727478027,31967.946685791016
2020-02-04 19:00:00,690.1531562805176,26873.98411178589
2020-02-04 20:00:00,761.1277122497559,32110.387340545654
2020-02-04 21:00:00,806.0537872314452,30640.14545440674
2020-02-04 22:00:00,810.4248123168945,33479.38397979736
2020-02-04 23:00:00,726.9659423828125,26590.004913330078
2020-02-05 00:00:00,497.3721618652344,19338.61877822876
2020-02-05 01:00:00,314.9898567199707,14290.339014053345
2020-02-05 02:00:00,168.3638210296631,8543.50085735321
2020-02-05 03:00:00,91.72418212890625,6128.005804777145
2020-02-05 04:00:00,46.959473609924316,3104.7107486352324
2020-02-05 05:00:00,40.66529035568237,2064.5886187553406
2020-02-05 06:00:00,50.560667276382446,2001.651820667088
2020-02-05 07:00:00,85.9183702468872,2767.2710860967636
2020-02-05 08:00:00,52.02984309196472,1465.3324595689774
2020-02-05 09:00:00,25.70207394193858,876.9960770402104
2020-02-05 10:00:00,18.1416494846344,3025.402832912281
2020-02-05 11:00:00,10.151352405548096,4789.321968078613
2020-02-05 12:00:00,40.79319381713867,7982.430666923523
2020-02-05 13:00:00,116.40294528007507,11336.820642381907
2020-02-05 14:00:00,196.7067813873291,12725.288160800934
2020-02-05 15:00:00,230.59087371826172,15070.834837913513
2020-02-05 16:00:00,312.2496747970581,19030.837819099426
2020-02-05 17:00:00,349.68046379089355,17700.804929733276
2020-02-05 18:00:00,366.5559377670288,18401.450426101685
2020-02-05 19:00:00,404.17945194244385,17266.848055243492
2020-02-05 20:00:00,473.13836860656744,16336.30510187149
2020-02-05 21:00:00,574.0676183700562,16694.03105545044
2020-02-05 22:00:00,584.3438663482666,18465.43018245697
2020-02-05 23:00:00,489.97958183288574,15713.017773628235
2020-02-06 00:00:00,532.8693809509277,17491.37057876587
2020-02-06 01:00:00,591.2714710235596,17734.344722747803
2020-02-06 02:00:00,450.8775234222412,16733.91057395935
2020-02-06 03:00:00,449.4502487182617,15929.741441726685
2020-02-06 04:00:00,350.4288806915283,14060.056427001953
2020-02-06 05:00:00,283.4725532531738,12208.42444229126
2020-02-06 06:00:00,346.0422134399414,10231.437181472778
2020-02-06 07:00:00,264.5082588195801,6513.3248682022095
2020-02-06 08:00:00,213.14564418792725,5248.306797713041
2020-02-06 09:00:00,159.4735107421875,4087.566169023514
2020-02-06 10:00:00,105.62830591201782,2667.7731623724103
2020-02-06 11:00:00,75.56187802553177,1936.8160353079438
2020-02-06 12:00:00,87.97748904209584,2302.3339323448017
2020-02-06 13:00:00,65.0990341603756,1375.428159084171
2020-02-06 14:00:00,67.85303407907487,828.9102354440838
2020-02-06 15:00:00,42.17334747314453,510.2523855599575
2020-02-06 16:00:00,18.131821632385254,298.11534675816074
2020-02-06 17:00:00,10.179970251396298,232.2527320235968
2020-02-06 18:00:00,1.6995758414268494,242.19014333188534
2020-02-06 19:00:00,0.0,36.18588138371706
2020-02-06 20:00:00,0.0,5.487954810261726
2020-02-06 21:00:00,0.4802469909191131,0.4469810817390678
2020-02-06 22:00:00,0.8675985727459191,5.791695520281792
2020-02-06 23:00:00,0.2776422202587127,6.811052419245243
2020-02-07 00:00:00,0.0307508986443281,154.64094817638397
2020-02-07 01:00:00,0.0392985716462135,807.0775932371616
2020-02-07 02:00:00,0.2454383373260498,1650.1473832800984
2020-02-07 03:00:00,7.78600001335144,2637.1087091863155
2020-02-07 04:00:00,78.21244382858276,6053.080107688904
2020-02-07 05:00:00,128.28760433197021,9149.752349853516
2020-02-07 06:00:00,177.20991325378418,13326.65986442566
2020-02-07 07:00:00,295.36596488952637,17898.734287261963
2020-02-07 08:00:00,404.59166717529297,24799.764114379883
2020-02-07 09:00:00,447.7379913330078,28241.10105895996
2020-02-07 10:00:00,595.7787132263184,31143.388580322266
2020-02-07 11:00:00,507.7782974243164,29418.352977752686
2020-02-07 12:00:00,549.9304389953613,32421.76218032837
2020-02-07 13:00:00,512.117841720581,28765.162685394287
2020-02-07 14:00:00,596.292079925537,35303.81602859497
2020-02-07 15:00:00,726.5440101623535,42956.02384185791
2020-02-07 16:00:00,845.8545112609863,49171.745864868164
2020-02-07 17:00:00,901.6537322998047,51498.21269989014
2020-02-07 18:00:00,926.7352981567383,52551.37203216553
2020-02-07 19:00:00,937.5087661743164,53638.732261657715
2020-02-07 20:00:00,935.1069946289062,53423.6475982666
2020-02-07 21:00:00,920.5802001953125,53296.20332336426
2020-02-07 22:00:00,916.9218597412109,53105.731506347656
2020-02-07 23:00:00,910.252815246582,52325.30924987793
2020-02-08 00:00:00,915.4406967163086,51263.58699798584
2020-02-08 01:00:00,875.0429840087891,47933.03560638428
2020-02-08 02:00:00,859.2638397216797,47360.33811187744
2020-02-08 03:00:00,870.01806640625,47107.422050476074
2020-02-08 04:00:00,875.4199523925781,50979.36477661133
2020-02-08 05:00:00,885.0027313232422,52415.57266998291
2020-02-08 06:00:00,878.3406143188477,51773.599365234375
2020-02-08 07:00:00,911.7579345703125,52768.48386383057
2020-02-08 08:00:00,918.9780197143555,52779.72776031494
2020-02-08 09:00:00,866.2517852783203,51126.21989440918
2020-02-08 10:00:00,886.8722763061523,39955.761795043945
2020-02-08 11:00:00,908.1350860595703,30539.99631500244
2020-02-08 12:00:00,798.3185806274414,19537.28727912903
2020-02-08 13:00:00,769.1269989013672,19982.024450302124
2020-02-08 14:00:00,376.06674575805664,15525.059825897217
2020-02-08 15:00:00,500.98745346069336,15761.198638916016
2020-02-08 16:00:00,634.7403182983398,18104.950916290283
2020-02-08 17:00:00,672.700325012207,27832.292407989502
2020-02-08 18:00:00,815.5885391235352,42090.66621398926
2020-02-08 19:00:00,904.1591567993164,49694.990562438965
2020-02-08 20:00:00,944.2824401855469,52495.690368652344
2020-02-08 21:00:00,958.3641128540039,53488.81085205078
2020-02-08 22:00:00,955.6813125610352,54124.02486419678
2020-02-08 23:00:00,957.7512359619141,54153.36634063721
2020-02-09 00:00:00,961.0467681884766,54121.01875305176
2020-02-09 01:00:00,960.5873489379883,54070.22021484375
2020-02-09 02:00:00,960.1587829589844,53935.62000274658
2020-02-09 03:00:00,964.4610900878906,40370.264907836914
2020-02-09 04:00:00,964.8469619750977,28763.60482788086
2020-02-09 05:00:00,959.4153442382812,15063.037185668945
2020-02-09 06:00:00,956.2312545776367,5993.230110168457
2020-02-09 07:00:00,965.2136001586914,4628.629447937012
2020-02-09 08:00:00,329.3635940551758,2548.73894071579
2020-02-09 09:00:00,0.0,366.20522832870483
2020-02-09 10:00:00,0.0,198.5958180427551
2020-02-09 11:00:00,0.0,0.0
2020-02-09 12:00:00,0.0,0.0
2020-02-09 13:00:00,0.0,0.0
2020-02-09 14:00:00,0.0,0.0
2020-02-09 15:00:00,0.0,1036.4029846191406
2020-02-09 16:00:00,0.0,6617.10400390625
2020-02-09 17:00:00,0.0,26031.06103515625
2020-02-09 18:00:00,0.0,26496.965698242188
2020-02-09 19:00:00,205.55926513671875,32914.59496307373
2020-02-09 20:00:00,636.7304611206055,40734.04008102417
2020-02-09 21:00:00,962.1162719726562,47689.416259765625
2020-02-09 22:00:00,957.188362121582,52975.431983947754
2020-02-09 23:00:00,960.2456970214843,54035.76047515869
2020-02-10 00:00:00,961.0167617797852,53992.048767089844
2020-02-10 01:00:00,963.0335922241211,54068.49848175049
2020-02-10 02:00:00,961.0902328491211,54114.98880767822
2020-02-10 03:00:00,962.1574096679688,53999.72204589844
2020-02-10 04:00:00,962.8161849975586,53953.582092285156
2020-02-10 05:00:00,960.2127914428711,51776.45030975342
2020-02-10 06:00:00,960.5559387207031,51752.94039154053
2020-02-10 07:00:00,959.2935562133789,45425.938636779785
2020-02-10 08:00:00,917.9825744628906,47484.137062072754
2020-02-10 09:00:00,957.8553924560547,51521.97360229492
2020-02-10 10:00:00,957.1366653442383,53858.33897399902
2020-02-10 11:00:00,954.6467819213867,53799.67684173584
2020-02-10 12:00:00,955.2901153564453,53917.770248413086
2020-02-10 13:00:00,962.3878555297852,53938.79820251465
2020-02-10 14:00:00,957.8606491088867,54031.388595581055
2020-02-10 15:00:00,960.6544647216797,54096.709327697754
2020-02-10 16:00:00,966.2269515991211,54196.098136901855
2020-02-10 17:00:00,962.6782455444336,50049.17399597168
2020-02-10 18:00:00,963.0084609985352,53455.04425048828
2020-02-10 19:00:00,961.6645050048828,52706.518966674805
2020-02-10 20:00:00,962.2161865234375,54073.45923614502
2020-02-10 21:00:00,964.9197692871094,53880.53286743164
2020-02-10 22:00:00,963.6459045410156,54015.26720428467
2020-02-10 23:00:00,964.024040222168,53851.10159301758
2020-02-11 00:00:00,960.2635192871094,46120.18161392212
2020-02-11 01:00:00,959.0951461791992,39883.649269104004
2020-02-11 02:00:00,963.4172058105469,27933.595664978027
2020-02-11 03:00:00,959.8499374389648,17064.18611907959
2020-02-11 04:00:00,739.3723983764648,46447.78035736084
2020-02-11 05:00:00,966.0846252441406,47270.31638145447
2020-02-11 06:00:00,958.9583740234375,52390.61510467529
2020-02-11 07:00:00,965.6879425048828,53788.196548461914
2020-02-11 08:00:00,955.9875335693359,52449.80495452881
2020-02-11 09:00:00,965.1533584594727,51297.563888549805
2020-02-11 10:00:00,957.8350830078125,51853.55780029297
2020-02-11 11:00:00,954.7743072509766,53910.50208282471
2020-02-11 12:00:00,957.6039581298828,51995.56643676758
2020-02-11 13:00:00,955.9305801391602,53982.50811004639
2020-02-11 14:00:00,955.2994842529297,54053.91132354736
2020-02-11 15:00:00,959.036979675293,54056.608657836914
2020-02-11 16:00:00,956.9888610839844,53883.8091506958
2020-02-11 17:00:00,956.8828659057617,53950.466217041016
2020-02-11 18:00:00,956.4524230957031,53973.45471191406
2020-02-11 19:00:00,956.2433776855469,53594.03274536133
2020-02-11 20:00:00,955.7560729980468,46883.05165863037
2020-02-11 21:00:00,964.8739242553711,31838.59049987793
2020-02-11 22:00:00,962.7095260620117,54016.56576538086
2020-02-11 23:00:00,955.3534469604492,53623.27851867676
2020-02-12 00:00:00,960.1349945068359,31723.57822418213
2020-02-12 01:00:00,962.8940658569336,34486.732639312744
2020-02-12 02:00:00,963.0584259033203,36218.97819519043
2020-02-12 03:00:00,965.9512634277344,42091.52865600586
2020-02-12 04:00:00,963.4467163085938,50759.00646209717
2020-02-12 05:00:00,959.0652923583984,53929.63372039795
2020-02-12 06:00:00,956.2565841674805,54087.988998413086
2020-02-12 07:00:00,958.9133377075195,53960.86142730713
2020-02-12 08:00:00,957.4901580810547,53893.824630737305
2020-02-12 09:00:00,959.8829193115234,53933.23007965088
2020-02-12 10:00:00,965.505989074707,54166.780601501465
2020-02-12 11:00:00,966.135124206543,54132.89598083496
2020-02-12 12:00:00,966.0942611694336,54131.649421691895
2020-02-12 13:00:00,965.4485168457031,54043.44175720215
2020-02-12 14:00:00,963.8339004516602,53975.12519836426
2020-02-12 15:00:00,959.161003112793,53856.31774902344
2020-02-12 16:00:00,956.4458236694336,53976.14791107178
2020-02-12 17:00:00,953.7779998779297,53881.94330596924
2020-02-12 18:00:00,950.8564529418945,53387.98365020752
2020-02-12 19:00:00,924.0740814208984,52875.24195098877
2020-02-12 20:00:00,932.2094802856445,52531.030014038086
2020-02-12 21:00:00,886.6470489501953,49735.295066833496
2020-02-12 22:00:00,791.6518440246582,50373.09325027466
2020-02-12 23:00:00,758.665355682373,45781.053592681885
2020-02-13 00:00:00,801.2865447998047,41841.16213607788
2020-02-13 01:00:00,776.4392051696777,30778.948764801025
2020-02-13 02:00:00,753.7373580932617,22238.848518371582
2020-02-13 03:00:00,567.6134338378906,18791.762077331543
2020-02-13 04:00:00,503.91114807128906,21480.795417785645
2020-02-13 05:00:00,532.9645309448242,27800.781532287598
2020-02-13 06:00:00,677.5426635742188,37733.28941345215
2020-02-13 07:00:00,824.6784286499023,46150.87292480469
2020-02-13 08:00:00,932.0825958251953,49995.307624816895
2020-02-13 09:00:00,963.904899597168,53156.67784881592
2020-02-13 10:00:00,963.2395401000977,53939.769790649414
2020-02-13 11:00:00,963.8713302612305,53838.8586807251
2020-02-13 12:00:00,962.8221588134766,52268.30489349365
2020-02-13 13:00:00,927.6273040771484,51066.4998626709
2020-02-13 14:00:00,951.2119827270508,42807.24417877197
2020-02-13 15:00:00,940.0150985717773,32862.81238555908
2020-02-13 16:00:00,803.8954086303711,20301.61608028412
2020-02-13 17:00:00,521.472785949707,15090.730627059937
2020-02-13 18:00:00,336.33629417419434,12659.081823348999
2020-02-13 19:00:00,149.56981754302979,10501.552260398865
2020-02-13 20:00:00,158.11610984802246,13689.580666542053
2020-02-13 21:00:00,180.0852279663086,18253.450839996338
2020-02-13 22:00:00,196.59324741363525,21128.90052987635
2020-02-13 23:00:00,286.84924125671387,22978.748308181763
2020-02-14 00:00:00,254.41548347473145,25396.923936843872
2020-02-14 01:00:00,258.5154438018799,28387.747957229614
2020-02-14 02:00:00,476.45212173461914,24161.90809059143
2020-02-14 03:00:00,812.268180847168,18494.69564819336
2020-02-14 04:00:00,628.4301605224609,12704.470291137695
2020-02-14 05:00:00,454.7055206298828,7397.151176601648
2020-02-14 06:00:00,273.50190925598145,3120.8731235936284
2020-02-14 07:00:00,151.81866359710693,789.2019430994987
2020-02-14 08:00:00,28.42474640160799,369.3664411511272
2020-02-14 09:00:00,0.0,2712.40968683362
2020-02-14 10:00:00,9.099817539565265,7857.346856474876
2020-02-14 11:00:00,34.289570808410645,19103.660751998425
2020-02-14 12:00:00,135.6429033279419,31190.47342824936
2020-02-14 13:00:00,303.26461029052734,31944.679454803467
2020-02-14 14:00:00,436.2642936706543,41398.2096862793
2020-02-14 15:00:00,578.4873046875,47884.956939697266
2020-02-14 16:00:00,765.3620758056641,51848.54637145996
2020-02-14 17:00:00,922.6734008789062,53641.21273803711
2020-02-14 18:00:00,954.5924224853516,54023.50173950195
2020-02-14 19:00:00,962.1647109985352,54131.70819854736
2020-02-14 20:00:00,963.3323974609375,53866.49178314209
2020-02-14 21:00:00,961.6000442504883,53852.85247039795
2020-02-14 22:00:00,962.5148162841797,54195.57539367676
2020-02-14 23:00:00,962.9777679443359,54167.06352996826
2020-02-15 00:00:00,961.847297668457,53889.68550872803
2020-02-15 01:00:00,958.0692825317383,53235.650787353516
2020-02-15 02:00:00,957.5182495117188,50687.08509063721
2020-02-15 03:00:00,958.0981826782227,49737.72287750244
2020-02-15 04:00:00,962.3432693481445,46631.26834869385
2020-02-15 05:00:00,962.7552261352539,44973.82472229004
2020-02-15 06:00:00,962.1481246948242,45517.459381103516
2020-02-15 07:00:00,962.7033081054688,44448.133850097656
2020-02-15 08:00:00,963.2401351928711,45195.46797943115
2020-02-15 09:00:00,963.7054672241211,48759.634765625
2020-02-15 10:00:00,963.8325958251953,53891.27576446533
2020-02-15 11:00:00,962.4045257568359,54155.609367370605
2020-02-15 12:00:00,961.5542373657227,54034.18685913086
2020-02-15 13:00:00,961.6712493896484,54122.58094024658
2020-02-15 14:00:00,961.8571243286133,54008.01974487305
2020-02-15 15:00:00,960.484619140625,50577.77243041992
2020-02-15 16:00:00,965.8050994873047,38058.70790863037
2020-02-15 17:00:00,964.7188110351562,12156.456314086914
2020-02-15 18:00:00,960.6135787963867,6467.890518188477
2020-02-15 19:00:00,958.2656555175781,4187.228958129883
2020-02-15 20:00:00,956.943244934082,3539.039668083191
2020-02-15 21:00:00,752.4261932373047,2080.8754143714905
2020-02-15 22:00:00,389.28939056396484,1919.235912322998
2020-02-15 23:00:00,788.6970977783203,2420.895854949951
2020-02-16 00:00:00,357.9723663330078,18200.71036529541
2020-02-16 01:00:00,755.5320892333984,34840.50710296631
2020-02-16 02:00:00,959.9452819824219,33576.653953552246
2020-02-16 03:00:00,961.8042449951172,9415.220616817474
2020-02-16 04:00:00,808.8220443725585,2265.4408173561096
2020-02-16 05:00:00,872.7417907714844,2315.5691986083984
2020-02-16 06:00:00,810.9325675964355,6551.406181335449
2020-02-16 07:00:00,0.0,7804.240788698196
2020-02-16 08:00:00,154.25143432617188,13346.577053070068
2020-02-16 09:00:00,358.34049224853516,27912.849941253662
2020-02-16 10:00:00,357.45558166503906,45572.299072265625
2020-02-16 11:00:00,867.4118881225586,51862.333976745605
2020-02-16 12:00:00,959.0525665283203,54017.4333190918
2020-02-16 13:00:00,957.380241394043,54150.879890441895
2020-02-16 14:00:00,960.6035690307617,53793.85690307617
2020-02-16 15:00:00,962.7521057128906,53511.384033203125
2020-02-16 16:00:00,958.6725616455078,54218.06510925293
2020-02-16 17:00:00,945.1091232299805,54016.96715545654
2020-02-16 18:00:00,961.4272766113281,54057.94464111328
2020-02-16 19:00:00,962.0123901367188,53963.041275024414
2020-02-16 20:00:00,963.8750076293945,54024.96558380127
2020-02-16 21:00:00,960.6104583740234,53935.223976135254
2020-02-16 22:00:00,963.3850173950194,53978.74758148193
2020-02-16 23:00:00,964.8059310913086,54026.87466430664
2020-02-17 00:00:00,959.092399597168,52797.76118469238
2020-02-17 01:00:00,957.3393707275391,49545.63626098633
2020-02-17 02:00:00,956.3518676757812,37604.834129333496
2020-02-17 03:00:00,956.8698806762695,27775.388515472412
2020-02-17 04:00:00,958.1321029663086,30978.23998260498
2020-02-17 05:00:00,957.0653610229492,28079.095291137695
2020-02-17 06:00:00,955.9059677124023,31702.60767364502
2020-02-17 07:00:00,961.3245315551758,34284.45263671875
2020-02-17 08:00:00,956.8840637207031,41206.54528808594
2020-02-17 09:00:00,958.0578842163086,50197.37886810303
2020-02-17 10:00:00,960.2490844726562,53848.9186630249
2020-02-17 11:00:00,960.1926116943359,54123.78010559082
2020-02-17 12:00:00,962.2547225952148,54120.542907714844
2020-02-17 13:00:00,965.7395248413086,54058.51999664307
2020-02-17 14:00:00,965.2082595825195,54259.8846282959
2020-02-17 15:00:00,964.5112457275391,54349.7229385376
2020-02-17 16:00:00,960.9849624633789,54121.122955322266
2020-02-17 17:00:00,961.6170806884766,54172.354316711426
2020-02-17 18:00:00,960.6175003051758,54291.143646240234
2020-02-17 19:00:00,956.9551544189453,53911.084312438965
2020-02-17 20:00:00,962.0643768310547,54312.34062957764
2020-02-17 21:00:00,962.5809860229491,54410.636810302734
2020-02-17 22:00:00,962.8849411010742,54275.3801651001
2020-02-17 23:00:00,963.5038681030273,54294.681297302246
2020-02-18 00:00:00,962.4036331176758,54480.860595703125
2020-02-18 01:00:00,962.4502944946289,54243.074966430664
2020-02-18 02:00:00,961.0038681030273,54201.68901062012
2020-02-18 03:00:00,962.3065338134766,54187.30362701416
2020-02-18 04:00:00,965.0362396240234,54102.99948120117
2020-02-18 05:00:00,966.2721710205078,54303.92922973633
2020-02-18 06:00:00,966.7258453369141,54380.08232116699
2020-02-18 07:00:00,959.936882019043,54134.87854766846
2020-02-18 08:00:00,957.6143951416016,54178.927558898926
2020-02-18 09:00:00,961.6481475830078,54356.173973083496
2020-02-18 10:00:00,960.9523086547852,54316.24099731445
2020-02-18 11:00:00,961.2180404663086,54555.23571014404
2020-02-18 12:00:00,961.5926513671875,54555.84023284912
2020-02-18 13:00:00,962.0666656494141,54422.96511077881
2020-02-18 14:00:00,962.3880462646484,54303.41491699219
2020-02-18 15:00:00,962.8386383056641,54280.42980194092
2020-02-18 16:00:00,961.7988967895508,54276.53677368164
2020-02-18 17:00:00,961.0739898681641,54409.45983886719
2020-02-18 18:00:00,959.7708282470703,54142.137115478516
2020-02-18 19:00:00,961.5676574707031,53949.982917785645
2020-02-18 20:00:00,961.6615371704102,54099.11965179443
2020-02-18 21:00:00,962.5793838500977,54292.90391540527
2020-02-18 22:00:00,965.7255401611328,54125.29350280762
2020-02-18 23:00:00,951.52978515625,54320.69982910156
2020-02-19 00:00:00,962.8225021362305,54349.29426574707
2020-02-19 01:00:00,948.4425354003906,54371.77249145508
2020-02-19 02:00:00,958.080940246582,54411.900077819824
2020-02-19 03:00:00,960.8406066894531,54592.35237121582
2020-02-19 04:00:00,963.2904586791992,54256.84923553467
2020-02-19 05:00:00,963.3822402954102,54174.42733001709
2020-02-19 06:00:00,962.7387847900391,54075.62629699707
2020-02-19 07:00:00,957.3828506469727,53960.272605895996
2020-02-19 08:00:00,959.2570571899414,53694.05700683594
2020-02-19 09:00:00,957.2394027709961,53612.33694458008
2020-02-19 10:00:00,960.870246887207,53811.02886199951
2020-02-19 11:00:00,949.5236587524414,53223.81468963623
2020-02-19 12:00:00,941.5550537109375,52953.435623168945
2020-02-19 13:00:00,940.0846099853516,52679.81435394287
2020-02-19 14:00:00,929.8112030029297,50284.35234069824
2020-02-19 15:00:00,900.3628616333008,47470.46895599365
2020-02-19 16:00:00,881.211540222168,46253.54103851318
2020-02-19 17:00:00,889.0099639892578,40768.91365814209
2020-02-19 18:00:00,850.6389083862305,41930.39560699463
2020-02-19 19:00:00,827.42724609375,37510.608337402344
2020-02-19 20:00:00,881.7763442993164,46060.10063171387
2020-02-19 21:00:00,949.0744705200195,51377.83010101318
2020-02-19 22:00:00,962.4441986083984,53174.27331542969
2020-02-19 23:00:00,961.9704055786133,53978.263931274414
2020-02-20 00:00:00,963.232795715332,54243.729667663574
2020-02-20 01:00:00,963.3449172973633,54280.97144317627
2020-02-20 02:00:00,963.5702514648438,54233.809341430664
2020-02-20 03:00:00,963.675407409668,54272.78224182129
2020-02-20 04:00:00,963.8860321044922,54225.9143371582
2020-02-20 05:00:00,964.2136001586914,54200.21098327637
2020-02-20 06:00:00,962.9614028930664,54300.772453308105
2020-02-20 07:00:00,962.2583923339844,54281.10289764404
2020-02-20 08:00:00,962.4648132324219,54233.22009277344
2020-02-20 09:00:00,961.6781768798828,54192.8582611084
2020-02-20 10:00:00,960.8584671020508,54158.28956604004
2020-02-20 11:00:00,962.8664245605469,54170.49711608887
2020-02-20 12:00:00,964.8168182373047,54009.196449279785
2020-02-20 13:00:00,965.1211395263671,53905.92120361328
2020-02-20 14:00:00,962.1099700927734,53909.71407318115
2020-02-20 15:00:00,960.3298721313477,53989.7000579834
2020-02-20 16:00:00,957.5752029418945,53556.525299072266
2020-02-20 17:00:00,929.6302032470703,54213.64186859131
2020-02-20 18:00:00,961.4450531005859,54110.5286026001
2020-02-20 19:00:00,962.9151458740234,54386.50281524658
2020-02-20 20:00:00,962.3969650268555,54290.48267364502
2020-02-20 21:00:00,962.2714920043945,53943.03131866455
2020-02-20 22:00:00,960.8228302001953,54313.38862609863
2020-02-20 23:00:00,960.4149322509766,54413.66452026367
2020-02-21 00:00:00,962.3368988037109,54111.66428375244
2020-02-21 01:00:00,963.0757369995117,54242.19403839111
2020-02-21 02:00:00,960.56201171875,54295.881256103516
2020-02-21 03:00:00,961.5439224243164,54304.581481933594
2020-02-21 04:00:00,962.1210861206055,54293.465591430664
2020-02-21 05:00:00,961.6918334960938,54375.59627532959
2020-02-21 06:00:00,961.5234298706055,54237.87561035156
2020-02-21 07:00:00,962.1160736083984,54120.470878601074
2020-02-21 08:00:00,959.3862075805664,54051.74517059326
2020-02-21 09:00:00,960.8492584228516,53940.05408477783
2020-02-21 10:00:00,956.5395736694336,54076.127700805664
2020-02-21 11:00:00,961.3376235961914,54300.21327209473
2020-02-21 12:00:00,963.0229110717773,54313.374572753906
2020-02-21 13:00:00,961.9559936523438,54220.05093383789
2020-02-21 14:00:00,961.3859710693359,54161.715728759766
2020-02-21 15:00:00,962.5940170288086,54156.741287231445
2020-02-21 16:00:00,964.5442428588867,54051.733322143555
2020-02-21 17:00:00,966.0235061645508,53956.78944396973
2020-02-21 18:00:00,960.1286163330078,54040.06269073486
2020-02-21 19:00:00,961.8612365722656,54140.085609436035
2020-02-21 20:00:00,965.4542922973633,54089.5718460083
2020-02-21 21:00:00,965.8267517089844,53946.615814208984
2020-02-21 22:00:00,965.0185546875,54034.90003204346
2020-02-21 23:00:00,965.3523330688477,53983.39978027344
2020-02-22 00:00:00,959.8257293701172,53912.54833984375
2020-02-22 01:00:00,957.0787658691406,50595.731674194336
2020-02-22 02:00:00,954.6191635131836,48825.74318695068
2020-02-22 03:00:00,960.4711456298828,40321.129707336426
2020-02-22 04:00:00,964.0542678833008,36080.940479278564
2020-02-22 05:00:00,965.5601501464844,27378.936826705933
2020-02-22 06:00:00,939.855583190918,19024.154778003693
2020-02-22 07:00:00,960.8533172607422,18548.1407623291
2020-02-22 08:00:00,930.1933364868164,19865.049689292908
2020-02-22 09:00:00,393.5425262451172,38000.40936279297
2020-02-22 10:00:00,958.1003646850586,52154.04266357422
2020-02-22 11:00:00,962.0323867797852,53799.36610412598
2020-02-22 12:00:00,959.7983245849609,54082.22611999512
2020-02-22 13:00:00,964.8639373779297,54135.08324432373
2020-02-22 14:00:00,963.3695831298828,53796.32011413574
2020-02-22 15:00:00,964.7719039916992,52980.54850769043
2020-02-22 16:00:00,958.366325378418,54058.54913330078
2020-02-22 17:00:00,961.3179168701172,54000.548973083496
2020-02-22 18:00:00,965.7037200927734,53893.455001831055
2020-02-22 19:00:00,959.5060272216797,54090.687995910645
2020-02-22 20:00:00,954.3120346069336,54116.94118499756
2020-02-22 21:00:00,963.950569152832,54139.509857177734
2020-02-22 22:00:00,956.9935073852539,54194.12326812744
2020-02-22 23:00:00,964.7960739135742,54217.58846282959
2020-02-23 00:00:00,963.8120498657227,54318.85543060303
2020-02-23 01:00:00,961.4028091430664,54204.83179473877
2020-02-23 02:00:00,958.4205322265625,54125.391052246094
2020-02-23 03:00:00,958.9606246948241,54042.535400390625
2020-02-23 04:00:00,939.6137084960938,53869.79071807861
2020-02-23 05:00:00,949.1233825683594,53594.57876586914
2020-02-23 06:00:00,906.7381286621094,46763.87523651123
2020-02-23 07:00:00,707.5136198997498,34901.9838180542
2020-02-23 08:00:00,801.9245071411133,24047.134801864624
2020-02-23 09:00:00,599.1444091796875,21732.33306121826
2020-02-23 10:00:00,661.1175231933594,20955.726458072662
2020-02-23 11:00:00,468.3665466308594,31199.06905889511
2020-02-23 12:00:00,432.1724319458008,45573.319427490234
2020-02-23 13:00:00,829.8567047119141,49845.701652526855
2020-02-23 14:00:00,962.9550857543945,54187.05952453613
2020-02-23 15:00:00,962.7281188964844,54267.19762420654
2020-02-23 16:00:00,963.3563461303711,54272.59337615967
2020-02-23 17:00:00,954.811149597168,54282.50595855713
2020-02-23 18:00:00,959.8974075317383,54253.263580322266
2020-02-23 19:00:00,960.6267929077148,54086.269386291504
2020-02-23 20:00:00,961.8001861572266,54335.33669281006
2020-02-23 21:00:00,962.0363159179688,54018.31300354004
2020-02-23 22:00:00,960.5759124755859,53533.52458190918
2020-02-23 23:00:00,943.5782241821289,52034.30132293701
2020-02-24 00:00:00,857.7460021972656,42844.174114227295
2020-02-24 01:00:00,787.209789276123,29306.797634124756
2020-02-24 02:00:00,692.6933689117432,17896.28921866417
2020-02-24 03:00:00,539.7434425354004,8374.016520053148
2020-02-24 04:00:00,301.19216203689575,3264.856688261032
2020-02-24 05:00:00,132.4633617401123,1897.189132452011
2020-02-24 06:00:00,101.54118537902832,5088.67024821043
2020-02-24 07:00:00,194.18555450439453,14753.392122268677
2020-02-24 08:00:00,342.3103218078613,28388.67805480957
2020-02-24 09:00:00,751.3667144775391,40111.215019226074
2020-02-24 10:00:00,922.5190582275391,48973.66165161133
2020-02-24 11:00:00,665.869499206543,50738.51362609863
2020-02-24 12:00:00,927.7785034179688,51942.60845184326
2020-02-24 13:00:00,963.5435256958008,53309.34352874756
2020-02-24 14:00:00,961.3794250488281,52332.28115081787
2020-02-24 15:00:00,962.0608901977539,52124.02960205078
2020-02-24 16:00:00,962.1579055786133,52088.2327041626
2020-02-24 17:00:00,961.125,52196.1859664917
2020-02-24 18:00:00,965.9518814086914,53628.80197143555
2020-02-24 19:00:00,965.6843719482422,54086.740074157715
2020-02-24 20:00:00,965.9066772460938,54129.02621459961
2020-02-24 21:00:00,959.6651763916016,54104.27601623535
2020-02-24 22:00:00,963.2173614501953,54029.81079864502
2020-02-24 23:00:00,965.8407135009766,53810.79207611084
2020-02-25 00:00:00,962.8225479125977,53936.12593841553
2020-02-25 01:00:00,964.7942886352539,53930.278091430664
2020-02-25 02:00:00,960.3348007202148,53635.583015441895
2020-02-25 03:00:00,962.4237899780273,54129.09063720703
2020-02-25 04:00:00,960.0328903198242,54104.26638793945
2020-02-25 05:00:00,960.6812362670898,52169.07021331787
2020-02-25 06:00:00,960.8692626953125,54136.48215484619
2020-02-25 07:00:00,966.0617446899414,54125.61180114746
2020-02-25 08:00:00,960.2751922607422,54135.59069061279
2020-02-25 09:00:00,960.0925827026367,54118.80520629883
2020-02-25 10:00:00,965.608024597168,54208.792572021484
2020-02-25 11:00:00,962.1950149536133,53915.987480163574
2020-02-25 12:00:00,960.9881134033203,51913.31416320801
2020-02-25 13:00:00,958.6217956542969,50057.18901062012
2020-02-25 14:00:00,955.458625793457,45419.54317474365
2020-02-25 15:00:00,946.8160705566406,39458.073471069336
2020-02-25 16:00:00,876.6249618530272,31462.367797851562
2020-02-25 17:00:00,834.3029022216797,24941.873027801514
2020-02-25 18:00:00,758.7609634399414,20961.826984405518
2020-02-25 19:00:00,633.5862655639648,18299.150861740112
2020-02-25 20:00:00,518.100664138794,16229.089622497559
2020-02-25 21:00:00,359.98852729797363,13865.4146194458
2020-02-25 22:00:00,400.1226692199707,15748.891079425812
2020-02-25 23:00:00,425.4586524963379,15753.264631271362
2020-02-26 00:00:00,390.23143768310547,15967.215288162231
2020-02-26 01:00:00,362.7926712036133,16043.453289985657
2020-02-26 02:00:00,332.69922637939453,14775.730396270752
2020-02-26 03:00:00,431.8966178894043,19427.184169769287
2020-02-26 04:00:00,358.41318130493164,24212.30953025818
2020-02-26 05:00:00,377.5699577331543,22460.50054550171
2020-02-26 06:00:00,296.74463272094727,22492.591373443604
2020-02-26 07:00:00,453.09556579589844,26856.568119049072
2020-02-26 08:00:00,654.0615005493164,25603.602882385254
2020-02-26 09:00:00,400.3539237976074,26190.057136535645
2020-02-26 10:00:00,510.4068908691406,29077.61598968506
2020-02-26 11:00:00,471.74048614501953,30044.928131103516
2020-02-26 12:00:00,450.9933853149414,31847.486400604248
2020-02-26 13:00:00,442.4986267089844,32657.8614654541
2020-02-26 14:00:00,544.0412521362305,31503.117500305176
2020-02-26 15:00:00,479.95295333862305,29335.279006958008
2020-02-26 16:00:00,527.7579345703125,34856.59132385254
2020-02-26 17:00:00,474.3557586669922,35312.861267089844
2020-02-26 18:00:00,636.5355911254883,30418.83402633667
2020-02-26 19:00:00,679.9090576171875,38218.56503677368
2020-02-26 20:00:00,443.06735610961914,38350.52838897705
2020-02-26 21:00:00,649.7004470825195,36581.74566459656
2020-02-26 22:00:00,533.5726547241211,39926.957162857056
2020-02-26 23:00:00,615.509635925293,35719.982944488525
2020-02-27 00:00:00,562.6279640197754,31345.01499557495
2020-02-27 01:00:00,433.41139030456543,24676.36516571045
2020-02-27 02:00:00,442.1336860656738,22116.390144348145
2020-02-27 03:00:00,420.2214584350586,18326.571521759033
2020-02-27 04:00:00,382.07988929748535,15028.983449935913
2020-02-27 05:00:00,330.4690341949463,14510.891136169434
2020-02-27 06:00:00,400.89987564086914,16029.373168945312
2020-02-27 07:00:00,410.53579330444336,20035.31777572632
2020-02-27 08:00:00,476.5245590209961,22907.24928665161
2020-02-27 09:00:00,361.56061935424805,21771.16562271118
2020-02-27 10:00:00,505.8125247955322,24091.44798874855
2020-02-27 11:00:00,535.1253070831298,21977.600441668183
2020-02-27 12:00:00,369.5627555847168,15416.833561301231
2020-02-27 13:00:00,266.81507205963135,15813.772080726922
2020-02-27 14:00:00,252.7137784436345,19964.844297848642
2020-02-27 15:00:00,372.9188404083252,28333.162360191345
2020-02-27 16:00:00,303.15648078918457,44593.06452560425
2020-02-27 17:00:00,553.0673675537109,50085.218547821045
2020-02-27 18:00:00,783.3301391601562,53200.20714569092
2020-02-27 19:00:00,962.0744476318358,53573.56826019287
2020-02-27 20:00:00,960.935791015625,53058.95154571533
2020-02-27 21:00:00,955.0933151245117,53292.37032318115
2020-02-27 22:00:00,939.1606063842773,52312.32601928711
2020-02-27 23:00:00,939.0064926147461,53223.25321960449
2020-02-28 00:00:00,939.001823425293,53328.28146362305
2020-02-28 01:00:00,906.7398910522461,45477.809730529785
2020-02-28 02:00:00,833.1871147155762,42250.29879760742
2020-02-28 03:00:00,832.5683212280273,43892.03801345825
2020-02-28 04:00:00,778.710506439209,32173.53296661377
2020-02-28 05:00:00,672.1533660888671,24708.148685455322
2020-02-28 06:00:00,573.8804378509521,23987.384185791016
2020-02-28 07:00:00,447.9115924835205,18319.41752243042
2020-02-28 08:00:00,462.89306640625,18033.402336120605
2020-02-28 09:00:00,474.0077838897705,21264.92131614685
2020-02-28 10:00:00,721.7298355102539,31173.69108581543
2020-02-28 11:00:00,754.9134140014648,37903.82386016846
2020-02-28 12:00:00,861.1280975341797,45770.882652282715
2020-02-28 13:00:00,862.4375305175781,45855.97779083252
2020-02-28 14:00:00,867.2311248779297,48565.90408325195
2020-02-28 15:00:00,951.1522064208984,53219.99208068848
2020-02-28 16:00:00,964.1592330932617,54064.27607727051
2020-02-28 17:00:00,963.1979522705078,54178.128356933594
2020-02-28 18:00:00,961.4050750732422,54200.799308776855
2020-02-28 19:00:00,960.7686157226562,54054.61325073242
2020-02-28 20:00:00,961.3527450561523,54124.31497955322
2020-02-28 21:00:00,961.3521499633789,54137.17301940918
2020-02-28 22:00:00,960.2509078979492,53473.87160491943
2020-02-28 23:00:00,961.5409698486328,52876.93061065674
2020-02-29 00:00:00,962.3955078125,51836.236991882324
2020-02-29 01:00:00,960.534065246582,50417.210876464844
2020-02-29 02:00:00,961.9783325195312,50124.752365112305
2020-02-29 03:00:00,961.8211135864258,49470.81294250488
2020-02-29 04:00:00,961.7092437744141,50842.86739349365
2020-02-29 05:00:00,960.7926864624023,52758.994232177734
2020-02-29 06:00:00,961.0212554931641,54066.5618057251
2020-02-29 07:00:00,960.6521224975586,54124.887634277344
2020-02-29 08:00:00,962.6537322998047,54129.512046813965
2020-02-29 09:00:00,963.4693069458008,54097.34893798828
2020-02-29 10:00:00,961.1789016723633,54148.92059326172
2020-02-29 11:00:00,961.769905090332,54157.18193054199
2020-02-29 12:00:00,961.8849945068359,54229.289474487305
2020-02-29 13:00:00,962.9923934936523,53706.49834442139
2020-02-29 14:00:00,961.6656341552733,54047.343269348145
2020-02-29 15:00:00,960.8880462646484,53518.93990325928
2020-02-29 16:00:00,963.8441543579102,53986.64598083496
2020-02-29 17:00:00,963.6637878417969,54122.54553222656
2020-02-29 18:00:00,962.9800872802734,54063.522369384766
2020-02-29 19:00:00,960.0026168823242,54189.29335784912
2020-02-29 20:00:00,960.1270065307617,54168.60264587402
2020-02-29 21:00:00,959.4892425537108,54168.65187072754
2020-02-29 22:00:00,964.8746490478516,54113.52121734619
2020-02-29 23:00:00,963.6760406494141,53969.79545593262
2020-03-01 00:00:00,959.0743408203125,47654.27367401123
2020-03-01 01:00:00,956.8155136108398,53682.739753723145
2020-03-01 02:00:00,956.1941452026367,53824.642349243164
2020-03-01 03:00:00,957.6735534667969,54031.90091705322
2020-03-01 04:00:00,957.9123382568359,54040.0567779541
2020-03-01 05:00:00,960.5905685424805,54112.59410858154
2020-03-01 06:00:00,964.8208999633789,54009.87925720215
2020-03-01 07:00:00,964.9689331054688,53943.31116485596
2020-03-01 08:00:00,966.1279602050781,54028.26551055908
2020-03-01 09:00:00,966.6028442382812,54085.4202041626
2020-03-01 10:00:00,964.185417175293,54166.21701049805
2020-03-01 11:00:00,964.879768371582,54079.90055847168
2020-03-01 12:00:00,963.4273452758789,54202.50957489014
2020-03-01 13:00:00,963.5627746582031,54146.62740325928
2020-03-01 14:00:00,959.5934677124023,54271.83176422119
2020-03-01 15:00:00,961.7448806762695,54117.08953857422
2020-03-01 16:00:00,960.9246597290039,53902.527770996094
2020-03-01 17:00:00,958.0813980102539,53945.870109558105
2020-03-01 18:00:00,933.3140716552734,52347.112380981445
2020-03-01 19:00:00,919.0998687744141,52105.29414367676
2020-03-01 20:00:00,922.8970184326172,52347.01230621338
2020-03-01 21:00:00,875.1074981689453,52241.95057678223
2020-03-01 22:00:00,826.7293853759766,49326.281551361084
2020-03-01 23:00:00,852.0403671264648,49636.94729614258
2020-03-02 00:00:00,748.9639587402344,41721.30206298828
2020-03-02 01:00:00,767.8009185791016,35864.09323120117
2020-03-02 02:00:00,868.3809280395508,31522.235481262207
2020-03-02 03:00:00,768.7336349487305,25906.979766845703
2020-03-02 04:00:00,764.5933151245117,23110.617294311523
2020-03-02 05:00:00,762.5509796142578,23735.463829040527
2020-03-02 06:00:00,904.0978393554688,22422.59944152832
2020-03-02 07:00:00,789.1585845947266,17790.269718170166
2020-03-02 08:00:00,623.1427383422852,14577.625135421753
2020-03-02 09:00:00,470.437557220459,10779.47165298462
2020-03-02 10:00:00,312.2634677886963,7656.569488525391
2020-03-02 11:00:00,190.62622833251953,5123.188702002168
2020-03-02 12:00:00,106.68664741516113,3125.2917289733887
2020-03-02 13:00:00,105.23277425765991,3432.1517844200134
2020-03-02 14:00:00,80.2963747382164,3309.073547206819
2020-03-02 15:00:00,49.471237301826484,4390.883414983749
2020-03-02 16:00:00,6.987485647201538,5860.450757190585
2020-03-02 17:00:00,166.92512959241867,6553.11864567548
2020-03-02 18:00:00,292.5541076660156,6950.002227783203
2020-03-02 19:00:00,235.38098046183586,7224.336733393371
2020-03-02 20:00:00,146.1747486591339,7055.56592464447
2020-03-02 21:00:00,164.70654392242432,7852.33377456665
2020-03-02 22:00:00,193.4740753173828,9842.814268112183
2020-03-02 23:00:00,295.99481773376465,12797.470268249512
2020-03-03 00:00:00,431.80299282073975,14624.822667598724
2020-03-03 01:00:00,184.94471836090088,10375.552639007568
2020-03-03 02:00:00,242.44289016723633,11537.82122039795
2020-03-03 03:00:00,264.3306694030762,11306.127258300781
2020-03-03 04:00:00,337.1233367919922,11513.02388381958
2020-03-03 05:00:00,321.69800186157227,13530.443920135498
2020-03-03 06:00:00,322.82861709594727,15443.374137878418
2020-03-03 07:00:00,295.67444610595703,15487.01174545288
2020-03-03 08:00:00,435.71167755126953,15850.749073028564
2020-03-03 09:00:00,463.2119903564453,16564.01082611084
2020-03-03 10:00:00,413.8818359375,19420.183826446533
2020-03-03 11:00:00,485.2093734741211,18657.314472198486
2020-03-03 12:00:00,449.0676689147949,14962.572257995605
2020-03-03 13:00:00,390.7258110046387,14256.028247833252
2020-03-03 14:00:00,347.38916778564453,13603.278259277344
2020-03-03 15:00:00,286.54980850219727,10507.029094696045
2020-03-03 16:00:00,246.1629409790039,9116.179164886475
2020-03-03 17:00:00,213.74338340759277,8507.151512145996
2020-03-03 18:00:00,200.50636100769043,8216.128545761108
2020-03-03 19:00:00,144.0043921470642,5724.696932315826
2020-03-03 20:00:00,108.04966592788696,5242.331725120544
2020-03-03 21:00:00,112.58308839797975,5838.47802400589
2020-03-03 22:00:00,92.10318124294281,6581.207629919052
2020-03-03 23:00:00,103.52693176269531,8858.61947631836
2020-03-04 00:00:00,134.18975162506104,11774.184453248978
2020-03-04 01:00:00,113.3323917388916,9514.250977039337
2020-03-04 02:00:00,153.44417476654053,10495.118215560913
2020-03-04 03:00:00,183.59147453308105,9757.447031974792
2020-03-04 04:00:00,149.45946407318115,7744.890398025513
2020-03-04 05:00:00,172.91277503967285,7176.144842147827
2020-03-04 06:00:00,107.67712116241456,6905.687180519104
2020-03-04 07:00:00,79.67459106445312,6732.953108787537
2020-03-04 08:00:00,90.98646259307861,6736.442317008972
2020-03-04 09:00:00,133.8343210220337,6611.499695777893
2020-03-04 10:00:00,106.31962585449219,6825.42697429657
2020-03-04 11:00:00,137.05304050445557,8236.12889289856
2020-03-04 12:00:00,198.55750846862793,8824.088886260986
2020-03-04 13:00:00,238.08828163146973,7782.254209518433
2020-03-04 14:00:00,187.19506740570068,6223.944527864456
2020-03-04 15:00:00,141.07801246643066,3437.322268307209
2020-03-04 16:00:00,85.96058338880539,2016.5739729236811
2020-03-04 17:00:00,73.00399373844266,1349.7165663968772
2020-03-04 18:00:00,39.280360758304596,1049.485172867775
2020-03-04 19:00:00,48.10040283203125,1395.7278348058462
2020-03-04 20:00:00,49.93762785056606,1287.9176829457283
2020-03-04 21:00:00,26.217937290668488,1509.8366153240204
2020-03-04 22:00:00,14.29439240694046,728.6138229370117
2020-03-04 23:00:00,8.90229731053114,1223.972712174058
2020-03-05 00:00:00,9.377455651760101,1664.8135221600533
2020-03-05 01:00:00,29.761036396026615,2670.616035938263
2020-03-05 02:00:00,25.05828881263733,3225.5548486709595
2020-03-05 03:00:00,37.135000228881836,4676.515913009644
2020-03-05 04:00:00,65.79813133785501,4527.823306083679
2020-03-05 05:00:00,129.76329231262207,6804.287832260132
2020-03-05 06:00:00,157.1748867034912,7448.619194984436
2020-03-05 07:00:00,187.6192798614502,8880.419215083122
2020-03-05 08:00:00,216.50800895690918,12870.156834602356
2020-03-05 09:00:00,317.54357528686523,17229.017379760742
2020-03-05 10:00:00,255.5557518005371,20220.68991470337
2020-03-05 11:00:00,297.43185806274414,20666.354652404785
2020-03-05 12:00:00,484.47645568847656,23802.311122894287
2020-03-05 13:00:00,607.1482009887695,24187.57297515869
2020-03-05 14:00:00,656.3188400268555,29362.79249191284
2020-03-05 15:00:00,717.4952774047852,30767.885791778564
2020-03-05 16:00:00,740.2230834960938,30348.066345214844
2020-03-05 17:00:00,747.7114181518555,32886.41729736328
2020-03-05 18:00:00,805.3845481872559,36105.8801574707
2020-03-05 19:00:00,864.3504753112793,39151.87030792236
2020-03-05 20:00:00,888.2916870117188,38477.990772247314
2020-03-05 21:00:00,901.6971969604492,39136.16817474365
2020-03-05 22:00:00,920.6505355834961,40552.233947753906
2020-03-05 23:00:00,918.8079071044922,40943.55113220215
2020-03-06 00:00:00,931.7520980834961,41266.68794250488
2020-03-06 01:00:00,892.7067413330078,37546.343658447266
2020-03-06 02:00:00,890.0685615539551,35677.49214935303
2020-03-06 03:00:00,867.3005599975586,36270.25572967529
2020-03-06 04:00:00,831.882869720459,33056.86242675781
2020-03-06 05:00:00,853.2858352661133,32639.649879455566
2020-03-06 06:00:00,835.5820388793945,31671.03253173828
2020-03-06 07:00:00,585.4067687988281,21176.658073425293
2020-03-06 08:00:00,708.3128356933594,23460.294986724854
2020-03-06 09:00:00,706.9639892578125,22054.605628967285
2020-03-06 10:00:00,637.9788017272949,19662.193935394287
2020-03-06 11:00:00,575.4255065917969,15483.55046081543
2020-03-06 12:00:00,516.9956321716309,13478.20869064331
2020-03-06 13:00:00,384.0263786315918,12086.318696975708
2020-03-06 14:00:00,345.36045265197754,10256.373569488525
2020-03-06 15:00:00,324.64782524108887,9341.903747558594
2020-03-06 16:00:00,303.83674240112305,10572.138185501099
2020-03-06 17:00:00,340.7459030151367,11090.537252426147
2020-03-06 18:00:00,353.04240798950195,10791.998670578003
2020-03-06 19:00:00,339.14365005493164,13153.290466308594
2020-03-06 20:00:00,376.83348083496094,13195.225814819336
2020-03-06 21:00:00,366.7972412109375,10786.298677444458
2020-03-06 22:00:00,303.32761001586914,9447.782438278198
2020-03-06 23:00:00,285.19751930236816,7400.658201113343
2020-03-07 00:00:00,255.2263946533203,6621.490743637085
2020-03-07 01:00:00,275.79053688049316,5603.823725447059
2020-03-07 02:00:00,220.84892082214355,4880.8396395891905
2020-03-07 03:00:00,216.37343215942383,4821.110683441162
2020-03-07 04:00:00,209.12060356140137,3763.570357322693
2020-03-07 05:00:00,150.7007713317871,3647.674168586731
2020-03-07 06:00:00,81.41864967346191,5575.001873016357
2020-03-07 07:00:00,96.30088710784912,5803.874629020691
2020-03-07 08:00:00,86.44148874282837,8763.070984840393
2020-03-07 09:00:00,147.17192268371582,12151.985912322998
2020-03-07 10:00:00,234.26316452026367,19575.50407218933
2020-03-07 11:00:00,393.55014419555664,22569.20578765869
2020-03-07 12:00:00,494.92857360839844,24068.134838104248
2020-03-07 13:00:00,632.4643936157227,29780.187099456787
2020-03-07 14:00:00,647.8436584472656,38798.55674743652
2020-03-07 15:00:00,728.5510406494141,45083.19041442871
2020-03-07 16:00:00,799.8532867431641,51093.88121795654
2020-03-07 17:00:00,940.2823715209961,52317.75589752197
2020-03-07 18:00:00,954.9527893066405,52216.42342376709
2020-03-07 19:00:00,963.5303268432617,54143.87644958496
2020-03-07 20:00:00,961.0840759277344,54335.90255737305
2020-03-07 21:00:00,963.038703918457,54257.6756439209
2020-03-07 22:00:00,963.888671875,54255.839614868164
2020-03-07 23:00:00,962.2468566894531,54243.114318847656
2020-03-08 00:00:00,962.3383941650391,54265.61865234375
2020-03-08 01:00:00,961.826774597168,54228.5227432251
2020-03-08 02:00:00,962.4658889770508,54224.814392089844
2020-03-08 03:00:00,961.8897323608398,54009.626052856445
2020-03-08 04:00:00,960.79248046875,54121.46898651123
2020-03-08 05:00:00,960.3870162963867,53940.700202941895
2020-03-08 06:00:00,962.7352828979492,53904.88717651367
2020-03-08 07:00:00,963.9435958862304,53945.23336791992
2020-03-08 08:00:00,962.8225784301758,53987.88346862793
2020-03-08 09:00:00,963.0263900756836,54026.68077850342
2020-03-08 10:00:00,964.7161254882812,54145.5894241333
2020-03-08 11:00:00,963.3373718261719,54156.77548980713
2020-03-08 12:00:00,964.9936599731445,54255.18087005615
2020-03-08 13:00:00,961.1808090209961,54287.00331878662
2020-03-08 14:00:00,961.9706039428711,53089.5807800293
2020-03-08 15:00:00,963.1744918823242,49524.30047607422
2020-03-08 16:00:00,954.7775726318359,44081.63764953613
2020-03-08 17:00:00,958.7587203979492,39493.067474365234
2020-03-08 18:00:00,915.0452651977539,33471.60111236572
2020-03-08 19:00:00,794.3615112304688,32948.380126953125
2020-03-08 20:00:00,762.0359878540039,34074.23649597168
2020-03-08 21:00:00,490.7306938171387,21958.745628356934
2020-03-08 22:00:00,899.9055633544922,25712.14217376709
2020-03-08 23:00:00,551.7943801879883,26611.290420532227
2020-03-09 00:00:00,519.4781951904297,28793.92768096924
2020-03-09 01:00:00,683.4617080688477,28074.42063140869
2020-03-09 02:00:00,553.8055725097656,27134.459754943848
2020-03-09 03:00:00,494.37621307373047,25748.717819213867
2020-03-09 04:00:00,404.672306060791,20738.395462036133
2020-03-09 05:00:00,414.05147933959955,19249.33008956909
2020-03-09 06:00:00,475.0060234069824,18094.9952545166
2020-03-09 07:00:00,243.6584186553955,15163.332780838013
2020-03-09 08:00:00,221.7297134399414,18169.920497894287
2020-03-09 09:00:00,365.14786529541016,18676.319995880127
2020-03-09 10:00:00,268.2234745025635,15654.540740966797
2020-03-09 11:00:00,373.4090461730957,15806.44800567627
2020-03-09 12:00:00,360.30322265625,19945.773063659668
2020-03-09 13:00:00,428.57443618774414,17091.807861328125
2020-03-09 14:00:00,420.9399833679199,12837.895095825195
2020-03-09 15:00:00,308.2428092956543,15967.67705154419
2020-03-09 16:00:00,474.12671089172363,21676.306941986084
2020-03-09 17:00:00,477.7872085571289,25702.85312271118
2020-03-09 18:00:00,660.6046180725098,30759.838340759277
2020-03-09 19:00:00,627.6002731323242,36436.098976135254
2020-03-09 20:00:00,750.5726928710938,45984.02185821533
2020-03-09 21:00:00,953.3721618652344,52512.69924926758
2020-03-09 22:00:00,909.4915313720703,54073.32638549805
2020-03-09 23:00:00,963.7135925292969,54259.35079193115
2020-03-10 00:00:00,962.1638793945312,54146.82125854492
2020-03-10 01:00:00,959.7220306396484,54210.93745422363
2020-03-10 02:00:00,960.2551727294922,54162.34841156006
2020-03-10 03:00:00,964.7939224243164,54117.1544342041
2020-03-10 04:00:00,962.419189453125,53986.15227508545
2020-03-10 05:00:00,963.6112289428711,54243.403259277344
2020-03-10 06:00:00,963.5932540893555,54190.99085235596
2020-03-10 07:00:00,962.9544677734374,54066.19847869873
2020-03-10 08:00:00,964.6023330688477,54131.88555145264
2020-03-10 09:00:00,963.8154067993164,54175.46398925781
2020-03-10 10:00:00,962.7958679199219,54186.82866668701
2020-03-10 11:00:00,963.0918197631836,54139.1272354126
2020-03-10 12:00:00,960.6406555175781,54069.461769104004
2020-03-10 13:00:00,961.0149765014648,54155.38558959961
2020-03-10 14:00:00,963.6179275512695,54123.90980529785
2020-03-10 15:00:00,965.7689208984375,54192.41389465332
2020-03-10 16:00:00,961.880256652832,54231.662109375
2020-03-10 17:00:00,965.5406341552734,54233.43965148926
2020-03-10 18:00:00,960.7721328735352,54226.037338256836
2020-03-10 19:00:00,961.4413299560547,54203.91930389404
2020-03-10 20:00:00,960.9718933105469,54034.48984527588
2020-03-10 21:00:00,965.0611801147461,54081.71768951416
2020-03-10 22:00:00,940.4791793823242,54141.60663604736
2020-03-10 23:00:00,959.7835693359375,52860.3044052124
2020-03-11 00:00:00,901.2238998413086,47981.28747558594
2020-03-11 01:00:00,836.6203231811523,43014.863094329834
2020-03-11 02:00:00,825.4028205871582,39195.28723526001
2020-03-11 03:00:00,772.2980155944824,37532.445625305176
2020-03-11 04:00:00,691.2045154571533,37179.89058303833
2020-03-11 05:00:00,650.7242221832275,35668.235218048096
2020-03-11 06:00:00,548.2949981689453,36614.41019630432
2020-03-11 07:00:00,586.7200965881348,35095.39934158325
2020-03-11 08:00:00,584.5242538452148,31577.465139389038
2020-03-11 09:00:00,525.9199333190918,36424.30620574951
2020-03-11 10:00:00,523.5490169525146,41256.97799491882
2020-03-11 11:00:00,468.1739616394043,41635.33586502075
2020-03-11 12:00:00,817.0907745361327,47646.03877258301
2020-03-11 13:00:00,777.455940246582,49739.7177772522
2020-03-11 14:00:00,923.9001541137695,53137.39217376709
2020-03-11 15:00:00,941.9434127807617,53910.469497680664
2020-03-11 16:00:00,936.7503128051758,53859.52773284912
2020-03-11 17:00:00,941.8787231445312,53625.78193664551
2020-03-11 18:00:00,962.7568817138672,53884.93600463867
2020-03-11 19:00:00,963.1024780273438,54174.352043151855
2020-03-11 20:00:00,963.4955368041992,54208.691497802734
2020-03-11 21:00:00,963.3969116210938,54163.44023132324
2020-03-11 22:00:00,962.0783615112305,54212.067878723145
2020-03-11 23:00:00,963.1076965332031,54095.618156433105
2020-03-12 00:00:00,960.8911437988281,54152.61935424805
2020-03-12 01:00:00,964.7568817138672,53988.94941711426
2020-03-12 02:00:00,959.4137878417969,48269.372161865234
2020-03-12 03:00:00,954.9515151977539,45449.10571670532
2020-03-12 04:00:00,957.8347778320312,52959.16873168945
2020-03-12 05:00:00,956.7320556640625,52660.201835632324
2020-03-12 06:00:00,870.1592102050781,52086.53458023071
2020-03-12 07:00:00,785.0010681152344,53905.49124908447
2020-03-12 08:00:00,965.9311599731445,54117.6178894043
2020-03-12 09:00:00,959.6591339111327,54093.51662445068
2020-03-12 10:00:00,962.2745513916016,54105.73143005371
2020-03-12 11:00:00,966.836540222168,54168.87092590332
2020-03-12 12:00:00,966.2680130004883,54300.482009887695
2020-03-12 13:00:00,963.672233581543,54303.52095794678
2020-03-12 14:00:00,961.8348846435547,54322.40669250488
2020-03-12 15:00:00,961.8632659912109,54292.266944885254
2020-03-12 16:00:00,962.7356491088867,54167.18459320068
2020-03-12 17:00:00,962.4000854492188,54116.280014038086
2020-03-12 18:00:00,962.7489395141602,54335.054458618164
2020-03-12 19:00:00,963.5280609130859,54189.90406036377
2020-03-12 20:00:00,961.1546020507812,54070.21201324463
2020-03-12 21:00:00,959.8890686035156,54007.94667053223
2020-03-12 22:00:00,960.2989196777344,54120.47364807129
2020-03-12 23:00:00,963.0255813598633,53986.51061248779
2020-03-13 00:00:00,965.6770248413086,54074.599349975586
2020-03-13 01:00:00,961.1697082519531,54111.855796813965
2020-03-13 02:00:00,960.2406463623047,54099.302810668945
2020-03-13 03:00:00,963.2966995239258,54104.21810913086
2020-03-13 04:00:00,963.6433715820312,54222.36882019043
2020-03-13 05:00:00,964.6478652954102,54076.47491455078
2020-03-13 06:00:00,962.2852249145508,53868.306465148926
2020-03-13 07:00:00,961.9490585327148,53145.08596801758
2020-03-13 08:00:00,962.2465438842773,48899.74538421631
2020-03-13 09:00:00,944.9854888916016,42439.728744506836
2020-03-13 10:00:00,956.0417938232422,37068.14930725098
2020-03-13 11:00:00,878.8556289672852,30677.14291381836
2020-03-13 12:00:00,720.3518753051758,21597.188926696777
2020-03-13 13:00:00,684.4136810302734,21344.78869342804
2020-03-13 14:00:00,631.2173299789428,17456.724583625793
2020-03-13 15:00:00,546.4556169509888,13637.697597503662
2020-03-13 16:00:00,447.6590740084648,9826.106631495059
2020-03-13 17:00:00,311.2179686874151,6172.136528661475
2020-03-13 18:00:00,213.54789316654205,3519.4754708111286
2020-03-13 19:00:00,157.00855541229248,2478.4730727206916
2020-03-13 20:00:00,106.96064396202564,1558.5369179844856
2020-03-13 21:00:00,59.81365597201511,1399.3818021332845
2020-03-13 22:00:00,37.15112054347992,2423.959855889785
2020-03-13 23:00:00,25.140964567661285,3000.9870337694883
2020-03-14 00:00:00,24.384228199720383,4153.676323249936
2020-03-14 01:00:00,55.069517612457275,6971.896944999695
2020-03-14 02:00:00,74.04265213012695,9393.951964378357
2020-03-14 03:00:00,95.69316545128822,12915.303569365293
2020-03-14 04:00:00,136.84491157531738,17320.221508026123
2020-03-14 05:00:00,165.73788452148438,20843.559469223022
2020-03-14 06:00:00,234.16741752624512,25167.29348373413
2020-03-14 07:00:00,318.5109558105469,31530.43772506714
2020-03-14 08:00:00,479.8728713989258,35568.07508850098
2020-03-14 09:00:00,564.3685989379883,38144.750591278076
2020-03-14 10:00:00,600.2047271728516,42154.331912994385
2020-03-14 11:00:00,588.7590980529785,43921.76989555359
2020-03-14 12:00:00,589.9150104522705,44060.22329711914
2020-03-14 13:00:00,767.5069732666016,47805.03888320923
2020-03-14 14:00:00,631.3012180328369,47473.47655296326
2020-03-14 15:00:00,727.6231002807617,49210.609592437744
2020-03-14 16:00:00,894.3698806762695,53086.486152648926
2020-03-14 17:00:00,938.0021896362305,53406.17169189453
2020-03-14 18:00:00,934.8098907470703,53677.13674163818
2020-03-14 19:00:00,943.031494140625,54021.20674133301
2020-03-14 20:00:00,935.7200241088867,53880.20753479004
2020-03-14 21:00:00,959.4475555419922,53989.46939086914
2020-03-14 22:00:00,954.5297546386719,53959.452140808105
2020-03-14 23:00:00,954.0747528076172,53865.56391906738
2020-03-15 00:00:00,961.413444519043,53808.20672607422
2020-03-15 01:00:00,961.7366256713867,53492.55369567871
2020-03-15 02:00:00,961.3223495483398,53652.9469833374
2020-03-15 03:00:00,961.0259094238281,53814.60682678223
2020-03-15 04:00:00,960.6935653686523,54181.537521362305
2020-03-15 05:00:00,959.5438537597656,54135.62316894531
2020-03-15 06:00:00,957.560546875,53995.25520324707
2020-03-15 07:00:00,953.6243057250977,54000.7237701416
2020-03-15 08:00:00,961.0979843139648,54096.119941711426
2020-03-15 09:00:00,960.3749008178711,54230.854568481445
2020-03-15 10:00:00,959.4707946777344,54273.36609649658
2020-03-15 11:00:00,961.3578414916992,54151.750091552734
2020-03-15 12:00:00,961.8927917480469,54164.41201019287
2020-03-15 13:00:00,957.6627197265625,54256.04630279541
2020-03-15 14:00:00,958.9022674560547,54143.376876831055
2020-03-15 15:00:00,949.8051376342773,53893.37578582764
2020-03-15 16:00:00,952.7760696411133,53272.04544830322
2020-03-15 17:00:00,959.937629699707,50397.61483001709
2020-03-15 18:00:00,958.9693603515625,50239.78594207764
2020-03-15 19:00:00,960.5017395019531,45742.73439025879
2020-03-15 20:00:00,956.3319549560547,39219.538665771484
2020-03-15 21:00:00,948.9337921142578,38142.64785003662
2020-03-15 22:00:00,915.6306381225586,37206.34253311157
2020-03-15 23:00:00,864.1111679077148,34054.564933776855
2020-03-16 00:00:00,396.63289642333984,25440.406311035156
2020-03-16 01:00:00,238.01340198516846,20526.19848060608
2020-03-16 02:00:00,303.1852066516876,17915.8748325333
2020-03-16 03:00:00,285.30888271331787,16886.580625534058
2020-03-16 04:00:00,223.47348594665527,9812.839995384216
2020-03-16 05:00:00,126.05979609489441,6650.068290319294
2020-03-16 06:00:00,101.74108177423477,5298.166458785534
2020-03-16 07:00:00,111.33419425413013,4407.933818509802
2020-03-16 08:00:00,127.4909496307373,3583.95630145818
2020-03-16 09:00:00,76.42975211143494,2136.4946606028825
2020-03-16 10:00:00,91.7528817653656,1385.1116066724062
2020-03-16 11:00:00,74.25335709750652,974.6914694346488
2020-03-16 12:00:00,49.75431437790394,682.1201444081962
2020-03-16 13:00:00,43.36371013522148,759.9440906569362
2020-03-16 14:00:00,32.40067847818136,666.4010399878025
2020-03-16 15:00:00,13.381933152675629,597.1998982429504
2020-03-16 16:00:00,11.72654596157372,1318.1779993474483
2020-03-16 17:00:00,1.0973143875598907,2233.2409005295485
2020-03-16 18:00:00,17.786179542541504,4689.90535274148
2020-03-16 19:00:00,33.47656512260437,11375.469851598144
2020-03-16 20:00:00,58.88368558883667,14690.877724409103
2020-03-16 21:00:00,128.5614972114563,20000.72599220276
2020-03-16 22:00:00,109.9879298210144,24398.973271369934
2020-03-16 23:00:00,224.661789894104,32575.785816192627
2020-03-17 00:00:00,380.430118560791,37520.31877326965
2020-03-17 01:00:00,493.2481269836426,42588.13718032837
2020-03-17 02:00:00,605.6964683532714,45140.85788726807
2020-03-17 03:00:00,737.1710968017578,47188.90964126587
2020-03-17 04:00:00,726.5152740478516,46790.25734710693
2020-03-17 05:00:00,731.6045379638672,47656.522258758545
2020-03-17 06:00:00,813.1258430480957,47746.05294036865
2020-03-17 07:00:00,821.0901641845703,44679.90645980835
2020-03-17 08:00:00,875.5879287719725,43392.425285339355
2020-03-17 09:00:00,904.3199310302734,44403.682556152344
2020-03-17 10:00:00,937.3673934936523,48287.00045776367
2020-03-17 11:00:00,920.1442794799805,46965.43134307861
2020-03-17 12:00:00,930.5913772583008,43773.17780303955
2020-03-17 13:00:00,923.1902770996094,42214.521743774414
2020-03-17 14:00:00,937.1985168457031,44636.41925048828
2020-03-17 15:00:00,938.4128570556641,44144.29759979248
2020-03-17 16:00:00,931.5048446655273,42411.67185974121
2020-03-17 17:00:00,925.812858581543,43497.56547546387
2020-03-17 18:00:00,941.130973815918,47346.356941223145
2020-03-17 19:00:00,959.7743606567383,53021.91098022461
2020-03-17 20:00:00,963.1126098632812,53745.409088134766
2020-03-17 21:00:00,961.738899230957,53750.818031311035
2020-03-17 22:00:00,959.6554641723633,53789.551040649414
2020-03-17 23:00:00,960.9798583984375,53619.18608856201
2020-03-18 00:00:00,962.1486511230469,53770.712951660156
2020-03-18 01:00:00,962.7928085327148,53904.66537475586
2020-03-18 02:00:00,961.8496627807617,53854.26525878906
2020-03-18 03:00:00,961.5578384399414,53652.580169677734
2020-03-18 04:00:00,960.2205123901367,53891.21563720703
2020-03-18 05:00:00,960.8508453369141,54103.81311798096
2020-03-18 06:00:00,960.6370620727539,54156.492820739746
2020-03-18 07:00:00,961.2074127197266,49380.96830749512
2020-03-18 08:00:00,959.5214767456055,43765.918800354004
2020-03-18 09:00:00,957.2345352172852,34394.44380950928
2020-03-18 10:00:00,935.5223999023438,28912.268394470215
2020-03-18 11:00:00,905.7405548095703,23393.524002075195
2020-03-18 12:00:00,731.3834609985352,18626.63701248169
2020-03-18 13:00:00,434.74607849121094,15060.395915985107
2020-03-18 14:00:00,308.984468460083,13200.303260803223
2020-03-18 15:00:00,292.86219215393066,10700.413194656372
2020-03-18 16:00:00,304.0182123184204,11072.621864318848
2020-03-18 17:00:00,272.3949327468872,9093.810002803802
2020-03-18 18:00:00,226.23932266235352,7084.575995318592
2020-03-18 19:00:00,301.9661407470703,8789.318075150251
2020-03-18 20:00:00,265.3696246147156,8329.376580238342
2020-03-18 21:00:00,184.7458313703537,6520.340102553368
2020-03-18 22:00:00,179.29164299555123,6363.577292203903
2020-03-18 23:00:00,89.13952440023422,5240.333776473999
2020-03-19 00:00:00,43.58081817626953,4605.677941322327
2020-03-19 01:00:00,72.99024021625519,4527.094510048628
2020-03-19 02:00:00,96.41660690307617,4478.177530199289
2020-03-19 03:00:00,64.47444438934326,3787.3540835380554
2020-03-19 04:00:00,59.32089042663574,2699.2598176002502
2020-03-19 05:00:00,49.87601971626282,2090.3045781850815
2020-03-19 06:00:00,43.665340304374695,2378.228968694806
2020-03-19 07:00:00,32.69485557079315,1753.766916245222
2020-03-19 08:00:00,34.480164527893066,1773.4303327724338
2020-03-19 09:00:00,36.55576181411743,1690.5093777179718
2020-03-19 10:00:00,33.019744873046875,1215.8287082910538
2020-03-19 11:00:00,23.218830108642578,1146.1556935310364
2020-03-19 12:00:00,38.43767070770264,1715.6899272203445
2020-03-19 13:00:00,67.9388575553894,2552.464878499508
2020-03-19 14:00:00,122.18004274368286,3302.116665840149
2020-03-19 15:00:00,147.26519203186035,4027.02574300766
2020-03-19 16:00:00,150.68719005584717,4350.514719963074
2020-03-19 17:00:00,165.45668029785156,4840.741983413696
2020-03-19 18:00:00,173.60515785217285,5627.105966567993
2020-03-19 19:00:00,138.57299709320068,5598.8675627708435
2020-03-19 20:00:00,205.61855912208557,6825.668466567993
2020-03-19 21:00:00,215.68524360656738,6801.248236179352
2020-03-19 22:00:00,176.92223644256592,5704.150276184082
2020-03-19 23:00:00,181.62525367736816,5836.051237106323
2020-03-20 00:00:00,202.47164154052734,6632.214509963989
2020-03-20 01:00:00,204.94123458862305,7588.285723686218
2020-03-20 02:00:00,265.79198837280273,9467.255056381226
2020-03-20 03:00:00,374.14611053466797,11044.962673187256
2020-03-20 04:00:00,346.3499946594238,10756.95556640625
2020-03-20 05:00:00,394.9776725769043,12325.083110809326
2020-03-20 06:00:00,383.72681427001953,14089.154918670654
2020-03-20 07:00:00,379.02001190185547,14144.660556793213
2020-03-20 08:00:00,474.1241226196289,18086.71409225464
2020-03-20 09:00:00,539.1302108764648,19823.630363464355
2020-03-20 10:00:00,493.4209671020508,19679.338539123535
2020-03-20 11:00:00,463.4470405578613,20495.292316436768
2020-03-20 12:00:00,521.1499366760254,21710.15507888794
2020-03-20 13:00:00,583.4285278320312,24096.438404083252
2020-03-20 14:00:00,658.7330780029297,25880.415504455566
2020-03-20 15:00:00,732.4857635498047,26237.04473876953
2020-03-20 16:00:00,822.4581985473633,28569.917205810547
2020-03-20 17:00:00,821.2690963745117,33464.735580444336
2020-03-20 18:00:00,785.1833724975586,39220.59864807129
2020-03-20 19:00:00,867.0747222900391,42629.29807281494
2020-03-20 20:00:00,872.3317413330078,42173.13162994385
2020-03-20 21:00:00,872.5131683349609,41224.101318359375
2020-03-20 22:00:00,675.8053817749023,39746.39316177368
2020-03-20 23:00:00,764.3845634460449,37872.486743927
2020-03-21 00:00:00,862.6870880126953,37376.81014251709
2020-03-21 01:00:00,842.3387641906738,35464.82074356079
2020-03-21 02:00:00,915.2817764282227,37825.93642425537
2020-03-21 03:00:00,940.3205490112305,39151.66941070557
2020-03-21 04:00:00,935.1479949951172,39693.75932312012
2020-03-21 05:00:00,935.5650863647461,40253.96100616455
2020-03-21 06:00:00,944.752082824707,41968.334060668945
2020-03-21 07:00:00,932.509651184082,42206.67546081543
2020-03-21 08:00:00,921.2595977783203,44914.52210235596
2020-03-21 09:00:00,907.3500671386719,45556.32181549072
2020-03-21 10:00:00,905.8046340942383,46063.7883682251
2020-03-21 11:00:00,892.4322357177734,46728.65012359619
2020-03-21 12:00:00,878.956901550293,45677.81428527832
2020-03-21 13:00:00,940.8716888427734,49999.53689575195
2020-03-21 14:00:00,940.1620635986328,49357.900718688965
2020-03-21 15:00:00,935.5143737792969,47924.48728942871
2020-03-21 16:00:00,937.4745864868164,49301.52713012695
2020-03-21 17:00:00,923.7831039428711,51331.099548339844
2020-03-21 18:00:00,925.6253051757812,52055.64176940918
2020-03-21 19:00:00,923.8322296142578,53347.108795166016
2020-03-21 20:00:00,930.4185409545898,53512.56154632568
2020-03-21 21:00:00,943.1384735107422,53572.199279785156
2020-03-21 22:00:00,956.9582443237305,53661.35781097412
2020-03-21 23:00:00,960.4428329467773,53645.436668395996
2020-03-22 00:00:00,960.1804809570312,53807.37805175781
2020-03-22 01:00:00,957.5407943725585,53584.05025482178
2020-03-22 02:00:00,939.1520538330078,53265.49115753174
2020-03-22 03:00:00,900.1882629394531,51971.041107177734
2020-03-22 04:00:00,849.4626884460449,44454.87269973755
2020-03-22 05:00:00,841.1687011718749,39736.684242248535
2020-03-22 06:00:00,890.1271896362305,40025.99067687988
2020-03-22 07:00:00,891.3618087768555,42258.66630554199
2020-03-22 08:00:00,895.7341232299805,46803.416007995605
2020-03-22 09:00:00,903.2610092163086,49736.14489746094
2020-03-22 10:00:00,865.0026016235352,49729.83477783203
2020-03-22 11:00:00,821.5407485961914,45734.54195404053
2020-03-22 12:00:00,842.16162109375,42619.07057952881
2020-03-22 13:00:00,824.9778137207031,39577.93811798096
2020-03-22 14:00:00,833.8583526611328,41248.75761413574
2020-03-22 15:00:00,826.025016784668,43073.75461578369
2020-03-22 16:00:00,729.2607383728027,40676.89602279663
2020-03-22 17:00:00,792.4084739685059,43161.95624542236
2020-03-22 18:00:00,836.1022415161133,46246.686264038086
2020-03-22 19:00:00,883.8029327392578,50188.550117492676
2020-03-22 20:00:00,881.3064041137694,50799.255630493164
2020-03-22 21:00:00,928.3684463500977,51076.28737640381
2020-03-22 22:00:00,928.5456390380859,53107.830139160156
2020-03-22 23:00:00,915.3069000244141,53313.57693481445
2020-03-23 00:00:00,919.4567108154297,52972.73641204834
2020-03-23 01:00:00,899.7450180053711,50991.56921386719
2020-03-23 02:00:00,907.9437103271484,50251.15414428711
2020-03-23 03:00:00,911.8114166259766,50726.88338470459
2020-03-23 04:00:00,915.09619140625,49750.5350151062
2020-03-23 05:00:00,905.797119140625,46944.692264556885
2020-03-23 06:00:00,922.7505569458008,48025.58112335205
2020-03-23 07:00:00,914.2528533935547,47152.3745765686
2020-03-23 08:00:00,925.630859375,49563.16641998291
2020-03-23 09:00:00,843.7859764099121,45056.69105911255
2020-03-23 10:00:00,756.7325096130371,43511.62176132202
2020-03-23 11:00:00,697.1955223083496,38491.093212127686
2020-03-23 12:00:00,707.3999938964844,34950.71327209473
2020-03-23 13:00:00,742.4792442321777,40573.40828704834
2020-03-23 14:00:00,824.8111572265625,39641.89775085449
2020-03-23 15:00:00,773.1263236999511,42128.68315124512
2020-03-23 16:00:00,819.4470024108887,41420.386863708496
2020-03-23 17:00:00,773.1577033996582,41087.43527984619
2020-03-23 18:00:00,810.979808807373,41579.296367645264
2020-03-23 19:00:00,766.97310256958,43138.98551940918
2020-03-23 20:00:00,766.3828964233398,47093.28309059143
2020-03-23 21:00:00,822.794017791748,47604.867879867554
2020-03-23 22:00:00,847.2879638671875,50853.37345123291
2020-03-23 23:00:00,875.4876594543457,49461.64096069336
2020-03-24 00:00:00,896.2616348266602,49198.1040763855
2020-03-24 01:00:00,864.9145050048828,45809.36265182495
2020-03-24 02:00:00,810.109790802002,39390.05091094971
2020-03-24 03:00:00,736.8625068664551,36716.25333786011
2020-03-24 04:00:00,698.9396705627441,35482.43174743652
2020-03-24 05:00:00,678.0486278533936,35140.7191696167
2020-03-24 06:00:00,801.1117897033691,35441.439960479736
2020-03-24 07:00:00,858.4999771118164,37047.70201873779
2020-03-24 08:00:00,720.6558456420898,37302.52938461304
2020-03-24 09:00:00,716.9582443237305,38750.91675567627
2020-03-24 10:00:00,634.9438877105713,38151.439710617065
2020-03-24 11:00:00,598.1678218841553,35385.22546386719
2020-03-24 12:00:00,410.78875160217285,33755.58438873291
2020-03-24 13:00:00,398.6222400665283,32282.79423904419
2020-03-24 14:00:00,341.96502113342285,32321.5522441864
2020-03-24 15:00:00,385.14319610595703,32603.269996643066
2020-03-24 16:00:00,380.01313972473145,31144.04127883911
2020-03-24 17:00:00,371.8769340515137,30750.110107421875
2020-03-24 18:00:00,302.7872428894043,31938.835933685303
2020-03-24 19:00:00,315.5927104949951,36715.87586021423
2020-03-24 20:00:00,560.3382091522217,39249.330090522766
2020-03-24 21:00:00,733.935998916626,43125.70837974548
2020-03-24 22:00:00,683.5208206176758,46174.98511505127
2020-03-24 23:00:00,715.898853302002,42670.33119773865
2020-03-25 00:00:00,747.8603744506836,43474.3932723999
2020-03-25 01:00:00,688.2998466491698,38988.496267318726
2020-03-25 02:00:00,605.2584600448608,32739.97250175476
2020-03-25 03:00:00,541.1676120758057,27052.597198486328
2020-03-25 04:00:00,513.6951751708984,24481.87603378296
2020-03-25 05:00:00,414.1482048034668,20186.612604141235
2020-03-25 06:00:00,370.3599166870117,19603.378034591675
2020-03-25 07:00:00,368.28418731689453,22627.368755340576
2020-03-25 08:00:00,229.63723468780518,20033.594732284546
2020-03-25 09:00:00,167.18418979644775,17245.902441501617
2020-03-25 10:00:00,130.06856536865234,16376.342718601227
2020-03-25 11:00:00,93.39909887313843,12143.597738549113
2020-03-25 12:00:00,94.01897144317627,8333.985886529088
2020-03-25 13:00:00,90.98133087158203,9820.216969490051
2020-03-25 14:00:00,163.62631607055664,7833.70087146759
2020-03-25 15:00:00,152.12243270874023,6934.139972686768
2020-03-25 16:00:00,112.37710762023926,6060.852066040039
2020-03-25 17:00:00,175.8940830230713,6518.861078262329
2020-03-25 18:00:00,258.91403007507324,8390.5365524292
2020-03-25 19:00:00,256.90175437927246,9820.37859916687
2020-03-25 20:00:00,238.0062770843506,12347.806240081787
2020-03-25 21:00:00,336.7389907836914,15304.202697753906
2020-03-25 22:00:00,426.021183013916,18948.86604309082
2020-03-25 23:00:00,514.4710502624512,19579.748500823975
2020-03-26 00:00:00,488.9635124206543,18418.804260253906
2020-03-26 01:00:00,295.52434730529785,12602.515878677368
2020-03-26 02:00:00,279.1997547149658,9248.495281219482
2020-03-26 03:00:00,214.62978553771973,6795.750118255615
2020-03-26 04:00:00,193.65660667419434,3421.553612947464
2020-03-26 05:00:00,163.1332187652588,2227.6604916900396
2020-03-26 06:00:00,174.88291931152344,3162.668403148651
2020-03-26 07:00:00,214.56508827209473,4120.862312793732
2020-03-26 08:00:00,208.49226760864258,7252.163734674454
2020-03-26 09:00:00,283.6148319244385,10068.86911392212
2020-03-26 10:00:00,206.94977569580078,9778.050565719604
2020-03-26 11:00:00,217.6114044189453,10754.809482574463
2020-03-26 12:00:00,261.17068099975586,12027.971237182617
2020-03-26 13:00:00,229.90362358093262,12840.848999023438
2020-03-26 14:00:00,256.9284725189209,10974.40623664856
2020-03-26 15:00:00,341.78025817871094,10404.538486480713
2020-03-26 16:00:00,377.17786026000977,13078.72180557251
2020-03-26 17:00:00,424.93235778808594,15396.628650665283
2020-03-26 18:00:00,441.97960662841797,16603.205379486084
2020-03-26 19:00:00,455.05538177490234,21066.392608642578
2020-03-26 20:00:00,421.23845291137695,19584.38903427124
2020-03-26 21:00:00,406.92541122436523,17344.715591430664
2020-03-26 22:00:00,408.07485580444336,17762.564796447754
2020-03-26 23:00:00,374.66179275512695,17034.14192199707
2020-03-27 00:00:00,371.5183639526367,17911.766986846924
2020-03-27 01:00:00,296.2556838989258,14427.626762390137
2020-03-27 02:00:00,340.2234306335449,14012.418029785156
2020-03-27 03:00:00,400.8742980957031,13844.671241760254
2020-03-27 04:00:00,396.1536407470703,13448.555767059326
2020-03-27 05:00:00,443.560245513916,15467.78923034668
2020-03-27 06:00:00,475.49069595336914,18079.701377868652
2020-03-27 07:00:00,438.3571548461914,16775.980422973633
2020-03-27 08:00:00,438.97985076904297,17638.804275512695
2020-03-27 09:00:00,446.9309616088867,19654.641708374023
2020-03-27 10:00:00,502.0989646911621,20988.759201049805
2020-03-27 11:00:00,616.8519287109375,23178.832000732422
2020-03-27 12:00:00,611.0600891113281,23360.256023406982
2020-03-27 13:00:00,650.9211349487305,24632.003944396973
2020-03-27 14:00:00,720.4663696289062,26981.60028076172
2020-03-27 15:00:00,729.8701629638672,29725.964485168457
2020-03-27 16:00:00,841.4790420532227,29871.553352355957
2020-03-27 17:00:00,911.6609802246093,34424.83367919922
2020-03-27 18:00:00,927.6873016357422,38073.41384887695
2020-03-27 19:00:00,920.4710159301758,39454.11429595947
2020-03-27 20:00:00,899.8009414672852,38326.87136077881
2020-03-27 21:00:00,911.0203552246094,37556.28706359863
2020-03-27 22:00:00,937.5752258300781,40738.5119934082
2020-03-27 23:00:00,886.9241409301758,37093.249572753906
2020-03-28 00:00:00,753.1427230834961,35035.73059844971
2020-03-28 01:00:00,648.9055023193359,32912.32698059082
2020-03-28 02:00:00,720.4722366333008,35257.49597167969
2020-03-28 03:00:00,725.8429412841797,39284.18280029297
2020-03-28 04:00:00,761.6996154785156,39812.560386657715
2020-03-28 05:00:00,839.196891784668,42190.866775512695
2020-03-28 06:00:00,875.6084060668945,43755.47946166992
2020-03-28 07:00:00,825.6089553833008,42788.977600097656
2020-03-28 08:00:00,900.3046340942383,39227.441314697266
2020-03-28 09:00:00,793.6176376342773,39901.923179626465
2020-03-28 10:00:00,889.4219284057617,47060.91091918945
2020-03-28 11:00:00,936.0237884521484,47127.8631439209
2020-03-28 12:00:00,895.1525726318359,48201.81597137451
2020-03-28 13:00:00,933.3033218383789,49534.59413146973
2020-03-28 14:00:00,960.9220428466797,51817.53476715088
2020-03-28 15:00:00,962.1201553344727,52640.715881347656
2020-03-28 16:00:00,962.5377655029297,53630.37836456299
2020-03-28 17:00:00,962.0150375366211,54011.85068511963
2020-03-28 18:00:00,961.9787368774414,54284.1337890625
2020-03-28 19:00:00,961.8667984008789,54271.52805328369
2020-03-28 20:00:00,962.4260101318359,54323.47045135498
2020-03-28 21:00:00,962.9103622436523,54325.61833190918
2020-03-28 22:00:00,963.0829925537109,54115.918701171875
2020-03-28 23:00:00,963.1719512939453,54171.37201690674
2020-03-29 00:00:00,963.2644500732422,54247.33689880371
2020-03-29 01:00:00,964.0627593994141,54262.96723175049
2020-03-29 02:00:00,963.0665893554688,54242.79154968262
2020-03-29 03:00:00,962.1357345581055,54296.05332183838
2020-03-29 04:00:00,962.1839599609375,54221.92279815674
2020-03-29 05:00:00,960.8170013427733,54282.270027160645
2020-03-29 06:00:00,963.027587890625,54374.60920715332
2020-03-29 07:00:00,962.5258331298828,54266.40193939209
2020-03-29 08:00:00,962.1694488525391,54150.60314941406
2020-03-29 09:00:00,961.0128936767578,54063.435287475586
2020-03-29 10:00:00,962.1852111816406,54160.0431060791
2020-03-29 11:00:00,960.3831329345703,54035.563148498535
2020-03-29 12:00:00,961.1726531982422,53899.246002197266
2020-03-29 13:00:00,963.2830810546875,53770.67723083496
2020-03-29 14:00:00,963.8563690185547,52816.565826416016
2020-03-29 15:00:00,963.7431488037109,53039.19105529785
2020-03-29 16:00:00,963.4517974853516,49912.670249938965
2020-03-29 17:00:00,964.1727676391602,48072.45684814453
2020-03-29 18:00:00,944.0207748413086,48672.62452697754
2020-03-29 19:00:00,918.0588455200195,44228.080627441406
2020-03-29 20:00:00,910.7018432617188,40785.54237365723
2020-03-29 21:00:00,753.635139465332,33552.44326019287
2020-03-29 22:00:00,624.1176452636719,29278.670822143555
2020-03-29 23:00:00,446.6767578125,24980.169662475586
2020-03-30 00:00:00,358.0783882141113,20102.747177124023
2020-03-30 01:00:00,389.64573097229004,15700.00704574585
2020-03-30 02:00:00,379.29988861083984,16855.608486175537
2020-03-30 03:00:00,453.0759582519531,16215.759113311768
2020-03-30 04:00:00,447.233793258667,13611.110147476196
2020-03-30 05:00:00,347.01464080810547,13514.339515686035
2020-03-30 06:00:00,216.6746916770935,15579.027608394623
2020-03-30 07:00:00,481.58641052246094,17137.09129333496
2020-03-30 08:00:00,429.1220455169678,16631.139895439148
2020-03-30 09:00:00,444.8921556472778,17507.698979377747
2020-03-30 10:00:00,549.409101486206,26832.851408958435
2020-03-30 11:00:00,547.4141616821289,25504.47426223755
2020-03-30 12:00:00,497.4411087036133,27448.13438796997
2020-03-30 13:00:00,525.3154525756836,31155.371047973633
2020-03-30 14:00:00,452.9182586669922,32568.757732391357
2020-03-30 15:00:00,629.4879913330078,32037.68016052246
2020-03-30 16:00:00,593.7379302978516,29925.327297210693
2020-03-30 17:00:00,499.2814292907715,29005.591926574707
2020-03-30 18:00:00,529.0372123718262,29769.728282928467
2020-03-30 19:00:00,784.5696868896484,33850.007232666016
2020-03-30 20:00:00,789.3851699829102,29758.268951416016
2020-03-30 21:00:00,774.0690612792969,25408.13556289673
2020-03-30 22:00:00,732.1857872009277,28206.650634765625
2020-03-30 23:00:00,376.84333419799805,25468.262355804443
2020-03-31 00:00:00,406.8440284729004,21549.361793518066
2020-03-31 01:00:00,294.4623565673828,15882.977535247803
2020-03-31 02:00:00,229.73361778259277,12144.877212524414
2020-03-31 03:00:00,181.21034812927246,7582.46827507019
2020-03-31 04:00:00,133.0884189605713,3703.0097432136536
2020-03-31 05:00:00,131.14914512634277,3436.7671020925045
2020-03-31 06:00:00,151.94850158691406,3327.9633378982544
2020-03-31 07:00:00,145.88286304473877,2826.4887142181396
2020-03-31 08:00:00,115.4601001739502,2766.588984489441
2020-03-31 09:00:00,112.60402315855026,3082.6196657419205
2020-03-31 10:00:00,82.32114481180906,2523.834610939026
2020-03-31 11:00:00,62.96805381774902,2489.2395507097244
2020-03-31 12:00:00,51.964433670043945,2573.5829544067383
2020-03-31 13:00:00,39.53619956970215,1320.230185508728
2020-03-31 14:00:00,64.14250755310059,2063.307101070881
2020-03-31 15:00:00,79.53979682922363,3150.6460362672806
2020-03-31 16:00:00,88.48056030273438,3945.654984467197
2020-03-31 17:00:00,127.36080265045166,5405.032802253962
2020-03-31 18:00:00,140.02123641967773,6186.103718012571
2020-03-31 19:00:00,184.23320293426514,10485.902033805847
2020-03-31 20:00:00,213.3025665283203,10077.462447166443
2020-03-31 21:00:00,200.04984664916992,9949.1089553833
2020-03-31 22:00:00,252.7306432723999,10652.315415382385
2020-03-31 23:00:00,204.1702423095703,10185.58014178276
2020-04-01 00:00:00,133.86629116535187,10817.257754586637
2020-04-01 01:00:00,193.64549815654755,11282.990459666122
2020-04-01 02:00:00,253.6287078857422,12828.208426207304
2020-04-01 03:00:00,343.7167205810547,14312.145137220621
2020-04-01 04:00:00,331.8365086019039,14476.373465396464
2020-04-01 05:00:00,339.9133201241493,13874.407356068492
2020-04-01 06:00:00,414.69302940368647,14411.05042321235
2020-04-01 07:00:00,304.5940991938114,13142.803132027038
2020-04-01 08:00:00,428.52263259887695,12659.026281621773
2020-04-01 09:00:00,420.65003848075867,12644.890046805143
2020-04-01 10:00:00,417.136265873909,14774.830706708133
2020-04-01 11:00:00,370.0106153488159,15977.27988243103
2020-04-01 12:00:00,345.39097452163696,18928.722157001495
2020-04-01 13:00:00,431.5072431564331,16457.531403541565
2020-04-01 14:00:00,466.1226234436035,16323.555160112679
2020-04-01 15:00:00,525.3273377418518,18070.08808470471
2020-04-01 16:00:00,234.99096822738647,17313.706432819366
2020-04-01 17:00:00,265.19326877593994,17469.6597616598
2020-04-01 18:00:00,179.51973009109497,16119.197939798236
2020-04-01 19:00:00,271.76858043670654,13288.509013392031
2020-04-01 20:00:00,322.98781394958496,14618.746954157948
2020-04-01 21:00:00,292.42202401161194,15453.994083285332
2020-04-01 22:00:00,331.10664463043213,14410.484347581863
2020-04-01 23:00:00,336.1438674926758,15775.095600172877
2020-04-02 00:00:00,278.5756266117096,18066.964459896088
2020-04-02 01:00:00,235.24270248413086,20789.750166535378
2020-04-02 02:00:00,332.62893104553217,21815.593188345432
2020-04-02 03:00:00,450.376353263855,22937.666871368885
2020-04-02 04:00:00,467.61200046539307,24165.713777542114
2020-04-02 05:00:00,558.8164806365967,26649.222165107727
2020-04-02 06:00:00,682.2567977905273,33396.63678359985
2020-04-02 07:00:00,784.9387397766113,38493.56125831604
2020-04-02 08:00:00,695.0484352111816,40113.682205200195
2020-04-02 09:00:00,787.5458946228027,42605.92795944214
2020-04-02 10:00:00,833.2892837524414,46417.64599609375
2020-04-02 11:00:00,845.6400260925293,47180.54748535156
2020-04-02 12:00:00,891.1007461547852,47669.51565170288
2020-04-02 13:00:00,893.0083847045898,48332.33431625366
2020-04-02 14:00:00,886.1546783447266,47792.28760147095
2020-04-02 15:00:00,902.4270553588867,48607.1311416626
2020-04-02 16:00:00,913.6738357543945,48653.65796661377
2020-04-02 17:00:00,911.0191421508789,47037.9109954834
2020-04-02 18:00:00,938.7873992919922,42675.841941833496
2020-04-02 19:00:00,861.0485916137695,37356.97732543945
2020-04-02 20:00:00,804.5088195800781,31913.145767211914
2020-04-02 21:00:00,783.9012184143066,30141.330249786377
2020-04-02 22:00:00,721.5892906188965,29902.98305797577
2020-04-02 23:00:00,686.7296466827393,28971.78045940399
2020-04-03 00:00:00,717.3558521270751,29898.169996261597
2020-04-03 01:00:00,656.5380125045776,28171.33817768097
2020-04-03 02:00:00,646.7899056375027,27210.676090955734
2020-04-03 03:00:00,609.0848253965378,26414.27731026709
2020-04-03 04:00:00,623.5771460533142,27140.436260958668
2020-04-03 05:00:00,610.7166361808777,24812.22955608368
2020-04-03 06:00:00,572.7565460205078,22685.861770629883
2020-04-03 07:00:00,514.9765246510506,17569.567861914635
2020-04-03 08:00:00,387.73398631811136,16138.13594725728
2020-04-03 09:00:00,313.9285235404968,16063.850747644901
2020-04-03 10:00:00,313.9325351715088,16348.506125450134
2020-04-03 11:00:00,246.16680526733398,11522.747521400452
2020-04-03 12:00:00,227.7865114212036,11080.196869373322
2020-04-03 13:00:00,310.02739334106445,18833.92388153076
2020-04-03 14:00:00,358.3800163269043,20542.837701439857
2020-04-03 15:00:00,404.4789867401123,17602.176178786904
2020-04-03 16:00:00,327.47278022766113,13210.389347314835
2020-04-03 17:00:00,314.98952293395996,9978.684569358826
2020-04-03 18:00:00,272.60809230804443,8487.866017341614
2020-04-03 19:00:00,257.6263122558594,9833.201768875122
2020-04-03 20:00:00,193.31908512115479,9268.10023650527
2020-04-03 21:00:00,218.97488498687744,10703.563028335571
2020-04-03 22:00:00,191.24683666229248,11319.617491722107
2020-04-03 23:00:00,131.2561559677124,11694.010729789734
2020-04-04 00:00:00,230.6889944076538,12297.13204050064
2020-04-04 01:00:00,344.3927917480469,17580.820333480835
2020-04-04 02:00:00,396.8779182434082,19428.39653778076
2020-04-04 03:00:00,491.6589527130127,21119.507190704346
2020-04-04 04:00:00,474.00782012939453,19753.242916107178
2020-04-04 05:00:00,491.7150688171387,18087.312393188477
2020-04-04 06:00:00,526.6347618103027,17117.82963371277
2020-04-04 07:00:00,540.329662322998,15850.090776443481
2020-04-04 08:00:00,637.8926467895508,17312.435424804688
2020-04-04 09:00:00,642.3744220733643,19600.991676330566
2020-04-04 10:00:00,608.1841850280762,20173.086645126343
2020-04-04 11:00:00,592.164662361145,19506.485283374786
2020-04-04 12:00:00,548.7883825302124,19234.408328056335
2020-04-04 13:00:00,462.7346963882446,19664.433136723936
2020-04-04 14:00:00,512.7283228039742,17361.80027641356
2020-04-04 15:00:00,475.5336555093527,16924.982200860977
2020-04-04 16:00:00,147.44944763183594,14364.593962714076
2020-04-04 17:00:00,58.43662458285689,13619.097150936723
2020-04-04 18:00:00,19.303472362458706,13785.035135507584
2020-04-04 19:00:00,105.74911856651306,14788.490711033344
2020-04-04 20:00:00,270.87028884887695,18297.81023788452
2020-04-04 21:00:00,417.1760711669922,25505.234615325928
2020-04-04 22:00:00,482.0262794494629,26535.977981567383
2020-04-04 23:00:00,720.0606422424316,32058.23161315918
2020-04-05 00:00:00,767.5099830627441,32715.352542877197
2020-04-05 01:00:00,617.8472805023193,29684.927591323853
2020-04-05 02:00:00,630.8586330413818,31045.48540496826
2020-04-05 03:00:00,550.9030704498291,29851.01840209961
2020-04-05 04:00:00,483.1035728454589,23561.519998550415
2020-04-05 05:00:00,571.6320152282715,20223.398752212524
2020-04-05 06:00:00,600.7452011108398,20335.513889312744
2020-04-05 07:00:00,511.92448234558105,20097.619911193848
2020-04-05 08:00:00,528.9151840209961,24220.95384979248
2020-04-05 09:00:00,574.011775970459,29582.95193862915
2020-04-05 10:00:00,600.2694721221924,32156.584707260132
2020-04-05 11:00:00,704.2918243408203,33184.579723358154
2020-04-05 12:00:00,787.2008018493652,37271.22266769409
2020-04-05 13:00:00,837.5088577270508,38526.4118347168
2020-04-05 14:00:00,884.2098655700684,42569.65334701538
2020-04-05 15:00:00,874.3756370544434,44773.551750183105
2020-04-05 16:00:00,768.0056457519531,42607.57074356079
2020-04-05 17:00:00,882.0446166992188,43519.78483200073
2020-04-05 18:00:00,882.7817840576172,45003.53483963013
2020-04-05 19:00:00,875.6113471984863,49501.902488708496
2020-04-05 20:00:00,899.4838562011718,52380.45707702637
2020-04-05 21:00:00,933.5608749389648,53074.20302581787
2020-04-05 22:00:00,923.9301300048828,52810.30074310303
2020-04-05 23:00:00,929.8356323242188,51748.55605316162
2020-04-06 00:00:00,949.0785522460938,49762.382904052734
2020-04-06 01:00:00,939.8519744873047,48599.28379821777
2020-04-06 02:00:00,925.7990798950195,48850.14010620117
2020-04-06 03:00:00,926.4141540527344,48135.48484802246
2020-04-06 04:00:00,909.5872421264648,46895.29069519043
2020-04-06 05:00:00,884.1779632568359,43872.41353225708
2020-04-06 06:00:00,877.1817626953124,40042.44687652588
2020-04-06 07:00:00,858.9638290405273,37277.82074356079
2020-04-06 08:00:00,840.5261764526367,37216.48408508301
2020-04-06 09:00:00,756.1629333496094,31253.892707824707
2020-04-06 10:00:00,626.6056289672852,30097.78957748413
2020-04-06 11:00:00,584.8124847412109,29781.589542388916
2020-04-06 12:00:00,598.2242431640625,27159.978191375732
2020-04-06 13:00:00,568.1285095214844,28227.83212661743
2020-04-06 14:00:00,811.5251770019531,20896.95728302002
2020-04-06 15:00:00,723.1334190368652,14718.257335662842
2020-04-06 16:00:00,660.4926986694336,12999.586330413818
2020-04-06 17:00:00,485.45988845825195,9140.491024017334
2020-04-06 18:00:00,323.526424407959,7505.3435344696045
2020-04-06 19:00:00,244.1127643585205,6743.746887683868
2020-04-06 20:00:00,151.80685424804688,9503.178040504456
2020-04-06 21:00:00,143.99373531341553,8273.850348591805
2020-04-06 22:00:00,107.60121822357178,6068.181880921125
2020-04-06 23:00:00,115.21477961540222,6933.3567323475145
2020-04-07 00:00:00,83.59597742557526,5478.5573744773865
2020-04-07 01:00:00,78.12280708551407,3788.6658326908946
2020-04-07 02:00:00,38.84768086671829,4700.774795875885
2020-04-07 03:00:00,68.42876243591309,2961.1955266594887
2020-04-07 04:00:00,53.341941583901644,1540.0872719287872
2020-04-07 05:00:00,40.9469313621521,1069.322364888154
2020-04-07 06:00:00,27.387701749801636,622.4424096830189
2020-04-07 07:00:00,23.18147376179695,434.81155297905207
2020-04-07 08:00:00,32.17753076553345,794.8319858163595
2020-04-07 09:00:00,32.04506063461304,1200.8047579526901
2020-04-07 10:00:00,10.264905631542206,543.9121618792415
2020-04-07 11:00:00,6.053634941577911,1144.163641948253
2020-04-07 12:00:00,4.083851844072342,1275.4213340468705
2020-04-07 13:00:00,4.390715733170509,932.7520897015929
2020-04-07 14:00:00,23.65783339738846,1802.0152923464775
2020-04-07 15:00:00,43.474743127822876,2638.073320567608
2020-04-07 16:00:00,74.44070291519165,3213.8512860536575
2020-04-07 17:00:00,138.31175327301025,5499.335786819458
2020-04-07 18:00:00,206.60204887390137,8470.789739608765
2020-04-07 19:00:00,297.3631362915039,11083.228786468506
2020-04-07 20:00:00,274.3421630859375,15622.146614074707
2020-04-07 21:00:00,333.9153366088867,20869.756565093994
2020-04-07 22:00:00,350.0674819946289,21341.884845733643
2020-04-07 23:00:00,394.95795822143555,21568.811531066895
2020-04-08 00:00:00,426.3463363647461,19206.260375976562
2020-04-08 01:00:00,322.9203414916992,11851.943514823914
2020-04-08 02:00:00,305.9973316192627,8101.094190657139
2020-04-08 03:00:00,282.37003898620605,5855.3263947963715
2020-04-08 04:00:00,155.76287508010864,3896.399471923709
2020-04-08 05:00:00,61.0901391543448,2037.1974557340145
2020-04-08 06:00:00,59.16043972223997,1195.482981774956
2020-04-08 07:00:00,72.19656458962709,1418.9378237500787
2020-04-08 08:00:00,44.43211555480957,885.1918581230566
2020-04-08 09:00:00,23.1793523710221,704.7253213603981
2020-04-08 10:00:00,0.0334190558642148,473.37849935144186
2020-04-08 11:00:00,16.719127669930458,602.9970424845815
2020-04-08 12:00:00,19.161142587661743,482.2450536377728
2020-04-08 13:00:00,6.4790955781936646,800.8878503143787
2020-04-08 14:00:00,19.308161582797766,1256.7039623856544
2020-04-08 15:00:00,31.93752431869507,1143.5173855386674
2020-04-08 16:00:00,27.73535718023777,704.0462235212326
2020-04-08 17:00:00,35.05791473388672,653.3098654747009
2020-04-08 18:00:00,42.06868577003479,867.5949437431991
2020-04-08 19:00:00,63.03066945075989,1182.292648077011
2020-04-08 20:00:00,65.51237607188523,1484.265594303608
2020-04-08 21:00:00,53.15571475028992,1806.339135169983
2020-04-08 22:00:00,29.514589309692383,593.7486575841904
2020-04-08 23:00:00,23.344496726989746,1115.5460183620453
2020-04-09 00:00:00,28.234636783599854,1574.3776609897614
2020-04-09 01:00:00,32.77520561218262,3121.387939453125
2020-04-09 02:00:00,49.266615867614746,3548.3405101001263
2020-04-09 03:00:00,35.71151876449585,3546.1865352392197
2020-04-09 04:00:00,8.31075406074524,3412.7822979986668
2020-04-09 05:00:00,51.75655618309975,3595.190619220957
2020-04-09 06:00:00,78.19750511646271,5011.471689797938
2020-04-09 07:00:00,56.431658029556274,5833.776134550571
2020-04-09 08:00:00,60.6656219959259,5949.002109028399
2020-04-09 09:00:00,67.56305837631226,5661.583112575114
2020-04-09 10:00:00,185.0563201904297,6705.037614323199
2020-04-09 11:00:00,221.65765476226807,6316.012343607843
2020-04-09 12:00:00,135.0311644077301,5547.071393728256
2020-04-09 13:00:00,185.98620653152466,6568.8124804496765
2020-04-09 14:00:00,149.100399851799,6670.24102306366
2020-04-09 15:00:00,205.57357215881348,7712.307393074036
2020-04-09 16:00:00,264.41551971435547,9677.208875656128
2020-04-09 17:00:00,254.03182983398438,11698.344860076904
2020-04-09 18:00:00,274.2714500427246,11505.659015655518
2020-04-09 19:00:00,224.93705940246582,11140.144853591919
2020-04-09 20:00:00,239.69568252563477,10806.644355773926
2020-04-09 21:00:00,224.5577735900879,9809.826843857765
2020-04-09 22:00:00,220.4761962890625,10043.594738006592
2020-04-09 23:00:00,209.5177879333496,8890.46432876587
2020-04-10 00:00:00,191.3048038482666,7463.686047554016
2020-04-10 01:00:00,170.8478488922119,8114.3694405555725
2020-04-10 02:00:00,169.97986793518066,8277.292114444077
2020-04-10 03:00:00,161.20102787017822,7491.539316892624
2020-04-10 04:00:00,86.89891195297241,5540.178992033005
2020-04-10 05:00:00,105.55772280693054,5997.2336094379425
2020-04-10 06:00:00,125.84580326080322,5189.195140004158
2020-04-10 07:00:00,69.1818368434906,4510.463733933866
2020-04-10 08:00:00,59.077104568481445,4150.709104768932
2020-04-10 09:00:00,59.52798938751221,3931.038254737854
2020-04-10 10:00:00,42.42368909739889,4228.471861898899
2020-04-10 11:00:00,34.998764991760254,4996.04049706459
2020-04-10 12:00:00,42.16356706619263,5954.796807616949
2020-04-10 13:00:00,37.60870243422687,5206.167851522565
2020-04-10 14:00:00,32.57296693325043,5568.874861359596
2020-04-10 15:00:00,28.183007564395663,5743.33332490921
2020-04-10 16:00:00,42.88311052322388,5646.760044693947
2020-04-10 17:00:00,68.05015277862549,6187.904293060303
2020-04-10 18:00:00,103.96975708007812,7576.861859798431
2020-04-10 19:00:00,95.37658882141113,10201.971302390099
2020-04-10 20:00:00,126.35131216049194,12104.388560891151
2020-04-10 21:00:00,186.69166374206543,13270.703512191772
2020-04-10 22:00:00,211.34503555297852,14026.60365486145
2020-04-10 23:00:00,185.74110984802246,14249.299596786499
2020-04-11 00:00:00,211.29556274414062,14648.159784317017
2020-04-11 01:00:00,214.0391082763672,15292.90281200409
2020-04-11 02:00:00,201.07695770263672,18506.916063308716
2020-04-11 03:00:00,236.40378952026367,19164.38765335083
2020-04-11 04:00:00,254.0125503540039,17843.306778907776
2020-04-11 05:00:00,256.4441623687744,16227.908458709717
2020-04-11 06:00:00,295.9769592285156,18802.587409973145
2020-04-11 07:00:00,213.2941699028015,20831.847805023193
2020-04-11 08:00:00,154.07124710083008,23232.340267181396
2020-04-11 09:00:00,190.0118169784546,24563.144729971886
2020-04-11 10:00:00,115.84523490071297,22527.450766914524
2020-04-11 11:00:00,98.81223786249757,20930.285195671022
2020-04-11 12:00:00,127.88388349115849,17667.80948290229
2020-04-11 13:00:00,89.22682189941406,19772.722688764334
2020-04-11 14:00:00,92.6851921081543,19412.864303007722
2020-04-11 15:00:00,96.34431625250727,20332.577017506585
2020-04-11 16:00:00,58.83351516723633,19247.397519285092
2020-04-11 17:00:00,62.42325931787491,16136.200395844877
2020-04-11 18:00:00,112.758585174568,13634.59482001327
2020-04-11 19:00:00,119.93842315673828,14154.881659056991
2020-04-11 20:00:00,139.62771606445312,12932.861709907651
2020-04-11 21:00:00,115.93824005126953,12839.220360785723
2020-04-11 22:00:00,82.16372299194336,9401.730106954928
2020-04-11 23:00:00,95.58007721602917,11467.216413794085
2020-04-12 00:00:00,133.327969789505,9770.685559511185
2020-04-12 01:00:00,171.88382387161255,9959.220965832472
2020-04-12 02:00:00,229.6560182571411,6994.918922424316
2020-04-12 03:00:00,212.08255290985107,4879.619178600609
2020-04-12 04:00:00,274.27521896362305,4175.024876009673
2020-04-12 05:00:00,205.47373580932617,3125.2786278128624
2020-04-12 06:00:00,102.4892463684082,1564.91506306082
2020-04-12 07:00:00,104.24908876419067,1826.1004141271114
2020-04-12 08:00:00,45.2572580575943,1475.7346080662683
2020-04-12 09:00:00,30.055146902799606,1355.512199781835
2020-04-12 10:00:00,3.35017466545105,826.9977364391088
2020-04-12 11:00:00,6.294600963592529,446.58034002780914
2020-04-12 12:00:00,0.6355531811714172,412.9393933918327
2020-04-12 13:00:00,53.08975982666016,439.11378978192806
2020-04-12 14:00:00,44.85327768325806,264.1912325620651
2020-04-12 15:00:00,1.1975582838058472,1354.1768979076296
2020-04-12 16:00:00,3.6396631002426147,3691.367102086544
2020-04-12 17:00:00,12.36856254003942,8869.102186322212
2020-04-12 18:00:00,172.0819709300995,12738.704963096417
2020-04-12 19:00:00,281.3618016242981,18377.70721435547
2020-04-12 20:00:00,391.6310558319092,27659.698296546936
2020-04-12 21:00:00,544.256965637207,33255.879819869995
2020-04-12 22:00:00,634.7348976135254,46719.022888183594
2020-04-12 23:00:00,868.3381652832031,48333.1460647583
2020-04-13 00:00:00,898.6679611206055,51231.59981536865
2020-04-13 01:00:00,956.8606185913086,52990.355812072754
2020-04-13 02:00:00,961.4549789428711,53548.48728179932
2020-04-13 03:00:00,962.8532791137695,53637.10331726074
2020-04-13 04:00:00,963.6360015869141,53711.08409118652
2020-04-13 05:00:00,963.6864852905273,53612.088386535645
2020-04-13 06:00:00,961.8725357055664,53144.42965698242
2020-04-13 07:00:00,955.5477905273438,52619.88986206055
2020-04-13 08:00:00,958.4126663208008,52651.52742767334
2020-04-13 09:00:00,961.5863342285156,52347.02899169922
2020-04-13 10:00:00,957.6609039306641,52519.11064910889
2020-04-13 11:00:00,943.7291412353516,50493.418380737305
2020-04-13 12:00:00,925.09326171875,46646.35739135742
2020-04-13 13:00:00,876.251838684082,44738.4109954834
2020-04-13 14:00:00,902.236930847168,44125.143615722656
2020-04-13 15:00:00,906.7236709594727,43215.141525268555
2020-04-13 16:00:00,872.3441467285156,42716.076400756836
2020-04-13 17:00:00,886.2409973144531,44179.887535095215
2020-04-13 18:00:00,883.8047409057617,43949.292419433594
2020-04-13 19:00:00,899.6599426269531,45907.70315551758
2020-04-13 20:00:00,894.1097869873046,43961.51756286621
2020-04-13 21:00:00,843.6134338378906,40348.936069488525
2020-04-13 22:00:00,855.7421188354492,40724.045501708984
2020-04-13 23:00:00,842.8038330078125,35552.13427734375
2020-04-14 00:00:00,810.482967376709,30373.86333847046
2020-04-14 01:00:00,729.2307739257812,21147.38762664795
2020-04-14 02:00:00,611.4755554199219,17314.43367576599
2020-04-14 03:00:00,494.9580841064453,15318.719451904297
2020-04-14 04:00:00,516.7094001770018,15796.296756744385
2020-04-14 05:00:00,518.2154350280762,17740.977081298828
2020-04-14 06:00:00,536.0318336486816,19388.962869644165
2020-04-14 07:00:00,520.2311458587646,14912.917259216309
2020-04-14 08:00:00,381.51255226135254,10643.382217407227
2020-04-14 09:00:00,257.2108669281006,8083.240328788757
2020-04-14 10:00:00,256.10050201416016,8406.456756591797
2020-04-14 11:00:00,245.91401720046997,7317.813520431519
2020-04-14 12:00:00,240.64568328857422,6074.204719543457
2020-04-14 13:00:00,173.538592338562,4952.988245621324
2020-04-14 14:00:00,173.85916709899902,4400.768123626709
2020-04-14 15:00:00,144.74574089050293,3627.789102077484
2020-04-14 16:00:00,97.61789661645889,3306.821955639869
2020-04-14 17:00:00,117.43137198127806,4062.333488188684
2020-04-14 18:00:00,108.6627780762501,6194.810041246936
2020-04-14 19:00:00,152.38536071777344,11180.026018381119
2020-04-14 20:00:00,164.7271270751953,12718.188631117344
2020-04-14 21:00:00,229.9815902709961,14279.088427819312
2020-04-14 22:00:00,204.0834197998047,13729.947915226221
2020-04-14 23:00:00,259.71571350097656,13878.074314792873
2020-04-15 00:00:00,292.3066101074219,14464.401002079248
2020-04-15 01:00:00,297.8531951904297,14866.172355737537
2020-04-15 02:00:00,273.7036437988281,13912.743246152997
2020-04-15 03:00:00,273.1884932555258,13885.659938365221
2020-04-15 04:00:00,341.91043066978455,15657.448222443461
2020-04-15 05:00:00,413.7343735098839,16494.60298555717
2020-04-15 06:00:00,402.42121601104736,15920.872088629752
2020-04-15 07:00:00,333.58443689346313,15798.898716524243
2020-04-15 08:00:00,353.01982259750366,14482.26861229539
2020-04-15 09:00:00,328.2071032524109,12977.467748641968
2020-04-15 10:00:00,239.76441979408264,11706.426621615887
2020-04-15 11:00:00,225.40702015161514,10048.448960665613
2020-04-15 12:00:00,257.93850669264793,10091.136267125607
2020-04-15 13:00:00,266.99517247080803,9019.626778006554
2020-04-15 14:00:00,318.0955311357975,8888.556822419167
2020-04-15 15:00:00,286.88393925875425,8889.369066454703
2020-04-15 16:00:00,246.5062953978777,9837.022258047946
2020-04-15 17:00:00,229.89608764648438,9088.312174126506
2020-04-15 18:00:00,213.54782235622406,7813.720628943294
2020-04-15 19:00:00,175.42971122264862,5882.726964961737
2020-04-15 20:00:00,134.4736785888672,4730.860332965851
2020-04-15 21:00:00,100.81288146972656,3592.9859671592712
2020-04-15 22:00:00,99.63144898414612,2452.576215982437
2020-04-15 23:00:00,96.16085648536682,1776.478986762464
2020-04-16 00:00:00,65.92084383964539,1378.474450364709
2020-04-16 01:00:00,26.544770002365112,637.9573962688446
2020-04-16 02:00:00,35.10222053527832,315.7233604192734
2020-04-16 03:00:00,35.2333288192749,340.7490461617708
2020-04-16 04:00:00,46.75692439079285,512.8445610105991
2020-04-16 05:00:00,55.85856660827994,953.1352854594588
2020-04-16 06:00:00,66.90468311309814,1911.1304956376553
2020-04-16 07:00:00,105.26967477798462,3567.5732291154563
2020-04-16 08:00:00,96.11452257633209,4083.1355912834406
2020-04-16 09:00:00,59.458775693550706,4227.786852650344
2020-04-16 10:00:00,62.906331062316895,3129.435352265835
2020-04-16 11:00:00,64.9513292312622,3748.865823328495
2020-04-16 12:00:00,70.1869158744812,4554.431574270129
2020-04-16 13:00:00,86.30205583572388,5911.020622394979
2020-04-16 14:00:00,76.99857139587402,7272.03947352618
2020-04-16 15:00:00,105.15554475784302,9129.00353717804
2020-04-16 16:00:00,255.36052322387695,11641.470448493958
2020-04-16 17:00:00,371.3139343261719,14684.03872871399
2020-04-16 18:00:00,365.73365020751953,16998.822605133057
2020-04-16 19:00:00,425.14579010009766,19335.07526397705
2020-04-16 20:00:00,445.25284576416016,20523.033515930176
2020-04-16 21:00:00,415.4476890563965,20658.760097503662
2020-04-16 22:00:00,422.67747497558594,21600.44860458374
2020-04-16 23:00:00,426.0017852783203,19426.610912322998
2020-04-17 00:00:00,415.1585693359375,16504.21012687683
2020-04-17 01:00:00,329.22306060791016,14703.086521148682
2020-04-17 02:00:00,298.3619499206543,14404.425834655762
2020-04-17 03:00:00,303.14948654174805,14267.341606140137
2020-04-17 04:00:00,329.6786193847656,14460.609426498413
2020-04-17 05:00:00,383.3224563598633,16058.639793395996
2020-04-17 06:00:00,354.911865234375,17188.198802947998
2020-04-17 07:00:00,301.86685371398926,15851.854389190674
2020-04-17 08:00:00,274.3327980041504,15523.07042312622
2020-04-17 09:00:00,243.90066719055176,14812.002716064453
2020-04-17 10:00:00,220.1297779083252,17276.308210372925
2020-04-17 11:00:00,201.02103233337402,17825.269289016724
2020-04-17 12:00:00,218.26669883728027,15970.624446868896
2020-04-17 13:00:00,287.6372947692871,16718.570177078247
2020-04-17 14:00:00,372.6318473815918,17157.4810256958
2020-04-17 15:00:00,345.64959144592285,18427.762634277344
2020-04-17 16:00:00,327.50081062316895,18797.07103729248
2020-04-17 17:00:00,347.69311714172363,20537.286560058594
2020-04-17 18:00:00,373.1888961791992,21944.293601989746
2020-04-17 19:00:00,262.47006607055664,17163.68563079834
2020-04-17 20:00:00,339.81049156188965,16730.090133666992
2020-04-17 21:00:00,373.05566024780273,17397.739837646484
2020-04-17 22:00:00,393.26654052734375,17556.125896453857
2020-04-17 23:00:00,315.2880153656006,12976.431987762451
2020-04-18 00:00:00,284.07213592529297,11938.324367523193
2020-04-18 01:00:00,279.76073455810547,10629.61003112793
2020-04-18 02:00:00,303.21861267089844,10525.126974105835
2020-04-18 03:00:00,204.63201904296875,9594.839761734009
2020-04-18 04:00:00,291.36323070526123,10048.409811019897
2020-04-18 05:00:00,376.95732498168945,12425.874923706055
2020-04-18 06:00:00,345.8918991088867,12892.381782531738
2020-04-18 07:00:00,459.6833267211914,12329.363140106201
2020-04-18 08:00:00,470.4528408050537,12329.112157568336
2020-04-18 09:00:00,442.07076263427734,13045.577760219574
2020-04-18 10:00:00,471.37970328330994,16294.893283843994
2020-04-18 11:00:00,540.3087476491928,18091.335348129272
2020-04-18 12:00:00,520.2141680717468,18554.384949684143
2020-04-18 13:00:00,527.8703011274338,14633.149531364441
2020-04-18 14:00:00,495.6552677154541,13834.16292667389
2020-04-18 15:00:00,530.6031455993652,15724.09453201294
2020-04-18 16:00:00,613.4556102752686,18957.318130493164
2020-04-18 17:00:00,616.8120555877686,21085.493007659912
2020-04-18 18:00:00,675.27197265625,20883.201530456543
2020-04-18 19:00:00,663.0530776977539,20461.52629852295
2020-04-18 20:00:00,560.5467948913574,19605.98009300232
2020-04-18 21:00:00,449.4106979370117,20263.415422439575
2020-04-18 22:00:00,455.8028049468994,25321.84547996521
2020-04-18 23:00:00,426.29940032958984,27248.124948501587
2020-04-19 00:00:00,547.4992980957031,27474.219535827637
2020-04-19 01:00:00,524.7943840026855,22647.846992492676
2020-04-19 02:00:00,540.4973335266113,21106.033199310303
2020-04-19 03:00:00,531.4526901245117,21122.395763397217
2020-04-19 04:00:00,496.9514045715332,19761.554626464844
2020-04-19 05:00:00,502.98109436035156,22503.80140686035
2020-04-19 06:00:00,495.8322067260742,25470.879066467285
2020-04-19 07:00:00,480.1726722717285,26854.451866149902
2020-04-19 08:00:00,537.4680213928223,29456.41216659546
2020-04-19 09:00:00,457.44175720214844,30395.59564971924
2020-04-19 10:00:00,500.710994720459,33570.11581802368
2020-04-19 11:00:00,526.3830795288086,35642.62648773193
2020-04-19 12:00:00,553.69775390625,34507.907093048096
2020-04-19 13:00:00,604.9767684936523,37784.58946609497
2020-04-19 14:00:00,534.5636787414551,36383.38525390625
2020-04-19 15:00:00,700.8652114868164,38697.57978820801
2020-04-19 16:00:00,867.1411743164062,42301.003410339355
2020-04-19 17:00:00,934.7905578613281,41240.57678985596
2020-04-19 18:00:00,935.0526504516602,41204.337142944336
2020-04-19 19:00:00,890.4676666259766,43141.69853210449
2020-04-19 20:00:00,889.5946655273438,43402.43143463135
2020-04-19 21:00:00,878.8784103393555,42407.371421813965
2020-04-19 22:00:00,924.8515396118164,45611.111824035645
2020-04-19 23:00:00,773.0554046630859,44356.14942932129
2020-04-20 00:00:00,691.1757202148438,44042.196029663086
2020-04-20 01:00:00,609.5470962524414,40229.99613189697
2020-04-20 02:00:00,593.1444320678711,38076.61421966553
2020-04-20 03:00:00,596.6994934082031,35936.73685455322
2020-04-20 04:00:00,616.1493453979492,35828.608001708984
2020-04-20 05:00:00,689.8784713745117,37179.87316894531
2020-04-20 06:00:00,739.1620864868164,38806.847412109375
2020-04-20 07:00:00,647.8866424560547,40008.09084320068
2020-04-20 08:00:00,586.249641418457,40442.920974731445
2020-04-20 09:00:00,676.1578521728516,40891.65615081787
2020-04-20 10:00:00,869.389778137207,42616.15827178955
2020-04-20 11:00:00,897.545783996582,42190.53707885742
2020-04-20 12:00:00,928.033088684082,42867.4274597168
2020-04-20 13:00:00,938.8406372070312,43237.392028808594
2020-04-20 14:00:00,940.8718032836914,46055.411628723145
2020-04-20 15:00:00,960.1847152709961,49190.461685180664
2020-04-20 16:00:00,953.7739868164062,48761.93182373047
2020-04-20 17:00:00,950.3665084838867,49738.13080596924
2020-04-20 18:00:00,955.2918319702148,51288.250968933105
2020-04-20 19:00:00,951.5961151123047,53614.491035461426
2020-04-20 20:00:00,943.7784118652344,53855.92658996582
2020-04-20 21:00:00,951.6775741577148,53945.667724609375
2020-04-20 22:00:00,947.4829025268555,54032.58745574951
2020-04-20 23:00:00,946.1071701049805,53346.92923736572
2020-04-21 00:00:00,946.8523559570312,53569.92780303955
2020-04-21 01:00:00,915.6022796630859,53071.687004089355
2020-04-21 02:00:00,906.17724609375,52878.263916015625
2020-04-21 03:00:00,928.7823486328125,52314.6754989624
2020-04-21 04:00:00,927.7502517700195,52088.55522918701
2020-04-21 05:00:00,947.7985610961914,52432.48046875
2020-04-21 06:00:00,951.3263320922852,53234.7971572876
2020-04-21 07:00:00,945.6074981689453,53385.56464385986
2020-04-21 08:00:00,938.7713241577148,53399.557876586914
2020-04-21 09:00:00,934.4412384033203,53257.298568725586
2020-04-21 10:00:00,956.2318496704102,53651.0193939209
2020-04-21 11:00:00,961.2512817382812,53601.393714904785
2020-04-21 12:00:00,961.262565612793,53715.90718841553
2020-04-21 13:00:00,956.3376770019531,53655.74803161621
2020-04-21 14:00:00,960.4079742431641,53716.09468078613
2020-04-21 15:00:00,961.0822906494141,53775.14260101318
2020-04-21 16:00:00,959.5205078125,53574.803886413574
2020-04-21 17:00:00,957.7378768920898,53820.17247772217
2020-04-21 18:00:00,955.6087188720703,53996.57872772217
2020-04-21 19:00:00,919.3639450073242,53388.81977081299
2020-04-21 20:00:00,922.4120864868164,53276.16034698486
2020-04-21 21:00:00,918.8347549438477,53150.09541320801
2020-04-21 22:00:00,912.6619338989258,53306.93901824951
2020-04-21 23:00:00,919.2129898071289,53202.93862915039
2020-04-22 00:00:00,931.4022750854492,53606.438385009766
2020-04-22 01:00:00,927.2748870849609,53440.425300598145
2020-04-22 02:00:00,900.4352416992188,52931.684982299805
2020-04-22 03:00:00,902.8842926025391,52520.278381347656
2020-04-22 04:00:00,864.3027267456055,49957.13334655762
2020-04-22 05:00:00,787.3823013305664,46626.196716308594
2020-04-22 06:00:00,763.4437637329102,45120.07684326172
2020-04-22 07:00:00,703.5370063781738,42182.09175109863
2020-04-22 08:00:00,674.3066635131836,41442.0725440979
2020-04-22 09:00:00,667.1231307983398,40604.446533203125
2020-04-22 10:00:00,677.0765914916992,41435.81285858154
2020-04-22 11:00:00,788.9331893920898,40381.70049285889
2020-04-22 12:00:00,876.2353820800781,39059.03225708008
2020-04-22 13:00:00,915.7766494750977,40448.65090179443
2020-04-22 14:00:00,906.5842208862304,41277.51557159424
2020-04-22 15:00:00,902.7596817016602,42993.59705352783
2020-04-22 16:00:00,888.1809158325195,42980.83770751953
2020-04-22 17:00:00,860.4450073242188,42459.30651092529
2020-04-22 18:00:00,803.2790794372557,40047.66273880005
2020-04-22 19:00:00,785.8682250976562,38181.840827941895
2020-04-22 20:00:00,715.2119445800781,36804.73002624512
2020-04-22 21:00:00,620.9574699401855,34493.10025405884
2020-04-22 22:00:00,549.866060256958,32670.763778686523
2020-04-22 23:00:00,462.1531791687012,29326.06934738159
2020-04-23 00:00:00,434.8392906188965,28170.291927337646
2020-04-23 01:00:00,412.2704429626465,20741.983512878418
2020-04-23 02:00:00,405.62868881225586,16657.489601135254
2020-04-23 03:00:00,366.56503677368164,13193.05528640747
2020-04-23 04:00:00,251.6772689819336,8831.88772201538
2020-04-23 05:00:00,242.26743698120117,8376.717998504639
2020-04-23 06:00:00,265.01781845092773,8293.52127456665
2020-04-23 07:00:00,171.1137180328369,5726.8076457977295
2020-04-23 08:00:00,122.60910415649414,3807.080772280693
2020-04-23 09:00:00,79.75196886062622,2339.5261536091566
2020-04-23 10:00:00,67.15037589520217,1350.1371637284756
2020-04-23 11:00:00,54.87590100616217,1740.38611523062
2020-04-23 12:00:00,32.826355278491974,1894.511552453041
2020-04-23 13:00:00,36.96672874689102,1899.4036224782467
2020-04-23 14:00:00,29.940194725990295,1920.1184911131859
2020-04-23 15:00:00,63.92856061458588,2328.985110282898
2020-04-23 16:00:00,83.83298969268799,2709.76495885849
2020-04-23 17:00:00,128.01916122436523,3373.8455629348755
2020-04-23 18:00:00,198.40300750732422,3778.478769302368
2020-04-23 19:00:00,195.2880344390869,4031.639305114746
2020-04-23 20:00:00,193.2261142730713,4418.754669189453
2020-04-23 21:00:00,179.68079376220703,4258.135173797607
2020-04-23 22:00:00,154.73858070373535,2977.6993370056152
2020-04-23 23:00:00,128.78396701812744,3336.5241384506226
2020-04-24 00:00:00,93.71209049224854,3111.6069869995117
2020-04-24 01:00:00,115.30007743835449,3636.73140335083
2020-04-24 02:00:00,143.44573402404785,3693.385847091675
2020-04-24 03:00:00,134.24735069274902,4628.717483520508
2020-04-24 04:00:00,138.43492126464844,6342.44878578186
2020-04-24 05:00:00,168.87725448608398,7382.743106842041
2020-04-24 06:00:00,196.2215118408203,8166.17049407959
2020-04-24 07:00:00,142.36670017242432,6930.062628746033
2020-04-24 08:00:00,119.6515064239502,6184.562135219574
2020-04-24 09:00:00,126.03137493133545,5167.525731265545
2020-04-24 10:00:00,217.68210697174072,6881.5370988845825
2020-04-24 11:00:00,249.70952606201172,6947.806183099747
2020-04-24 12:00:00,311.8206539154053,7854.594244480133
2020-04-24 13:00:00,339.48197174072266,10436.128831148148
2020-04-24 14:00:00,340.1414794921875,9982.089964434505
2020-04-24 15:00:00,381.19190406799316,10941.491666793823
2020-04-24 16:00:00,432.7556972503662,12435.211539268494
2020-04-24 17:00:00,509.8091926574707,13926.10097694397
2020-04-24 18:00:00,564.1961631774902,15806.385046958923
2020-04-24 19:00:00,554.4999656677246,16046.033618927002
2020-04-24 20:00:00,652.3682098388672,16565.330236434937
2020-04-24 21:00:00,620.5003337860107,15789.929552078247
2020-04-24 22:00:00,548.8772869110107,15894.143156051636
2020-04-24 23:00:00,539.546314239502,15531.574731826782
2020-04-25 00:00:00,439.61885833740234,14065.368019104004
2020-04-25 01:00:00,330.87768363952637,10913.554010391235
2020-04-25 02:00:00,288.7520332336426,9011.961505889893
2020-04-25 03:00:00,236.73554611206055,6557.008671760559
2020-04-25 04:00:00,201.21460247039795,5553.318189620972
2020-04-25 05:00:00,147.77004528045654,4016.451955795288
2020-04-25 06:00:00,99.97922039031982,3206.5219140052795
2020-04-25 07:00:00,82.13656091690063,2004.578854560852
2020-04-25 08:00:00,75.37424993515015,1608.980709195137
2020-04-25 09:00:00,71.559326171875,957.3463426232338
2020-04-25 10:00:00,39.04911933094263,434.38796186447144
2020-04-25 11:00:00,39.446884885430336,405.7962327003479
2020-04-25 12:00:00,58.9543342590332,536.0860160589218
2020-04-25 13:00:00,72.37631702423096,664.9876313954592
2020-04-25 14:00:00,93.76137733459473,822.8862311840057
2020-04-25 15:00:00,111.45805549621582,1094.314102858305
2020-04-25 16:00:00,120.84244155883789,1503.9290907084942
2020-04-25 17:00:00,132.21747970581055,1617.3753478825092
2020-04-25 18:00:00,129.45480155944824,1637.082765802741
2020-04-25 19:00:00,100.12478065490721,1357.1686820983887
2020-04-25 20:00:00,73.33206558227539,985.7905831336975
2020-04-25 21:00:00,40.85035562515259,480.73436008393764
2020-04-25 22:00:00,26.00641131401062,384.0518410205841
2020-04-25 23:00:00,11.123911380767822,182.43715426325798
2020-04-26 00:00:00,5.804734592325985,110.39669615030289
2020-04-26 01:00:00,10.152785956859589,62.81123103387654
2020-04-26 02:00:00,5.68586562667042,45.385890658944845
2020-04-26 03:00:00,3.5664973258972177,34.82154965400696
2020-04-26 04:00:00,1.4064818620681765,83.25383082032204
2020-04-26 05:00:00,8.707539081573486,146.0229527950287
2020-04-26 06:00:00,6.1591198444366455,338.76023679971695
2020-04-26 07:00:00,0.0,758.2907215356827
2020-04-26 08:00:00,0.0,1647.8938287049532
2020-04-26 09:00:00,0.0,3145.3866374492645
2020-04-26 10:00:00,0.0,6131.0224541425705
2020-04-26 11:00:00,0.0,8129.811258524656
2020-04-26 12:00:00,2.220294512808323,9647.740561366081
2020-04-26 13:00:00,25.23730367422104,11317.226685836911
2020-04-26 14:00:00,15.340531826019287,10388.606637898833
2020-04-26 15:00:00,20.783018112182617,9664.824110865593
2020-04-26 16:00:00,13.631189346313477,9658.737855434418
2020-04-26 17:00:00,9.525660157203674,8543.67090344429
2020-04-26 18:00:00,18.673104286193848,8668.533658981323
2020-04-26 19:00:00,50.934906005859375,8034.225226402283
2020-04-26 20:00:00,63.98239915072918,7764.6550142765045
2020-04-26 21:00:00,104.73858880996704,7823.979020718485
2020-04-26 22:00:00,84.02297621965408,6146.669150386006
2020-04-26 23:00:00,110.11360311508179,7015.927113294601
2020-04-27 00:00:00,157.98871898651123,7088.35869550705
2020-04-27 01:00:00,216.72085332870483,5891.675060085952
2020-04-27 02:00:00,227.07549571990964,6601.515659332275
2020-04-27 03:00:00,273.6351327896118,7489.367400884628
2020-04-27 04:00:00,319.33332538604736,8163.6876308918
2020-04-27 05:00:00,381.57074642181396,5865.479824542999
2020-04-27 06:00:00,483.7226495742798,5128.112981677055
2020-04-27 07:00:00,447.3969073295593,5592.899210521951
2020-04-27 08:00:00,356.6216220855713,4244.539443030953
2020-04-27 09:00:00,258.3770990371704,3224.8220796585083
2020-04-27 10:00:00,239.93020915985105,2195.473685398698
2020-04-27 11:00:00,216.3613905906677,2140.250527948141
2020-04-27 12:00:00,159.55107736587524,1673.7695605754852
2020-04-27 13:00:00,68.2409200668335,1433.5081329345703
2020-04-27 14:00:00,88.2619981765747,2059.608969733119
2020-04-27 15:00:00,56.862958908081055,1852.4717400744557
2020-04-27 16:00:00,39.59037780761719,2153.4565307423472
2020-04-27 17:00:00,37.9659059047699,2947.833511829376
2020-04-27 18:00:00,64.1721601486206,4696.362288475037
2020-04-27 19:00:00,151.43151473999023,5339.114874839783
2020-04-27 20:00:00,143.50456428527832,4448.273862838745
2020-04-27 21:00:00,136.44793605804443,3586.0036326646805
2020-04-27 22:00:00,124.16898155212402,3538.4778566360474
2020-04-27 23:00:00,85.3153965473175,2619.549644112587
2020-04-28 00:00:00,51.607319831848145,2796.7838048934937
2020-04-28 01:00:00,53.25480651855469,2923.8736543655396
2020-04-28 02:00:00,58.22818374633789,2842.9525879547
2020-04-28 03:00:00,41.46676225960255,3330.7728697657585
2020-04-28 04:00:00,67.40190696716309,4259.466688156128
2020-04-28 05:00:00,51.511125564575195,4728.886972427368
2020-04-28 06:00:00,69.47027969360352,5732.623175144196
2020-04-28 07:00:00,125.92002296447754,6417.9625312536955
2020-04-28 08:00:00,148.40199851989746,5906.556471705437
2020-04-28 09:00:00,173.31900119781494,5932.1614917218685
2020-04-28 10:00:00,170.77720069885254,7342.350954055786
2020-04-28 11:00:00,216.2065887451172,6801.847703933716
2020-04-28 12:00:00,213.50699615478516,7140.763557076454
2020-04-28 13:00:00,240.4050998687744,7204.671797275543
2020-04-28 14:00:00,285.07750034332275,7663.493681669235
2020-04-28 15:00:00,235.3182954788208,8725.301699995995
2020-04-28 16:00:00,262.3030319213867,7266.374466896057
2020-04-28 17:00:00,279.29462814331055,7210.136785507202
2020-04-28 18:00:00,273.4015197753906,7069.936990737915
2020-04-28 19:00:00,293.4424476623535,8027.928550720215
2020-04-28 20:00:00,330.1124458312988,8147.671829223633
2020-04-28 21:00:00,295.95396423339844,7345.0543384552
2020-04-28 22:00:00,269.7781066894531,7650.188384890556
2020-04-28 23:00:00,235.02506637573242,7275.418016850948
2020-04-29 00:00:00,220.86926460266113,6451.218943655491
2020-04-29 01:00:00,118.40565872192383,3938.27489490062
2020-04-29 02:00:00,105.37433910369873,3809.074815273285
2020-04-29 03:00:00,118.19560050964355,4003.336175918579
2020-04-29 04:00:00,115.6712875366211,3448.328198850155
2020-04-29 05:00:00,120.50820350646973,2756.2126330137253
2020-04-29 06:00:00,137.77889442443848,3202.560364753008
2020-04-29 07:00:00,109.07407140731812,2118.273823812604
2020-04-29 08:00:00,69.82910490036011,1533.5389798097312
2020-04-29 09:00:00,70.61210632324219,815.1230322867632
2020-04-29 10:00:00,4.7828026711940765,397.39809370040894
2020-04-29 11:00:00,0.0120866689831018,361.43600898981094
2020-04-29 12:00:00,0.6708506345748901,473.0211255820468
2020-04-29 13:00:00,3.0336639881134038,919.0146621614695
2020-04-29 14:00:00,22.233309030532837,1779.0958433151245
2020-04-29 15:00:00,4.683652400970459,2517.0705278939568
2020-04-29 16:00:00,0.0,2664.6580478549004
2020-04-29 17:00:00,0.1625418663024902,4268.815574873006
2020-04-29 18:00:00,34.80403232574463,6962.045305013657
2020-04-29 19:00:00,167.7134017944336,12136.482451677322
2020-04-29 20:00:00,331.00030994415283,17861.473630428314
2020-04-29 21:00:00,402.3015594482422,22990.900939941406
2020-04-29 22:00:00,550.8111038208008,26447.475128173828
2020-04-29 23:00:00,850.7759475708008,29125.252586364746
2020-04-30 00:00:00,956.0081024169922,29852.49193572998
2020-04-30 01:00:00,543.4640350341797,27914.478485107422
2020-04-30 02:00:00,602.9096755981445,22916.624229431152
2020-04-30 03:00:00,891.2773361206055,27458.283805847168
2020-04-30 04:00:00,912.978759765625,30084.866500854492
2020-04-30 05:00:00,941.953239440918,36288.94755554199
2020-04-30 06:00:00,863.7596664428711,37419.03459739685
2020-04-30 07:00:00,664.951847076416,33555.27951812744
2020-04-30 08:00:00,836.5889854431151,39285.132396698
2020-04-30 09:00:00,956.051887512207,38217.44875335693
2020-04-30 10:00:00,926.0676498413086,32671.123741149902
2020-04-30 11:00:00,939.1969299316406,39649.90710449219
2020-04-30 12:00:00,924.1901092529297,37680.02498626709
2020-04-30 13:00:00,804.1072120666504,38570.344818115234
2020-04-30 14:00:00,599.714069366455,33915.35696411133
2020-04-30 15:00:00,646.4680252075195,34410.059763908386
2020-04-30 16:00:00,248.56777954101562,26915.311984062195
2020-04-30 17:00:00,108.57694911956787,20905.040447235107
2020-04-30 18:00:00,171.99332451820374,22324.342196702957
2020-04-30 19:00:00,339.74731254577637,28398.08051133156
2020-04-30 20:00:00,364.62202072143555,29916.879417419434
2020-04-30 21:00:00,617.3506317138672,30586.9807472229
2020-04-30 22:00:00,867.0764617919922,32266.300003051758
2020-04-30 23:00:00,502.4516944885254,36587.252588272095
2020-05-01 00:00:00,573.5063400268555,37250.93814086914
2020-05-01 01:00:00,499.4845085144043,32191.80606842041
2020-05-01 02:00:00,559.0020065307617,29831.16244506836
2020-05-01 03:00:00,791.4229049682617,24905.343490600586
2020-05-01 04:00:00,795.4142837524414,23499.218185424805
2020-05-01 05:00:00,685.6001586914062,23360.96688079834
2020-05-01 06:00:00,559.7786254882812,20451.747802734375
2020-05-01 07:00:00,611.9308395385742,22062.96953201294
2020-05-01 08:00:00,527.3741683959961,19560.45263671875
2020-05-01 09:00:00,556.6712875366211,18991.827966690063
2020-05-01 10:00:00,796.4763336181641,15352.825283050537
2020-05-01 11:00:00,473.28460693359375,16001.905494689941
2020-05-01 12:00:00,544.2267608642578,16976.02378845215
2020-05-01 13:00:00,360.0120315551758,15514.360649108887
2020-05-01 14:00:00,415.3788070678711,13771.007383346558
2020-05-01 15:00:00,319.47003173828125,11437.567602157593
2020-05-01 16:00:00,200.1921901702881,9484.767612695694
2020-05-01 17:00:00,259.55058670043945,9129.51860332489
2020-05-01 18:00:00,243.7513484954834,9028.217085123062
2020-05-01 19:00:00,266.186975479126,9733.044518709183
2020-05-01 20:00:00,222.12585067749023,8900.728071212769
2020-05-01 21:00:00,186.0311508178711,7899.332902550697
2020-05-01 22:00:00,165.3332290649414,13228.018805861473
2020-05-01 23:00:00,229.87129974365234,15283.304425239563
2020-05-02 00:00:00,383.99857330322266,15510.66915512085
2020-05-02 01:00:00,602.2836608886719,10615.062673568726
2020-05-02 02:00:00,202.92496871948242,10404.92730140686
2020-05-02 03:00:00,227.68283081054688,11883.240421295166
2020-05-02 04:00:00,170.25831031799316,11313.426372528076
2020-05-02 05:00:00,220.72876739501953,9609.195377349854
2020-05-02 06:00:00,162.54183959960938,9662.72887802124
2020-05-02 07:00:00,273.7785415649414,12732.798736572266
2020-05-02 08:00:00,238.0948600769043,12295.625089645386
2020-05-02 09:00:00,333.52999114990234,11938.459915161133
2020-05-02 10:00:00,332.6725959777832,12251.019704818726
2020-05-02 11:00:00,388.3479824066162,12834.023666381836
2020-05-02 12:00:00,413.383975982666,14456.169773101807
2020-05-02 13:00:00,458.2949523925781,14932.9577293396
2020-05-02 14:00:00,567.6316604614258,16893.88885498047
2020-05-02 15:00:00,417.6506805419922,15939.427753448486
2020-05-02 16:00:00,322.33851432800293,12833.68769454956
2020-05-02 17:00:00,234.94057178497314,9580.631526947021
2020-05-02 18:00:00,201.5610866546631,9137.063869476318
2020-05-02 19:00:00,149.58514404296875,9670.265012741089
2020-05-02 20:00:00,188.95081520080566,10259.000893592834
2020-05-02 21:00:00,257.6027488708496,9672.985383987427
2020-05-02 22:00:00,229.37144851684567,11710.838367462158
2020-05-02 23:00:00,182.31686401367188,8687.759291648865
2020-05-03 00:00:00,109.95056533813477,6312.051743507385
2020-05-03 01:00:00,51.0646448135376,4404.710374712944
2020-05-03 02:00:00,36.08808922767639,3379.226170063019
2020-05-03 03:00:00,47.7393456697464,2709.9916343688965
2020-05-03 04:00:00,63.265381813049316,2006.9092117659748
2020-05-03 05:00:00,33.88979125022888,1178.8259372226894
2020-05-03 06:00:00,9.557886898517609,473.96279963478446
2020-05-03 07:00:00,17.75113010406494,277.08236132003367
2020-05-03 08:00:00,2.396981790661812,315.1621836796403
2020-05-03 09:00:00,4.049570202827454,276.48780839145184
2020-05-03 10:00:00,0.044576097279787,75.79231795668602
2020-05-03 11:00:00,0.0,30.781466363929212
2020-05-03 12:00:00,0.0,20.886303160805255
2020-05-03 13:00:00,2.2044095396995544,42.64208447933197
2020-05-03 14:00:00,0.0032333708368241,16.577560104429722
2020-05-03 15:00:00,0.0,27.38732874765992
2020-05-03 16:00:00,1.1530338376760483,71.9052838482894
2020-05-03 17:00:00,22.720896244049072,164.39544242434204
2020-05-03 18:00:00,47.56717252731323,507.5574460029602
2020-05-03 19:00:00,56.10210990905762,672.9507831782103
2020-05-03 20:00:00,65.56948184967041,1240.8516270965338
2020-05-03 21:00:00,69.95481967926025,1812.8200783133507
2020-05-03 22:00:00,69.86686766147614,2478.3165849149227
2020-05-03 23:00:00,76.10554325580597,2505.178082704544
2020-05-04 00:00:00,88.65780639648438,2540.4071157984436
2020-05-04 01:00:00,100.01984071731567,3116.598701953888
2020-05-04 02:00:00,116.82243305444717,3264.2348942756653
2020-05-04 03:00:00,140.57011795043945,3919.519939184189
2020-05-04 04:00:00,181.09722709655762,4596.838060379028
2020-05-04 05:00:00,218.80521392822266,5097.312448501587
2020-05-04 06:00:00,280.9513702392578,6001.866041183472
2020-05-04 07:00:00,234.0942726135254,5585.67328453064
2020-05-04 08:00:00,174.91806983947754,5035.250150680542
2020-05-04 09:00:00,131.50706434249878,4075.7719888687134
2020-05-04 10:00:00,187.43359375,5293.622858047485
2020-05-04 11:00:00,234.71479034423828,6146.418025970459
2020-05-04 12:00:00,319.36059951782227,7653.316053390503
2020-05-04 13:00:00,360.5847396850586,9385.138530731201
2020-05-04 14:00:00,403.7203826904297,10331.557113647461
2020-05-04 15:00:00,416.7131156921387,10391.510913848877
2020-05-04 16:00:00,472.092227935791,13995.399108886719
2020-05-04 17:00:00,477.67013931274414,16681.244625091553
2020-05-04 18:00:00,510.6534233093262,18762.44422531128
2020-05-04 19:00:00,566.2479934692383,19888.791748046875
2020-05-04 20:00:00,606.529052734375,21544.40284729004
2020-05-04 21:00:00,566.8299980163574,19800.74526977539
2020-05-04 22:00:00,546.7966232299805,19883.76837539673
2020-05-04 23:00:00,460.36273193359375,15750.831735610962
2020-05-05 00:00:00,362.98895835876465,13862.08048248291
2020-05-05 01:00:00,372.6891803741455,14945.660900115967
2020-05-05 02:00:00,359.8055372238159,14393.579151153564
2020-05-05 03:00:00,370.82692527770996,14834.491584777832
2020-05-05 04:00:00,327.2421531677246,12729.65250301361
2020-05-05 05:00:00,339.7010688781738,14246.183959007263
2020-05-05 06:00:00,342.0173034667969,14591.144940376282
2020-05-05 07:00:00,310.2231693267822,13869.261174201965
2020-05-05 08:00:00,299.4453754425049,13899.538953781128
2020-05-05 09:00:00,255.09931564331055,13236.681051254272
2020-05-05 10:00:00,219.50884246826172,11948.962190628052
2020-05-05 11:00:00,174.13557720184326,9481.989477157593
2020-05-05 12:00:00,206.53606414794922,7857.348407745361
2020-05-05 13:00:00,265.515869140625,7170.316082000732
2020-05-05 14:00:00,289.0905227661133,7647.899990081787
2020-05-05 15:00:00,325.92640686035156,8292.485366821289
2020-05-05 16:00:00,314.09925079345703,8133.220764160156
2020-05-05 17:00:00,375.67451095581055,9806.247825622559
2020-05-05 18:00:00,409.7172088623047,11076.707130432129
2020-05-05 19:00:00,395.2781867980957,11309.946117401123
2020-05-05 20:00:00,367.55246353149414,10469.328029632568
2020-05-05 21:00:00,304.44383239746094,8591.87533712387
2020-05-05 22:00:00,248.3565902709961,8320.603449761868
2020-05-05 23:00:00,193.3488883972168,7600.074678659439
2020-05-06 00:00:00,129.80464220046997,5577.97070685029
2020-05-06 01:00:00,136.62616348266602,4267.4286551475525
2020-05-06 02:00:00,129.70205974578857,3169.223733305931
2020-05-06 03:00:00,112.52926635742188,2844.890233397484
2020-05-06 04:00:00,97.17518138885498,2052.4244899749756
2020-05-06 05:00:00,76.87626600265503,1453.8855239748955
2020-05-06 06:00:00,53.084132339805365,1050.5016059428453
2020-05-06 07:00:00,22.346555422991514,811.1294150948524
2020-05-06 08:00:00,12.208962947130203,556.511773198843
2020-05-06 09:00:00,2.295012727379799,440.6026026085019
2020-05-06 10:00:00,5.928752891719341,238.32176204770803
2020-05-06 11:00:00,20.879740953445435,286.46317729353905
2020-05-06 12:00:00,45.36233043670654,602.4106640815735
2020-05-06 13:00:00,68.56902647018433,810.9308684766293
2020-05-06 14:00:00,110.60237693786621,1525.9588800221682
2020-05-06 15:00:00,120.17996978759766,1903.4475173652172
2020-05-06 16:00:00,127.17230033874512,2269.392127484083
2020-05-06 17:00:00,129.81140232086182,2329.368619531393
2020-05-06 18:00:00,115.86563491821289,2219.717650026083
2020-05-06 19:00:00,132.79616832733154,2368.509468436241
2020-05-06 20:00:00,121.49163150787354,2004.5966055989265
2020-05-06 21:00:00,100.09680032730103,1620.2423524856567
2020-05-06 22:00:00,90.42868900299072,1282.3334720134735
2020-05-06 23:00:00,65.94494080543518,1060.8350063562393
2020-05-07 00:00:00,42.145941734313965,940.9059498906136
2020-05-07 01:00:00,54.549572214484215,931.846124317497
2020-05-07 02:00:00,49.31861412525177,764.0754516636953
2020-05-07 03:00:00,35.12671062350273,618.4668934904039
2020-05-07 04:00:00,34.00007504224777,882.6726485418621
2020-05-07 05:00:00,32.20759296417236,792.6521395593882
2020-05-07 06:00:00,39.151126861572266,668.9255035817623
2020-05-07 07:00:00,50.74673843383789,150.08200379274786
2020-05-07 08:00:00,5.023759067058563,104.85613918304443
2020-05-07 09:00:00,0.0,271.61926078796387
2020-05-07 10:00:00,0.0039870496839284,915.1684608459473
2020-05-07 11:00:00,0.45450020860880597,951.231595962774
2020-05-07 12:00:00,0.3309755288064478,1007.1937762731686
2020-05-07 13:00:00,0.1042420566082,1549.8582481704652
2020-05-07 14:00:00,0.2077520852908491,1614.3429740723222
2020-05-07 15:00:00,0.0657307095825671,1940.8184103854
2020-05-07 16:00:00,1.3889693589881063,1922.964968224056
2020-05-07 17:00:00,0.4210160188376903,1946.2012426741421
2020-05-07 18:00:00,0.1540488600730896,2117.5604591760784
2020-05-07 19:00:00,0.0,2184.998451590538
2020-05-07 20:00:00,3.644074320793152,2601.8240197449923
2020-05-07 21:00:00,0.6011384725570679,3423.1604262990877
2020-05-07 22:00:00,1.5572758535854516,3646.9254479473457
2020-05-07 23:00:00,7.994201108813286,3836.3048359018285
2020-05-08 00:00:00,10.384192705154419,4106.147225435823
2020-05-08 01:00:00,3.7062765806913376,4134.725120832212
2020-05-08 02:00:00,5.416512638330459,3587.9711621729657
2020-05-08 03:00:00,14.215135961771011,3686.764539282769
2020-05-08 04:00:00,12.052950866520405,4785.434343516827
2020-05-08 05:00:00,28.67697525024414,5129.85529974103
2020-05-08 06:00:00,45.95750427246094,3795.326831638813
2020-05-08 07:00:00,51.88884735107422,3548.333353303373
2020-05-08 08:00:00,49.47619438171387,2770.266839027405
2020-05-08 09:00:00,72.40567423216999,2735.6768391709775
2020-05-08 10:00:00,121.725002348423,2726.2765599619597
2020-05-08 11:00:00,134.97244625166059,3502.988066992257
2020-05-08 12:00:00,130.35016250610352,3167.8699298501015
2020-05-08 13:00:00,146.4652124941349,2724.4295173436403
2020-05-08 14:00:00,126.35471570491791,2387.203580826521
2020-05-08 15:00:00,116.74555468559265,1990.2804940193892
2020-05-08 16:00:00,52.45425605773926,813.4654991552234
2020-05-08 17:00:00,43.31564395874739,289.8223159313202
2020-05-08 18:00:00,18.575541752390563,260.32372066378593
2020-05-08 19:00:00,4.8424716386944056,155.81114415079355
2020-05-08 20:00:00,6.22801567427814,184.85150883346796
2020-05-08 21:00:00,12.52223950624466,316.46057299291715
2020-05-08 22:00:00,10.37368419766426,160.3941876143217
2020-05-08 23:00:00,20.07737398147583,263.05260372161865
2020-05-09 00:00:00,49.0128298997879,392.8325319439173
2020-05-09 01:00:00,62.14687395095825,493.9907657979056
2020-05-09 02:00:00,71.27740669250488,688.4883727133274
2020-05-09 03:00:00,63.24474906921387,689.4115134626627
2020-05-09 04:00:00,21.73444128036499,284.9455170035362
2020-05-09 05:00:00,5.768394857645035,227.3891436830163
2020-05-09 06:00:00,4.857748746871948,277.8038269430399
2020-05-09 07:00:00,3.3893982768058777,223.99532935023308
2020-05-09 08:00:00,4.019595921039581,221.70202401280403
2020-05-09 09:00:00,2.023195380344987,231.31779981777072
2020-05-09 10:00:00,1.644702346995473,277.5135346837342
2020-05-09 11:00:00,5.355731189250946,585.133901566267
2020-05-09 12:00:00,24.570948839187622,990.1382069587708
2020-05-09 13:00:00,68.86337385699153,1561.6259380280972
2020-05-09 14:00:00,120.46619987487793,2318.8741799741983
2020-05-09 15:00:00,158.86236190795898,3031.9867572784424
2020-05-09 16:00:00,251.08268416393548,4906.930837720633
2020-05-09 17:00:00,267.293906211853,5577.260983705521
2020-05-09 18:00:00,279.4784240722656,6156.2944321632385
2020-05-09 19:00:00,283.13817596435547,6714.595940589905
2020-05-09 20:00:00,236.02384185791016,7805.91032409668
2020-05-09 21:00:00,206.34634399414065,9002.953234434128
2020-05-09 22:00:00,218.27060890197754,8219.119470596313
2020-05-09 23:00:00,197.49781894683838,7222.579839706421
2020-05-10 00:00:00,130.17699229717255,6219.773395955563
2020-05-10 01:00:00,110.3955340385437,5176.9059247374535
2020-05-10 02:00:00,77.72616269811988,3956.8051972948015
2020-05-10 03:00:00,60.06448969244957,3266.8441633693874
2020-05-10 04:00:00,38.85270790755749,2507.7265322208405
2020-05-10 05:00:00,35.644784808158875,2211.8308726251125
2020-05-10 06:00:00,64.91638895869255,8000.17058455199
2020-05-10 07:00:00,66.22378063201904,19145.64278024435
2020-05-10 08:00:00,40.869782991707325,29651.372241541743
2020-05-10 09:00:00,241.87404823303223,37706.35281944275
2020-05-10 10:00:00,820.0694847106934,46881.1083946228
2020-05-10 11:00:00,949.7517166137695,52322.25994873047
2020-05-10 12:00:00,962.46337890625,53945.33068847656
2020-05-10 13:00:00,958.6118011474609,54435.01651763916
2020-05-10 14:00:00,963.1759185791016,54231.0871887207
2020-05-10 15:00:00,961.284782409668,54045.61873626709
2020-05-10 16:00:00,962.494255065918,53816.4363861084
2020-05-10 17:00:00,961.8616790771484,53872.21097564697
2020-05-10 18:00:00,961.9678649902344,54050.36070251465
2020-05-10 19:00:00,962.6000823974609,54004.73329925537
2020-05-10 20:00:00,963.2456970214844,54104.88718414307
2020-05-10 21:00:00,963.315673828125,54091.36993408203
2020-05-10 22:00:00,963.9613571166992,53953.9953918457
2020-05-10 23:00:00,963.3228759765625,53945.059883117676
2020-05-11 00:00:00,963.1718139648438,53934.240951538086
2020-05-11 01:00:00,964.1640625,53900.410095214844
2020-05-11 02:00:00,963.960090637207,53945.48313140869
2020-05-11 03:00:00,963.6554565429688,53970.05418395996
2020-05-11 04:00:00,964.4116134643555,54023.51988220215
2020-05-11 05:00:00,964.0143585205078,53863.93898773193
2020-05-11 06:00:00,963.8530502319336,53845.3994140625
2020-05-11 07:00:00,963.2639770507812,53770.39546203613
2020-05-11 08:00:00,963.622673034668,53877.547424316406
2020-05-11 09:00:00,963.8399276733398,53818.86918640137
2020-05-11 10:00:00,964.6472625732422,53818.795989990234
2020-05-11 11:00:00,961.0657424926758,53731.14537811279
2020-05-11 12:00:00,958.6125717163086,52943.532791137695
2020-05-11 13:00:00,963.4565963745117,50893.24634552002
2020-05-11 14:00:00,964.1982498168945,49453.659523010254
2020-05-11 15:00:00,963.2509918212891,50560.16606903076
2020-05-11 16:00:00,961.4599990844727,47959.71604156494
2020-05-11 17:00:00,951.1084594726562,45160.916259765625
2020-05-11 18:00:00,929.2059860229492,40333.571533203125
2020-05-11 19:00:00,850.3290863037109,34105.09160614014
2020-05-11 20:00:00,746.0730400085449,28000.571308135986
2020-05-11 21:00:00,636.9309883117676,24267.90496826172
2020-05-11 22:00:00,709.5599517822266,27554.174083709717
2020-05-11 23:00:00,620.0278282165527,23366.263027191162
2020-05-12 00:00:00,539.3637351989746,21946.41665649414
2020-05-12 01:00:00,483.28043365478516,18600.110538482666
2020-05-12 02:00:00,380.17280197143555,19026.431631088257
2020-05-12 03:00:00,326.7923622131348,21923.71394920349
2020-05-12 04:00:00,311.43928718566895,22117.53980255127
2020-05-12 05:00:00,293.2999391555786,24301.812395095825
2020-05-12 06:00:00,313.7155065536499,27107.80152606964
2020-05-12 07:00:00,340.19263076782227,24915.968082904816
2020-05-12 08:00:00,601.2573766708374,27845.08124232292
2020-05-12 09:00:00,651.3318786621094,27840.377823114395
2020-05-12 10:00:00,629.0001125335693,26108.73994064331
2020-05-12 11:00:00,640.8600959777832,20854.843202203512
2020-05-12 12:00:00,527.3601894378662,17516.192304328084
2020-05-12 13:00:00,562.1875858306885,17165.488648585975
2020-05-12 14:00:00,432.7814197540283,15438.098745096475
2020-05-12 15:00:00,344.67054748535156,12393.06673669815
2020-05-12 16:00:00,353.4827175140381,9945.783246517181
2020-05-12 17:00:00,361.52342224121094,9549.174392260611
2020-05-12 18:00:00,339.4111557006836,11985.521478109062
2020-05-12 19:00:00,432.89392852783203,14247.759275561199
2020-05-12 20:00:00,331.62179946899414,13477.521597910672
2020-05-12 21:00:00,258.76361656188965,13542.86610318441
2020-05-12 22:00:00,282.0786075592041,17419.191042251885
2020-05-12 23:00:00,284.7688789367676,15044.346167564392
2020-05-13 00:00:00,358.99264907836914,14549.690762996674
2020-05-13 01:00:00,407.2417755126953,21843.829582214355
2020-05-13 02:00:00,300.08867263793945,27495.468353271484
2020-05-13 03:00:00,199.1014747619629,29682.951659679413
2020-05-13 04:00:00,210.93965530395508,27540.393659591675
2020-05-13 05:00:00,167.4377212524414,27706.8242559433
2020-05-13 06:00:00,498.9816780090332,29728.495974063873
2020-05-13 07:00:00,536.1818962097168,27092.821628570557
2020-05-13 08:00:00,380.351993560791,26445.468368530273
2020-05-13 09:00:00,480.6116485595703,24658.488914489746
2020-05-13 10:00:00,815.9182891845703,27715.94696044922
2020-05-13 11:00:00,795.0915832519531,27060.433082580566
2020-05-13 12:00:00,729.4996566772461,25111.022552490234
2020-05-13 13:00:00,708.4030227661133,26638.627410888672
2020-05-13 14:00:00,690.0710754394531,25108.283126831055
2020-05-13 15:00:00,708.3208923339844,24633.27491760254
2020-05-13 16:00:00,732.0524139404297,24960.0791015625
2020-05-13 17:00:00,802.4465103149414,26530.769538879395
2020-05-13 18:00:00,806.1750564575194,26431.18399810791
2020-05-13 19:00:00,776.2489013671875,24435.453758239746
2020-05-13 20:00:00,711.1917724609375,21423.575561523438
2020-05-13 21:00:00,603.2727546691895,17754.35372543335
2020-05-13 22:00:00,598.8514366149902,22366.5285987854
2020-05-13 23:00:00,528.9042663574219,20221.670692443848
2020-05-14 00:00:00,487.3799858093262,18796.135677337646
2020-05-14 01:00:00,400.7738265991211,15388.716304779053
2020-05-14 02:00:00,384.83371353149414,15382.419876098633
2020-05-14 03:00:00,342.4888114929199,13789.578411102295
2020-05-14 04:00:00,315.23755073547363,11373.750625610352
2020-05-14 05:00:00,307.97777557373047,9694.112525939941
2020-05-14 06:00:00,254.03509902954102,7888.398096084595
2020-05-14 07:00:00,231.9563159942627,6076.01554107666
2020-05-14 08:00:00,170.85446166992188,4643.9953956604
2020-05-14 09:00:00,120.5385513305664,3373.0026988983154
2020-05-14 10:00:00,131.05267715454102,3660.2444133758545
2020-05-14 11:00:00,117.15085029602051,3097.96795463562
2020-05-14 12:00:00,98.52477645874023,3046.717444419861
2020-05-14 13:00:00,148.60713958740234,4535.811084747314
2020-05-14 14:00:00,171.69164657592773,5979.028211593628
2020-05-14 15:00:00,186.4269142150879,7132.016962051392
2020-05-14 16:00:00,190.86805725097656,7242.351051330566
2020-05-14 17:00:00,168.85865592956543,7483.783331871033
2020-05-14 18:00:00,153.66165733337402,7537.475095748901
2020-05-14 19:00:00,167.0499095916748,7421.470691680908
2020-05-14 20:00:00,127.80463218688965,5836.631714463234
2020-05-14 21:00:00,86.31772994995117,5325.837265968323
2020-05-14 22:00:00,103.44491004943848,6410.022085189819
2020-05-14 23:00:00,104.9945936203003,6539.899879693985
2020-05-15 00:00:00,112.9365382194519,7759.552171483636
2020-05-15 01:00:00,168.88457679748535,8478.192067109048
2020-05-15 02:00:00,240.544517993927,10687.978637218475
2020-05-15 03:00:00,283.35955476760864,13001.264919281006
2020-05-15 04:00:00,364.968656539917,12595.748328208923
2020-05-15 05:00:00,348.5957794189453,12166.935579299927
2020-05-15 06:00:00,302.45829010009766,11286.394866466522
2020-05-15 07:00:00,247.56177234649658,10126.937383435667
2020-05-15 08:00:00,174.0995261669159,7758.565764370374
2020-05-15 09:00:00,170.62667989730835,6016.629174773581
2020-05-15 10:00:00,152.3005335777998,7346.715780040249
2020-05-15 11:00:00,168.3754191705957,6047.8258095602505
2020-05-15 12:00:00,170.61706060171127,6575.5866749007255
2020-05-15 13:00:00,238.02826309204102,9464.122891420498
2020-05-15 14:00:00,253.7622036933899,10064.489495130256
2020-05-15 15:00:00,249.16196870803833,10099.086870919913
2020-05-15 16:00:00,283.5525155067444,8870.550842523575
2020-05-15 17:00:00,212.06094546057284,8960.514313607477
2020-05-15 18:00:00,209.4583921432495,9252.232736065984
2020-05-15 19:00:00,255.13710403442383,9605.393367227167
2020-05-15 20:00:00,217.7913122177124,8462.22863933444
2020-05-15 21:00:00,203.22777366638184,8622.171257823706
2020-05-15 22:00:00,241.96209239959717,8295.410347938538
2020-05-15 23:00:00,178.59512329101562,10094.022261355072
2020-05-16 00:00:00,208.15834045410156,13480.78760099411
2020-05-16 01:00:00,229.5880556106567,16720.752115249634
2020-05-16 02:00:00,252.14246559143066,18778.54993724823
2020-05-16 03:00:00,342.7035388946533,17665.55462551117
2020-05-16 04:00:00,423.8876762390137,16931.818128585815
2020-05-16 05:00:00,367.71251678466797,15237.547742843628
2020-05-16 06:00:00,348.77404403686523,13344.738082885742
2020-05-16 07:00:00,324.9586715698242,12994.842573165894
2020-05-16 08:00:00,202.92425918579102,15694.793739318848
2020-05-16 09:00:00,271.8708953857422,16634.913555145264
2020-05-16 10:00:00,288.5041618347168,14817.150705337524
2020-05-16 11:00:00,240.28470993041992,12674.842412948608
2020-05-16 12:00:00,202.28150367736816,11621.234407424927
2020-05-16 13:00:00,197.22830390930176,11607.87697982788
2020-05-16 14:00:00,249.68859481811523,17881.354862213135
2020-05-16 15:00:00,456.97616386413574,16591.35113040358
2020-05-16 16:00:00,273.8731269836426,10928.044007278979
2020-05-16 17:00:00,221.09033155441284,9706.562036046758
2020-05-16 18:00:00,262.20178985595703,9114.34125995636
2020-05-16 19:00:00,182.07605075836182,9669.64505815506
2020-05-16 20:00:00,138.00161600112915,10726.455938261002
2020-05-16 21:00:00,213.4062986373901,14839.125377841294
2020-05-16 22:00:00,212.52000999450684,15943.555653490126
2020-05-16 23:00:00,275.04403018951416,14763.848141564056
2020-05-17 00:00:00,264.76894760131836,16218.809975624084
2020-05-17 01:00:00,229.94662523269653,16483.082087516785
2020-05-17 02:00:00,259.4537878036499,17496.604736804962
2020-05-17 03:00:00,334.15021991729736,19163.386922836304
2020-05-17 04:00:00,326.31217765808105,16688.769247055054
2020-05-17 05:00:00,281.4770393371582,15614.990682601929
2020-05-17 06:00:00,225.9068832397461,13867.338834762573
2020-05-17 07:00:00,174.63213872909546,11503.613272190094
2020-05-17 08:00:00,199.32452249526978,12201.109847009182
2020-05-17 09:00:00,249.56667280197144,16118.736253142357
2020-05-17 10:00:00,282.17909717559814,17855.278946459293
2020-05-17 11:00:00,283.25753259658813,16989.493584752083
2020-05-17 12:00:00,323.4511375427246,18790.60562888533
2020-05-17 13:00:00,345.19459342956543,18629.06508231163
2020-05-17 14:00:00,379.06338024139404,21244.882875204086
2020-05-17 15:00:00,450.780818939209,24246.896542549133
2020-05-17 16:00:00,394.88710165023804,21455.45147562027
2020-05-17 17:00:00,302.3794050216675,19421.24132990837
2020-05-17 18:00:00,242.1593680381775,18900.668944597244
2020-05-17 19:00:00,297.885555267334,20609.875077724457
2020-05-17 20:00:00,431.44417572021484,21381.225321769714
2020-05-17 21:00:00,502.1485958099365,23118.213945388794
2020-05-17 22:00:00,533.4114093780518,23771.3904876709
2020-05-17 23:00:00,599.6285152435303,20424.38344192505
2020-05-18 00:00:00,645.5403671264648,16864.024322509766
2020-05-18 01:00:00,681.1459541320801,16522.201795578003
2020-05-18 02:00:00,475.88734245300293,14262.996807098389
2020-05-18 03:00:00,347.78578186035156,12480.338008880615
2020-05-18 04:00:00,244.6161231994629,9913.889457702637
2020-05-18 05:00:00,206.85092639923096,13111.66980266571
2020-05-18 06:00:00,249.02307891845703,16563.17886352539
2020-05-18 07:00:00,242.7893590927124,18842.460418701172
2020-05-18 08:00:00,319.07994079589844,19011.27191734314
2020-05-18 09:00:00,253.4565029144287,20550.433198928833
2020-05-18 10:00:00,279.4896697998047,20913.75199317932
2020-05-18 11:00:00,291.3254051208496,19191.241165161133
2020-05-18 12:00:00,321.1707534790039,21727.610708236694
2020-05-18 13:00:00,298.6252841949463,22643.767268180847
2020-05-18 14:00:00,335.40168952941895,20814.332918167114
2020-05-18 15:00:00,350.41060638427734,19923.688457489014
2020-05-18 16:00:00,262.1556167602539,18429.575191497803
2020-05-18 17:00:00,252.38824319839478,15220.005066558719
2020-05-18 18:00:00,224.62453532218933,15257.63198761642
2020-05-18 19:00:00,189.16385481879115,12183.216666013002
2020-05-18 20:00:00,128.1661722958088,8864.963376834989
2020-05-18 21:00:00,89.96601641178131,7713.820136845112
2020-05-18 22:00:00,108.33313071727753,9810.789573475253
2020-05-18 23:00:00,121.54326391220093,10343.157275825739
2020-05-19 00:00:00,145.59876084327698,10784.399126917124
2020-05-19 01:00:00,167.30718149989843,11942.15447190404
2020-05-19 02:00:00,145.76737880706787,10220.712135106325
2020-05-19 03:00:00,170.9912244081497,10538.156255960464
2020-05-19 04:00:00,191.32392120361328,10955.178376495838
2020-05-19 05:00:00,254.46731805801392,9460.941618844867
2020-05-19 06:00:00,255.90682715177536,8269.382270783186
2020-05-19 07:00:00,263.9743890762329,6174.430879995227
2020-05-19 08:00:00,251.18208885192868,4035.4671464413404
2020-05-19 09:00:00,131.40953850746155,2917.283487960696
2020-05-19 10:00:00,71.3149824142456,2611.061582803726
2020-05-19 11:00:00,67.9849443435669,2094.7896568775177
2020-05-19 12:00:00,43.40567588806152,2646.2833230495453
2020-05-19 13:00:00,31.419228553771973,1697.7640843763947
2020-05-19 14:00:00,24.439807176589966,2260.939864039421
2020-05-19 15:00:00,20.26077663898468,2916.1029483377934
2020-05-19 16:00:00,14.70354425907135,1781.4541718140244
2020-05-19 17:00:00,19.532711029052734,663.0621681809425
2020-05-19 18:00:00,4.0427100751549006,166.32343125529587
2020-05-19 19:00:00,0.0,16.99101848527789
2020-05-19 20:00:00,0.0,18.93471609055996
2020-05-19 21:00:00,0.0,23.391060024499893
2020-05-19 22:00:00,0.0,3.259068396408111
2020-05-19 23:00:00,0.0,140.07705662027
2020-05-20 00:00:00,0.0,492.83963570417836
2020-05-20 01:00:00,7.556124806404114,863.8901220187545
2020-05-20 02:00:00,5.682817533612251,691.0833992380649
2020-05-20 03:00:00,20.81529140472412,549.8273891478311
2020-05-20 04:00:00,9.17072343826294,449.3550835540518
2020-05-20 05:00:00,0.0,312.253892198205
2020-05-20 06:00:00,0.7336329221725464,229.04661994427443
2020-05-20 07:00:00,0.0,137.00443390011787
2020-05-20 08:00:00,0.0,23.05816251039505
2020-05-20 09:00:00,0.0,23.37553669512272
2020-05-20 10:00:00,0.0,33.10876123607159
2020-05-20 11:00:00,8.543441772460938,38.86071255803108
2020-05-20 12:00:00,9.531165599822998,72.32704886980355
2020-05-20 13:00:00,12.861925601959229,112.01808924973011
2020-05-20 14:00:00,6.396215915679932,439.09352634847164
2020-05-20 15:00:00,7.002808094024658,1170.6278158798814
2020-05-20 16:00:00,0.2678530216217041,1194.0381722152233
2020-05-20 17:00:00,0.0520237535238266,1057.4140740558505
2020-05-20 18:00:00,0.7432894520461558,1277.3358617909253
2020-05-20 19:00:00,15.424549102783203,1964.2964034080505
2020-05-20 20:00:00,42.52805948257446,3485.5873458981514
2020-05-20 21:00:00,67.87137937545776,6255.524252794683
2020-05-20 22:00:00,96.00203514099121,7935.1820884644985
2020-05-20 23:00:00,155.36529922485352,10229.415685653687
2020-05-21 00:00:00,221.12547302246094,12478.418395996094
2020-05-21 01:00:00,186.2372341156006,13527.459589004517
2020-05-21 02:00:00,182.15392684936523,14894.15737915039
2020-05-21 03:00:00,153.10986614227295,16537.803696632385
2020-05-21 04:00:00,125.9282922744751,17613.08581161499
2020-05-21 05:00:00,117.20972728729248,17762.627321243286
2020-05-21 06:00:00,158.3662509918213,17166.619212150574
2020-05-21 07:00:00,101.06739497184753,16350.370975255966
2020-05-21 08:00:00,75.95073390007019,15520.1363363266
2020-05-21 09:00:00,68.05963543057442,14199.707028342411
2020-05-21 10:00:00,115.70028305053711,12583.896054267883
2020-05-21 11:00:00,101.04071187973022,13218.344666779041
2020-05-21 12:00:00,63.1867733001709,13770.38833853975
2020-05-21 13:00:00,46.627580642700195,10923.243133321404
2020-05-21 14:00:00,91.16936874389648,10912.722649076488
2020-05-21 15:00:00,49.538373947143555,10357.434880333021
2020-05-21 16:00:00,60.47827911376953,5251.982920795679
2020-05-21 17:00:00,88.18401336669922,3731.9735108092427
2020-05-21 18:00:00,24.2132248878479,3548.422094747424
2020-05-21 19:00:00,58.06877517700195,2049.9203647375107
2020-05-21 20:00:00,125.12513732910156,1834.6983888149261
2020-05-21 21:00:00,276.04493433237076,2506.993179685436
2020-05-21 22:00:00,299.83975495863706,2578.0868065953255
2020-05-21 23:00:00,331.0498896688223,3973.0670159235597
2020-05-22 00:00:00,315.71503265574574,6032.32059264183
2020-05-22 01:00:00,628.1661319732666,8794.11725616455
2020-05-22 02:00:00,692.1707782745361,12286.910307884216
2020-05-22 03:00:00,711.9452705383301,16781.548585891724
2020-05-22 04:00:00,748.7088279724121,16900.173694610596
2020-05-22 05:00:00,743.4783782958983,21575.621101379395
2020-05-22 06:00:00,833.9582214355469,32298.475982666016
2020-05-22 07:00:00,681.2140884399414,46920.15062713623
2020-05-22 08:00:00,720.5800399780273,49745.90930175781
2020-05-22 09:00:00,895.9724960327148,52677.17894744873
2020-05-22 10:00:00,955.8927917480469,50632.53072357178
2020-05-22 11:00:00,959.9475402832031,47942.34380340576
2020-05-22 12:00:00,962.1397705078125,44927.948654174805
2020-05-22 13:00:00,954.2114181518555,47908.25124359131
2020-05-22 14:00:00,857.7911529541016,48435.20398712158
2020-05-22 15:00:00,830.3583450317383,47166.78331756592
2020-05-22 16:00:00,809.4739761352539,43425.42544555664
2020-05-22 17:00:00,802.6658706665039,40116.425521850586
2020-05-22 18:00:00,827.7733154296875,39580.85706329346
2020-05-22 19:00:00,721.2392196655273,40451.28810882568
2020-05-22 20:00:00,735.1482086181641,42740.43372344971
2020-05-22 21:00:00,731.0892868041992,45506.415031433105
2020-05-22 22:00:00,614.1079559326172,49217.75498199463
2020-05-22 23:00:00,626.6211471557617,49333.32118225098
2020-05-23 00:00:00,629.6085968017578,49311.85022735596
2020-05-23 01:00:00,616.1644592285156,49958.12823486328
2020-05-23 02:00:00,455.64301681518555,50406.8916053772
2020-05-23 03:00:00,591.9598693847656,50907.02194976807
2020-05-23 04:00:00,720.4829254150391,50305.80961608887
2020-05-23 05:00:00,731.89697265625,49648.43124771118
2020-05-23 06:00:00,741.3843841552734,50924.8461227417
2020-05-23 07:00:00,826.7842102050781,52395.434814453125
2020-05-23 08:00:00,835.8044204711914,52222.50290679932
2020-05-23 09:00:00,926.5535278320312,52569.58066558838
2020-05-23 10:00:00,951.9379577636719,52738.15005493164
2020-05-23 11:00:00,953.5395736694336,51171.80205535889
2020-05-23 12:00:00,959.2671279907227,51703.73198699951
2020-05-23 13:00:00,962.062370300293,53458.49116516113
2020-05-23 14:00:00,959.1556930541992,51542.16255187988
2020-05-23 15:00:00,960.0566177368164,51790.27405548096
2020-05-23 16:00:00,963.7555923461914,52795.35606384277
2020-05-23 17:00:00,963.1334915161133,51702.64685821533
2020-05-23 18:00:00,963.5794982910156,50065.81173706055
2020-05-23 19:00:00,962.4276580810547,48727.76251220703
2020-05-23 20:00:00,951.0488891601562,48539.25411224365
2020-05-23 21:00:00,953.6961517333984,47700.59893035889
2020-05-23 22:00:00,897.664436340332,50600.35778808594
2020-05-23 23:00:00,867.8044128417969,51720.84801483154
2020-05-24 00:00:00,953.6745834350586,52331.23709106445
2020-05-24 01:00:00,953.9554138183594,53080.80637359619
2020-05-24 02:00:00,957.8468399047852,53985.748458862305
2020-05-24 03:00:00,958.3045272827148,53992.11944580078
2020-05-24 04:00:00,943.9798583984375,53330.9084854126
2020-05-24 05:00:00,952.4383010864258,52875.857162475586
2020-05-24 06:00:00,932.3641510009766,52191.95541381836
2020-05-24 07:00:00,926.7075500488281,52280.38740539551
2020-05-24 08:00:00,940.6133041381836,51742.84654998779
2020-05-24 09:00:00,935.0923843383789,51621.593490600586
2020-05-24 10:00:00,929.6159515380859,51569.075340270996
2020-05-24 11:00:00,927.8424530029297,51731.2488861084
2020-05-24 12:00:00,908.7278518676758,51040.57345581055
2020-05-24 13:00:00,877.1635665893555,50460.39529418945
2020-05-24 14:00:00,845.7089004516602,49789.91327667236
2020-05-24 15:00:00,822.8557281494141,48398.88787460327
2020-05-24 16:00:00,801.2665328979492,45941.31003570557
2020-05-24 17:00:00,800.4941940307617,43495.70784950256
2020-05-24 18:00:00,710.2490272521973,39853.15886878967
2020-05-24 19:00:00,624.6749114990234,34547.94084632397
2020-05-24 20:00:00,666.9374160766602,25480.08581361547
2020-05-24 21:00:00,667.154411315918,18821.178052164614
2020-05-24 22:00:00,563.833423614502,20015.557933807373
2020-05-24 23:00:00,474.14147186279297,18202.48991203308
2020-05-25 00:00:00,432.1084899902344,18475.19503593445
2020-05-25 01:00:00,618.3420143127441,19476.07575986162
2020-05-25 02:00:00,587.1154479980469,17450.230992763303
2020-05-25 03:00:00,563.9582214355469,15905.109837219119
2020-05-25 04:00:00,596.1882743835449,12896.661574840546
2020-05-25 05:00:00,617.9325523376465,9794.031095847487
2020-05-25 06:00:00,527.0915184020996,6433.010291904211
2020-05-25 07:00:00,487.6243591308594,5461.092041015625
2020-05-25 08:00:00,295.9596405029297,3842.620592355728
2020-05-25 09:00:00,239.7388825416565,2906.193778216839
2020-05-25 10:00:00,133.45957779884338,1651.133017346263
2020-05-25 11:00:00,97.43357342481613,912.2262268215418
2020-05-25 12:00:00,78.52324279397726,628.1448627691716
2020-05-25 13:00:00,102.45606184005737,1116.4890545010567
2020-05-25 14:00:00,102.01507830619812,458.83868673443794
2020-05-25 15:00:00,69.74077688157558,327.48982709646225
2020-05-25 16:00:00,45.981755655258894,202.13409724086523
2020-05-25 17:00:00,43.56636606249958,170.43800397217274
2020-05-25 18:00:00,43.47768494859337,120.89559340197593
2020-05-25 19:00:00,9.253102257847786,104.54831454809755
2020-05-25 20:00:00,0.0,391.7214036360383
2020-05-25 21:00:00,0.0,690.4158877134323
2020-05-25 22:00:00,0.0,1050.0199942365289
2020-05-25 23:00:00,0.0,1999.2488814294338
2020-05-26 00:00:00,0.0,2694.7144333571196
2020-05-26 01:00:00,0.0,2936.576411217451
2020-05-26 02:00:00,0.0,3427.811028821394
2020-05-26 03:00:00,0.2852604123763739,3183.2218196284957
2020-05-26 04:00:00,5.001378357410431,3088.096012890339
2020-05-26 05:00:00,14.814046859741211,3224.1671380102634
2020-05-26 06:00:00,43.841041564941406,3981.0852594971657
2020-05-26 07:00:00,53.674757957458496,4847.908789634705
2020-05-26 08:00:00,57.42946529388428,5989.937529087067
2020-05-26 09:00:00,56.71658420562744,6169.690001964569
2020-05-26 10:00:00,65.13890886306763,4074.6225770413876
2020-05-26 11:00:00,61.75293546915054,2990.4937871862203
2020-05-26 12:00:00,49.90863013267517,2070.959375374019
2020-05-26 13:00:00,32.39197063446045,1485.8820824697614
2020-05-26 14:00:00,27.389835834503174,1882.7817289829254
2020-05-26 15:00:00,30.592668294906616,2928.421979904175
2020-05-26 16:00:00,48.384875774383545,3557.7724409103394
2020-05-26 17:00:00,54.451823234558105,3300.6112451553345
2020-05-26 18:00:00,46.26253700256348,3000.828059196472
2020-05-26 19:00:00,56.703232765197754,3116.1064274013042
2020-05-26 20:00:00,47.36962604522705,2278.1302347183228
2020-05-26 21:00:00,46.6190071105957,1596.0656994134188
2020-05-26 22:00:00,32.011688232421875,1247.7599596977234
2020-05-26 23:00:00,34.02852821350098,1055.7463861703873
2020-05-27 00:00:00,43.54097652435303,1170.2869079709053
2020-05-27 01:00:00,65.74801063537598,2072.9085341095924
2020-05-27 02:00:00,58.642709732055664,2811.0100291520357
2020-05-27 03:00:00,45.912391901016235,3098.2386115193367
2020-05-27 04:00:00,115.0300178527832,3372.222081899643
2020-05-27 05:00:00,101.69444847106934,3749.896927833557
2020-05-27 06:00:00,97.5564193725586,4279.829445838928
2020-05-27 07:00:00,125.46466445922852,4809.002734661102
2020-05-27 08:00:00,129.89090538024902,4256.842403411865
2020-05-27 09:00:00,115.25445175170898,3199.359588623047
2020-05-27 10:00:00,120.29063701629639,3123.406949043274
2020-05-27 11:00:00,198.2570743560791,3435.3455189466476
2020-05-27 12:00:00,240.12542724609375,3336.1525502204895
2020-05-27 13:00:00,248.42250633239746,4560.802354812622
2020-05-27 14:00:00,231.0332260131836,4106.378377318382
2020-05-27 15:00:00,289.0944366455078,4979.595033846796
2020-05-27 16:00:00,409.0336265563965,6900.376853108406
2020-05-27 17:00:00,387.34513092041016,7149.643526792526
2020-05-27 18:00:00,457.4734077453613,6633.2282691299915
2020-05-27 19:00:00,403.97476959228516,6562.6474903821945
2020-05-27 20:00:00,394.67938232421875,7998.539341174066
2020-05-27 21:00:00,377.98488998413086,8101.040380477905
2020-05-27 22:00:00,350.2027244567871,8605.450771331787
2020-05-27 23:00:00,308.6782455444336,7633.2620170116425
2020-05-28 00:00:00,243.1141414642334,6744.323574066162
2020-05-28 01:00:00,225.0563907623291,5378.767818450928
2020-05-28 02:00:00,230.38855934143066,4540.0660791397095
2020-05-28 03:00:00,198.47680854797363,3753.5635440424085
2020-05-28 04:00:00,157.72210025787354,2987.4456945061684
2020-05-28 05:00:00,145.45012950897217,2701.1674299240112
2020-05-28 06:00:00,129.9748134613037,2646.130139954388
2020-05-28 07:00:00,101.68818378448486,2399.7619981765747
2020-05-28 08:00:00,62.269071102142334,1781.8818699717522
2020-05-28 09:00:00,60.677982330322266,1118.8979153484106
2020-05-28 10:00:00,85.23170375823975,786.7354466170073
2020-05-28 11:00:00,113.31189727783203,1048.8906391859055
2020-05-28 12:00:00,131.26564979553223,1362.0783729106188
2020-05-28 13:00:00,124.11950922012329,1664.5147371292114
2020-05-28 14:00:00,164.8695249557495,2482.8754620552063
2020-05-28 15:00:00,216.25666427612305,3055.0926694869995
2020-05-28 16:00:00,226.404390335083,3664.035605855286
2020-05-28 17:00:00,233.5438232421875,3816.3430070877075
2020-05-28 18:00:00,221.45295524597168,3830.722313195467
2020-05-28 19:00:00,139.71345806121826,3711.7340784072876
2020-05-28 20:00:00,143.52953338623047,3730.215604327619
2020-05-28 21:00:00,152.42258739471436,3827.66751986742
2020-05-28 22:00:00,160.69645071029663,4205.656204327941
2020-05-28 23:00:00,128.8430986404419,3402.5893404483795
2020-05-29 00:00:00,130.03962516784668,3595.6911928653717
2020-05-29 01:00:00,87.73720026016235,2295.5612813830376
2020-05-29 02:00:00,110.3127908706665,2840.961063861847
2020-05-29 03:00:00,118.62049150466919,3196.4234285354614
2020-05-29 04:00:00,98.72089576721191,2636.2141542434692
2020-05-29 05:00:00,103.81846523284912,2928.738645553589
2020-05-29 06:00:00,123.7070541381836,3757.5232758522034
2020-05-29 07:00:00,90.56766510009766,2876.5182049274445
2020-05-29 08:00:00,74.98576736450195,2618.506549537182
2020-05-29 09:00:00,64.3580117225647,2528.048990249634
2020-05-29 10:00:00,61.68419885635376,2388.961326777935
2020-05-29 11:00:00,75.80514907836914,2562.8961250782013
2020-05-29 12:00:00,112.46572971343994,2658.7911272384226
2020-05-29 13:00:00,200.28720092773438,3317.990280151367
2020-05-29 14:00:00,241.9982032775879,4800.393186807632
2020-05-29 15:00:00,315.86621856689453,6592.296048998833
2020-05-29 16:00:00,372.05274200439453,7676.6647844314575
2020-05-29 17:00:00,388.8653984069824,9545.957982063293
2020-05-29 18:00:00,424.10729217529297,9793.632183074951
2020-05-29 19:00:00,446.879638671875,13164.175689697266
2020-05-29 20:00:00,458.7967109680176,13796.227886199951
2020-05-29 21:00:00,405.305362701416,13876.766269683838
2020-05-29 22:00:00,429.4080123901367,15807.434993743896
2020-05-29 23:00:00,422.0284118652344,16114.474113464355
2020-05-30 00:00:00,411.7647705078125,14422.126194000244
2020-05-30 01:00:00,314.49199295043945,14096.207851409912
2020-05-30 02:00:00,292.7821846008301,13993.84769821167
2020-05-30 03:00:00,274.6797981262207,12563.206771850586
2020-05-30 04:00:00,228.64367294311523,10861.88410949707
2020-05-30 05:00:00,216.56485557556152,9235.567111968994
2020-05-30 06:00:00,188.49285697937012,8108.969287872314
2020-05-30 07:00:00,174.2581386566162,7937.436901092529
2020-05-30 08:00:00,138.8987112045288,7718.999795913696
2020-05-30 09:00:00,114.80453109741211,8015.38796043396
2020-05-30 10:00:00,88.51781105995178,8259.421030044556
2020-05-30 11:00:00,122.65469360351562,6869.5790066719055
2020-05-30 12:00:00,176.74486923217773,6656.839638233185
2020-05-30 13:00:00,289.43566131591797,9702.656204223633
2020-05-30 14:00:00,428.8630180358887,12043.482406616211
2020-05-30 15:00:00,510.7991027832031,15157.4672164917
2020-05-30 16:00:00,535.3722915649414,16839.808841705322
2020-05-30 17:00:00,516.6689453125,17104.039627075195
2020-05-30 18:00:00,484.76012420654297,17175.297164916992
2020-05-30 19:00:00,531.4297523498535,17122.673294067383
2020-05-30 20:00:00,506.3096008300781,18553.424488067627
2020-05-30 21:00:00,435.26295471191406,20571.858222961426
2020-05-30 22:00:00,367.3957710266113,20501.666175842285
2020-05-30 23:00:00,328.4502716064453,20117.542823791504
2020-05-31 00:00:00,286.3181495666504,19033.454956054688
2020-05-31 01:00:00,239.38347625732422,14656.595254898071
2020-05-31 02:00:00,247.11213493347168,12373.398681640625
2020-05-31 03:00:00,196.85941886901855,11285.140846252441
2020-05-31 04:00:00,181.0497589111328,7303.845600388944
2020-05-31 05:00:00,161.9547004699707,4998.076844513416
2020-05-31 06:00:00,140.21801376342773,5076.997052669525
2020-05-31 07:00:00,105.89971923828125,5207.188277244568
2020-05-31 08:00:00,89.19236660003662,3877.307195663452
2020-05-31 09:00:00,111.31483745574951,4748.969886779785
2020-05-31 10:00:00,150.72277450561523,4930.375720024109
2020-05-31 11:00:00,262.64627838134766,7335.564998626709
2020-05-31 12:00:00,338.12663650512695,8263.719038009644
2020-05-31 13:00:00,423.8664436340332,11280.433074951172
2020-05-31 14:00:00,539.203540802002,15613.610946655273
2020-05-31 15:00:00,624.2822189331055,20524.759342193604
2020-05-31 16:00:00,812.5879135131836,23721.14111328125
2020-05-31 17:00:00,904.0253829956055,25956.92293548584
2020-05-31 18:00:00,880.907585144043,27324.131340026855
2020-05-31 19:00:00,669.8595657348633,28581.998237609863
2020-05-31 20:00:00,503.9739990234375,28758.290496826172
2020-05-31 21:00:00,489.8371810913086,27027.0499458313
2020-05-31 22:00:00,594.0315704345703,25523.340934753418
2020-05-31 23:00:00,637.5961761474609,24045.178916931152
2020-06-01 00:00:00,700.773624420166,23120.17565536499
2020-06-01 01:00:00,557.3616771697998,21596.090698242188
2020-06-01 02:00:00,469.3087348937988,20173.519580841064
2020-06-01 03:00:00,373.74189376831055,18537.549364089966
2020-06-01 04:00:00,290.451322555542,18496.73427772522
2020-06-01 05:00:00,321.89305114746094,17915.596221923828
2020-06-01 06:00:00,384.6813545227051,18924.29041671753
2020-06-01 07:00:00,417.9611072540283,18349.10821914673
2020-06-01 08:00:00,502.06713676452637,15451.041849136353
2020-06-01 09:00:00,563.1810703277588,14966.426652908325
2020-06-01 10:00:00,476.26794242858887,16609.16394996643
2020-06-01 11:00:00,409.2498531341553,15364.401411056519
2020-06-01 12:00:00,412.0950765609741,14339.490048408508
2020-06-01 13:00:00,561.7269649505615,16530.90912628174
2020-06-01 14:00:00,458.9296112060547,14948.502576828003
2020-06-01 15:00:00,597.6121215820312,15159.083602905273
2020-06-01 16:00:00,529.2099266052246,16106.226551055908
2020-06-01 17:00:00,552.6666564941406,16347.442943572998
2020-06-01 18:00:00,534.108226776123,16691.369590759277
2020-06-01 19:00:00,613.2968635559082,18302.3597946167
2020-06-01 20:00:00,591.9867782592773,18752.468061447144
2020-06-01 21:00:00,465.78041648864746,18269.393615722656
2020-06-01 22:00:00,492.41758728027344,18846.94440460205
2020-06-01 23:00:00,390.0807113647461,18372.210216522217
2020-06-02 00:00:00,234.8264274597168,15235.273611068726
2020-06-02 01:00:00,135.29513359069824,10325.92186832428
2020-06-02 02:00:00,101.83910465240479,6559.674673080444
2020-06-02 03:00:00,78.88877534866333,4788.254731908441
2020-06-02 04:00:00,66.93064069747925,2660.6300452947617
2020-06-02 05:00:00,67.78931903839111,2466.133985593915
2020-06-02 06:00:00,62.77255439758301,2124.0093327611685
2020-06-02 07:00:00,45.49010932445526,1460.032476702705
2020-06-02 08:00:00,41.995046615600586,1121.627048164606
2020-06-02 09:00:00,29.02249813079834,1060.304173687473
2020-06-02 10:00:00,28.5693941116333,376.9836963247508
2020-06-02 11:00:00,25.236115783452988,638.5371935144067
2020-06-02 12:00:00,37.63035488128662,682.1886758208275
2020-06-02 13:00:00,36.42610168457031,797.4035578817129
2020-06-02 14:00:00,28.652783393859863,1043.174109622836
2020-06-02 15:00:00,43.78717565536499,1280.976984590292
2020-06-02 16:00:00,59.29419708251953,1630.8822630941868
2020-06-02 17:00:00,61.82702827453613,2451.140123605728
2020-06-02 18:00:00,86.40058422088623,3548.118908047676
2020-06-02 19:00:00,123.33009147644043,4004.018412590027
2020-06-02 20:00:00,130.2430543899536,4498.232086181641
2020-06-02 21:00:00,132.2768268585205,4684.875868797302
2020-06-02 22:00:00,124.54761075973511,4570.394686698914
2020-06-02 23:00:00,197.58640909194946,5231.771018981934
2020-06-03 00:00:00,176.95527839660645,5690.2813720703125
2020-06-03 01:00:00,162.8900661468506,5739.706274986267
2020-06-03 02:00:00,249.53255653381348,6608.126448392868
2020-06-03 03:00:00,299.7451972961426,7212.24945807457
2020-06-03 04:00:00,357.9593200683594,8389.82514333725
2020-06-03 05:00:00,517.4466094970703,10653.632627487183
2020-06-03 06:00:00,586.2167091369629,11764.815665245056
2020-06-03 07:00:00,632.0501117706298,13561.454538345337
2020-06-03 08:00:00,689.2720527648926,15368.170944213867
2020-06-03 09:00:00,663.1238899230957,15298.100721359253
2020-06-03 10:00:00,646.0759563446045,16481.711368083954
2020-06-03 11:00:00,695.959659576416,17231.99834871292
2020-06-03 12:00:00,756.6253814697266,18144.025961875916
2020-06-03 13:00:00,773.0129852294922,18984.21014022827
2020-06-03 14:00:00,782.7118835449219,18655.859325408936
2020-06-03 15:00:00,821.713062286377,18975.109687805176
2020-06-03 16:00:00,820.4342041015625,20108.070251464844
2020-06-03 17:00:00,857.3294906616211,22489.66693878174
2020-06-03 18:00:00,826.3290863037109,24210.506660461426
2020-06-03 19:00:00,874.3423538208008,29217.05934906006
2020-06-03 20:00:00,912.9627838134766,28454.85659790039
2020-06-03 21:00:00,921.4002456665039,27855.593864440918
2020-06-03 22:00:00,890.7595291137695,30348.50080871582
2020-06-03 23:00:00,913.3092575073242,27275.0772857666
2020-06-04 00:00:00,871.3334197998047,25383.772491455078
2020-06-04 01:00:00,867.3652954101562,21070.5132522583
2020-06-04 02:00:00,834.785530090332,21209.305625915527
2020-06-04 03:00:00,719.4316864013672,22173.408889770508
2020-06-04 04:00:00,672.6827278137207,20386.427883148193
2020-06-04 05:00:00,551.3974990844727,22809.1742477417
2020-06-04 06:00:00,599.6313247680664,23123.851917266846
2020-06-04 07:00:00,452.63842391967773,23981.70281982422
2020-06-04 08:00:00,368.21063137054443,22903.843770980835
2020-06-04 09:00:00,361.0107169151306,23219.561301231384
2020-06-04 10:00:00,353.7436512708664,33818.555285692215
2020-06-04 11:00:00,510.4772644042969,35695.366817474365
2020-06-04 12:00:00,686.8601303100586,35020.669425964355
2020-06-04 13:00:00,632.1762847900391,35764.35580825806
2020-06-04 14:00:00,545.9861526489258,32175.047733306885
2020-06-04 15:00:00,691.3106231689453,31164.41802215576
2020-06-04 16:00:00,869.0459518432617,31269.26752471924
2020-06-04 17:00:00,855.0060577392578,27600.56820678711
2020-06-04 18:00:00,767.5155792236328,26395.35919189453
2020-06-04 19:00:00,653.8928718566895,25521.190628051758
2020-06-04 20:00:00,485.9957275390625,22280.940467834473
2020-06-04 21:00:00,491.5625801086426,20620.04658317566
2020-06-04 22:00:00,592.0878601074219,22164.97817993164
2020-06-04 23:00:00,550.7768135070801,20770.556396484375
2020-06-05 00:00:00,457.9934482574463,21790.433294296265
2020-06-05 01:00:00,459.2738456726074,15578.397527694702
2020-06-05 02:00:00,336.92223072052,13606.150364875793
2020-06-05 03:00:00,352.0092432498932,11381.783974342048
2020-06-05 04:00:00,316.05750799179077,11806.796984642744
2020-06-05 05:00:00,327.4072723388672,13260.293997764587
2020-06-05 06:00:00,341.8352394104004,13014.928193092346
2020-06-05 07:00:00,350.0505485534668,9140.10570526123
2020-06-05 08:00:00,241.02115440368652,8591.44598865509
2020-06-05 09:00:00,225.68592071533203,10176.148085281253
2020-06-05 10:00:00,468.78625869750977,11650.202852725983
2020-06-05 11:00:00,749.8616409301758,17952.315276145935
2020-06-05 12:00:00,764.3193778991699,26582.58046722412
2020-06-05 13:00:00,445.1286277770996,27920.466526031494
2020-06-05 14:00:00,863.7079925537109,30814.68891143799
2020-06-05 15:00:00,875.7222671508789,29405.662185668945
2020-06-05 16:00:00,746.6861114501953,27613.138345718384
2020-06-05 17:00:00,434.58885955810547,27584.239921569824
2020-06-05 18:00:00,471.74123764038086,31465.19528579712
2020-06-05 19:00:00,862.289421081543,28882.202098846436
2020-06-05 20:00:00,829.455810546875,29356.64989042282
2020-06-05 21:00:00,826.0235824584961,32170.10605430603
2020-06-05 22:00:00,845.3045196533203,40630.03631591797
2020-06-05 23:00:00,916.5228424072266,43321.49156188965
2020-06-06 00:00:00,693.7880411148071,46463.80974197388
2020-06-06 01:00:00,864.5200042724609,45456.07498931885
2020-06-06 02:00:00,826.6217803955078,44317.32995605469
2020-06-06 03:00:00,858.452018737793,44323.803718566895
2020-06-06 04:00:00,944.4555892944336,45344.63632965088
2020-06-06 05:00:00,955.2415618896484,44439.504653930664
2020-06-06 06:00:00,950.4459609985352,41556.197410583496
2020-06-06 07:00:00,962.0725708007812,37880.9467086792
2020-06-06 08:00:00,960.4136581420898,37993.77699279785
2020-06-06 09:00:00,963.5841903686523,37947.58110046387
2020-06-06 10:00:00,963.9989547729492,38101.26904296875
2020-06-06 11:00:00,963.6104583740234,37790.034355163574
2020-06-06 12:00:00,964.1762466430664,40377.66720581055
2020-06-06 13:00:00,963.3200912475586,39966.015617370605
2020-06-06 14:00:00,963.0422515869141,37290.624824523926
2020-06-06 15:00:00,963.5670852661133,31649.038864135742
2020-06-06 16:00:00,956.5952377319336,25971.80280971527
2020-06-06 17:00:00,940.0548629760742,23976.866992354393
2020-06-06 18:00:00,910.2402572631836,22513.777623176575
2020-06-06 19:00:00,786.6679611206055,18772.66537618637
2020-06-06 20:00:00,595.2731399536133,18353.969309329987
2020-06-06 21:00:00,721.6504669189453,18334.900150686502
2020-06-06 22:00:00,956.2483367919922,18728.764450073242
2020-06-06 23:00:00,960.6655807495117,18952.747539520264
2020-06-07 00:00:00,935.353042602539,22857.35060119629
2020-06-07 01:00:00,938.1643524169922,21692.26021194458
2020-06-07 02:00:00,929.2802200317383,24381.987899780273
2020-06-07 03:00:00,929.325927734375,23581.065223693848
2020-06-07 04:00:00,751.6117706298828,20536.246170043945
2020-06-07 05:00:00,646.6453170776367,15382.86281967163
2020-06-07 06:00:00,428.5094108581543,12782.968467712402
2020-06-07 07:00:00,303.4233589172363,15286.029873535037
2020-06-07 08:00:00,223.35380744934082,12869.345024108887
2020-06-07 09:00:00,261.82583236694336,10213.892370223999
2020-06-07 10:00:00,445.4811592102051,12778.273122310638
2020-06-07 11:00:00,534.4651489257812,13278.809440463781
2020-06-07 12:00:00,407.4101676940918,11215.717635273933
2020-06-07 13:00:00,306.36884689331055,8568.808660507202
2020-06-07 14:00:00,227.44521063566208,8135.780331254005
2020-06-07 15:00:00,349.7220039367676,9097.224503606558
2020-06-07 16:00:00,335.6589546203613,8922.455496311188
2020-06-07 17:00:00,245.1505584716797,9110.178340017796
2020-06-07 18:00:00,167.11996841430664,8087.110226668417
2020-06-07 19:00:00,125.14809799194336,6651.782952308655
2020-06-07 20:00:00,126.96522521972656,6379.1361113116145
2020-06-07 21:00:00,122.48312568664552,7600.222443640232
2020-06-07 22:00:00,108.65291756391525,7409.022628724575
2020-06-07 23:00:00,102.22072982788086,10437.596221923828
2020-06-08 00:00:00,78.98035049438477,14211.145357131958
2020-06-08 01:00:00,53.82341384887695,15219.896716043353
2020-06-08 02:00:00,59.90871047973633,18358.782560944557
2020-06-08 03:00:00,36.635931968688965,18008.361615419388
2020-06-08 04:00:00,29.26552963256836,18942.29692029953
2020-06-08 05:00:00,55.17632865905762,19899.538756370544
2020-06-08 06:00:00,61.85682955570519,20655.151389569044
2020-06-08 07:00:00,26.003865733742714,21039.213082313538
2020-06-08 08:00:00,36.7781879901886,19562.431982398033
2020-06-08 09:00:00,72.76438331604004,18356.819889068604
2020-06-08 10:00:00,244.41580867767334,18901.036224365234
2020-06-08 11:00:00,469.05115127563477,17258.042346954346
2020-06-08 12:00:00,496.6553421020508,17224.001125335693
2020-06-08 13:00:00,604.124626159668,18371.73030090332
2020-06-08 14:00:00,516.5167922973633,15561.02993774414
2020-06-08 15:00:00,454.10123443603516,14151.62752532959
2020-06-08 16:00:00,410.9695129394531,12062.69164276123
2020-06-08 17:00:00,431.92881774902344,12029.010974884033
2020-06-08 18:00:00,426.53729248046875,12350.778450012207
2020-06-08 19:00:00,360.34724044799805,12060.405086517334
2020-06-08 20:00:00,327.43405532836914,10080.748260498047
2020-06-08 21:00:00,263.82718658447266,7606.910022735596
2020-06-08 22:00:00,253.42789459228516,7839.011543273926
2020-06-08 23:00:00,168.3894214630127,4703.75931930542
2020-06-09 00:00:00,109.61125373840332,2784.4427919387817
2020-06-09 01:00:00,77.09672737121582,1853.0370025634766
2020-06-09 02:00:00,53.722848892211914,1930.3897562026978
2020-06-09 03:00:00,48.031729221343994,1531.95765209198
2020-06-09 04:00:00,50.55901527404785,1394.4956455230713
2020-06-09 05:00:00,56.30047035217285,1489.677264213562
2020-06-09 06:00:00,40.34871554374695,1565.6549611091614
2020-06-09 07:00:00,26.22928285598755,1143.0344190597534
2020-06-09 08:00:00,15.147080898284912,466.44759595394135
2020-06-09 09:00:00,16.64431142807007,254.0627265125513
2020-06-09 10:00:00,15.077324151992798,378.1885914802551
2020-06-09 11:00:00,13.445871353149414,236.55747139453888
2020-06-09 12:00:00,20.363054752349854,164.66872689127922
2020-06-09 13:00:00,24.270400524139404,174.65660071372986
2020-06-09 14:00:00,26.082064628601074,204.4972399175167
2020-06-09 15:00:00,30.705117225646973,243.85509699583054
2020-06-09 16:00:00,35.74966526031494,345.81720238924026
2020-06-09 17:00:00,31.489554405212402,269.5890450417064
2020-06-09 18:00:00,32.10061073303223,226.86909639835358
2020-06-09 19:00:00,29.416359424591064,188.79385237395763
2020-06-09 20:00:00,29.19464111328125,151.26547591015697
2020-06-09 21:00:00,23.909207820892334,133.70977463573217
2020-06-09 22:00:00,15.56860899925232,91.80822028964758
2020-06-09 23:00:00,16.464930295944214,156.14003363251686
2020-06-10 00:00:00,12.86744213104248,145.60767701268196
2020-06-10 01:00:00,6.210902564227581,36.49201485514641
2020-06-10 02:00:00,0.8507549166679382,14.77963957679458
2020-06-10 03:00:00,0.47646265104413027,27.888164948672056
2020-06-10 04:00:00,1.2653509331867099,10.469711325364186
2020-06-10 05:00:00,3.8255477249622345,10.197205227334052
2020-06-10 06:00:00,32.25927972793579,49.18021751847118
2020-06-10 07:00:00,26.861361622810364,175.4863112512976
2020-06-10 08:00:00,37.10911685228348,757.4224393740296
2020-06-10 09:00:00,47.0438726246357,913.2553855478764
2020-06-10 10:00:00,87.00177001953125,1146.268139526248
2020-06-10 11:00:00,75.06901353597641,1925.0458682850003
2020-06-10 12:00:00,58.88412222266198,2131.343882486224
2020-06-10 13:00:00,42.00668519735336,3029.464251693338
2020-06-10 14:00:00,63.44363892450929,3598.060847037472
2020-06-10 15:00:00,113.9697265625,3884.1064215935767
2020-06-10 16:00:00,144.610072594136,3734.4313423782587
2020-06-10 17:00:00,142.49788743257523,5726.462916821241
2020-06-10 18:00:00,169.6092176437378,9145.301842778921
2020-06-10 19:00:00,162.93733114004135,10226.389211259782
2020-06-10 20:00:00,219.77032327651978,15107.736456871033
2020-06-10 21:00:00,322.2825698852539,15568.529851913452
2020-06-10 22:00:00,435.9324531555176,18238.476091384888
2020-06-10 23:00:00,575.4733543395996,19447.414297103882
2020-06-11 00:00:00,445.6227111816406,20013.697889328003
2020-06-11 01:00:00,462.8878288269043,17170.369618415833
2020-06-11 02:00:00,462.56909942626953,19805.26850128174
2020-06-11 03:00:00,513.9013080596924,22828.38148498535
2020-06-11 04:00:00,464.4027805328369,24921.583364486694
2020-06-11 05:00:00,654.565071105957,27109.38053894043
2020-06-11 06:00:00,704.1481246948242,29709.28973007202
2020-06-11 07:00:00,721.5084190368652,30149.376901626587
2020-06-11 08:00:00,706.3356189727783,30956.982807159424
2020-06-11 09:00:00,708.8171005249023,34020.98429107666
2020-06-11 10:00:00,762.9157218933105,35226.48510360718
2020-06-11 11:00:00,809.2635650634766,40324.55174636841
2020-06-11 12:00:00,736.062629699707,41759.84741592407
2020-06-11 13:00:00,662.2779350280762,41968.04622173309
2020-06-11 14:00:00,557.4178519248961,39814.7224316597
2020-06-11 15:00:00,567.092209815979,39600.889760017395
2020-06-11 16:00:00,584.5782523155212,40113.52755022049
2020-06-11 17:00:00,513.9714846611023,38730.336524009705
2020-06-11 18:00:00,289.1144394874573,37017.34300227463
2020-06-11 19:00:00,315.6235771179199,33586.95581626892
2020-06-11 20:00:00,370.12208557128906,29863.140184402466
2020-06-11 21:00:00,395.3571662902832,28583.43869781494
2020-06-11 22:00:00,555.8402442932129,28265.994834899902
2020-06-11 23:00:00,726.9846229553223,29461.14848136902
2020-06-12 00:00:00,621.2095413208008,29095.50684738159
2020-06-12 01:00:00,437.7808589935303,21923.899196624756
2020-06-12 02:00:00,683.9106960296631,18935.688234329224
2020-06-12 03:00:00,688.5295867919922,20356.96803665161
2020-06-12 04:00:00,714.3977108001709,26664.802669525146
2020-06-12 05:00:00,637.0261688232422,30417.400066375732
2020-06-12 06:00:00,576.6409568786621,34544.40523338318
2020-06-12 07:00:00,602.444522857666,33997.48914718628
2020-06-12 08:00:00,409.8147163391113,33932.00237083435
2020-06-12 09:00:00,264.69358825683594,29322.01739501953
2020-06-12 10:00:00,265.1146240234375,25770.875270843506
2020-06-12 11:00:00,253.49335289001465,22981.917850494385
2020-06-12 12:00:00,246.01962280273438,20291.1717338562
2020-06-12 13:00:00,231.5934019088745,18327.417943954468
2020-06-12 14:00:00,249.71153029426935,16211.768347740173
2020-06-12 15:00:00,343.69776980578905,17828.14603614807
2020-06-12 16:00:00,494.2625617980957,19071.171992778778
2020-06-12 17:00:00,533.0727663040161,19929.109783172607
2020-06-12 18:00:00,559.5359296798706,21968.064554214478
2020-06-12 19:00:00,428.00763511657715,20063.655309438705
2020-06-12 20:00:00,458.73985862731934,18038.82129728794
2020-06-12 21:00:00,508.2187385559082,18589.495948281605
2020-06-12 22:00:00,589.660966873169,23335.445494651794
2020-06-12 23:00:00,699.6673192977905,26277.73300933838
2020-06-13 00:00:00,665.3443756103516,28277.012585639954
2020-06-13 01:00:00,622.5733141899109,18812.18990278244
2020-06-13 02:00:00,562.8734107017517,17470.806649796665
2020-06-13 03:00:00,390.22503435611725,14956.816492376849
2020-06-13 04:00:00,373.93146672844887,15355.180939525366
2020-06-13 05:00:00,319.2183352559805,16853.56221511215
2020-06-13 06:00:00,309.6791568994522,14672.33293056488
2020-06-13 07:00:00,229.27954204380512,10745.374988615513
2020-06-13 08:00:00,307.9361027032137,10594.659925878048
2020-06-13 09:00:00,308.3360876142978,8877.25070309639
2020-06-13 10:00:00,134.30556869506836,8018.891816616058
2020-06-13 11:00:00,149.03593063354492,5377.002056978643
2020-06-13 12:00:00,63.70779587700963,4277.311194430105
2020-06-13 13:00:00,105.94415760040283,2008.9054070413113
2020-06-13 14:00:00,164.3031177520752,1730.921551167965
2020-06-13 15:00:00,108.91487121582031,2444.513310611248
2020-06-13 16:00:00,159.83603477478027,2367.13406085968
2020-06-13 17:00:00,133.0800154209137,3005.7641315460205
2020-06-13 18:00:00,185.34161692857742,4024.7153244018555
2020-06-13 19:00:00,168.22836273163557,4405.188782215118
2020-06-13 20:00:00,133.34313869476318,3799.617486000061
2020-06-13 21:00:00,103.54171872138978,3851.4675703048706
2020-06-13 22:00:00,144.6598847657442,3287.444974541664
2020-06-13 23:00:00,94.09169054031372,3819.4631340503693
2020-06-14 00:00:00,106.55565118789673,6563.710149049759
2020-06-14 01:00:00,70.72326719760895,5094.296962223947
2020-06-14 02:00:00,134.67425060272217,3335.153701029718
2020-06-14 03:00:00,190.6071319580078,3694.473573923111
2020-06-14 04:00:00,145.3917237818241,5754.92801502347
2020-06-14 05:00:00,127.13858077302575,4875.760713394731
2020-06-14 06:00:00,55.12743877619505,2416.5384064614773
2020-06-14 07:00:00,53.63633103854954,1759.5735924243927
2020-06-14 08:00:00,47.11240100860596,1756.5332758128643
2020-06-14 09:00:00,20.389843225479126,2167.445876121521
2020-06-14 10:00:00,123.57473278045654,2794.8590778522193
2020-06-14 11:00:00,157.93970918655396,3808.907780274749
2020-06-14 12:00:00,123.33319795131683,3769.7977279424667
2020-06-14 13:00:00,169.59350504213944,3634.9888955437345
2020-06-14 14:00:00,75.07974165678024,2171.485978499055
2020-06-14 15:00:00,25.417807459831238,1453.6121182143688
2020-06-14 16:00:00,33.07682943344116,1299.1885849535465
2020-06-14 17:00:00,18.33636519312859,1059.575041770935
2020-06-14 18:00:00,3.657013237476349,532.7035784721375
2020-06-14 19:00:00,1.239490568637848,184.46866758540273
2020-06-14 20:00:00,27.803011738229543,486.15846079587936
2020-06-14 21:00:00,74.00164720416069,678.1517307385802
2020-06-14 22:00:00,37.41313409805298,1023.918509490788
2020-06-14 23:00:00,84.1291275024414,2128.9171690940857
2020-06-15 00:00:00,73.07330220937729,2602.409873701632
2020-06-15 01:00:00,55.439476419240236,3831.590189933777
2020-06-15 02:00:00,49.66042852401734,4132.646779000759
2020-06-15 03:00:00,69.34957981109619,4913.755072206259
2020-06-15 04:00:00,86.80369472503662,5114.716579601169
2020-06-15 05:00:00,62.02136611938476,4701.353410646319
2020-06-15 06:00:00,51.51838397979736,4423.281218165765
2020-06-15 07:00:00,74.56639385223389,4553.046044558287
2020-06-15 08:00:00,77.11536967754364,3824.2458624383435
2020-06-15 09:00:00,57.45424539595842,3369.4929698184133
2020-06-15 10:00:00,38.566972732543945,3823.901541605592
2020-06-15 11:00:00,20.22520673274994,2400.5050917230546
2020-06-15 12:00:00,5.313757450319827,1702.0639400705695
2020-06-15 13:00:00,3.3793548345565796,1392.7591978814453
2020-06-15 14:00:00,2.192128419876098,1078.7976799854077
2020-06-15 15:00:00,0.1537524610757827,1253.4935134956613
2020-06-15 16:00:00,10.630309086292982,595.6641329526901
2020-06-15 17:00:00,21.847205877304077,427.33842922002077
2020-06-15 18:00:00,8.948537826538086,326.17981315776706
2020-06-15 19:00:00,0.0961285829544067,381.2668864428997
2020-06-15 20:00:00,0.0,349.516570776701
2020-06-15 21:00:00,0.0,254.16798136383295
2020-06-15 22:00:00,0.0,347.44342970848083
2020-06-15 23:00:00,0.0,489.8004904985428
2020-06-16 00:00:00,0.0,485.99489536881447
2020-06-16 01:00:00,0.0,295.57354602217674
2020-06-16 02:00:00,0.0,261.3186048343778
2020-06-16 03:00:00,0.6550902128219604,168.1166598200798
2020-06-16 04:00:00,0.0,111.99115452170372
2020-06-16 05:00:00,0.0,90.94192433357239
2020-06-16 06:00:00,0.0,48.35082657635211
2020-06-16 07:00:00,0.0,57.94159045815468
2020-06-16 08:00:00,0.0425546132028102,74.8110123872757
2020-06-16 09:00:00,0.0086276978254318,94.43108393764123
2020-06-16 10:00:00,0.0417443271726369,48.931306693702936
2020-06-16 11:00:00,1.1150179356336594,102.39302784763277
2020-06-16 12:00:00,0.4809887111186981,217.28606992401183
2020-06-16 13:00:00,4.762535572052002,99.38108812225983
2020-06-16 14:00:00,29.28858470916748,294.25621517188847
2020-06-16 15:00:00,34.69486264884472,463.63801696896553
2020-06-16 16:00:00,23.265496730804443,598.8344243168831
2020-06-16 17:00:00,24.603460550308228,569.5347203910351
2020-06-16 18:00:00,31.110752820968628,613.2274218741804
2020-06-16 19:00:00,15.997762382030487,314.21057396940887
2020-06-16 20:00:00,17.298101782798767,525.2830740809441
2020-06-16 21:00:00,51.264309883117676,840.7691031694412
2020-06-16 22:00:00,56.09602355957031,940.7495607063174
2020-06-16 23:00:00,71.58069610595703,1440.3078568652272
2020-06-17 00:00:00,58.15576457977295,1224.4855930600315
2020-06-17 01:00:00,48.43723104149103,828.8302126228809
2020-06-17 02:00:00,56.64491701126099,1008.6187373176217
2020-06-17 03:00:00,62.422450657002635,1087.0212610820308
2020-06-17 04:00:00,56.975955963134766,1387.8078581094742
2020-06-17 05:00:00,44.2475950345397,1682.7179250977933
2020-06-17 06:00:00,43.027787991799414,1641.620243549347
2020-06-17 07:00:00,5.965350326150656,883.6531353592873
2020-06-17 08:00:00,1.9547227285802364,702.8918405473232
2020-06-17 09:00:00,12.174133777618408,537.1813209690154
2020-06-17 10:00:00,1.6868184804916382,853.2491040229797
2020-06-17 11:00:00,13.581288620829582,733.7093749567866
2020-06-17 12:00:00,84.12426710128784,1328.9781304597855
2020-06-17 13:00:00,161.21366500854492,2036.045426428318
2020-06-17 14:00:00,236.63115692138672,3694.9997899234295
2020-06-17 15:00:00,251.11767959594727,4632.5478546619415
2020-06-17 16:00:00,340.1967124938965,6718.709486722946
2020-06-17 17:00:00,326.74842834472656,7768.818662643433
2020-06-17 18:00:00,361.00979232788086,8147.613380432129
2020-06-17 19:00:00,393.16021728515625,7924.623273849487
2020-06-17 20:00:00,334.3168640136719,9672.67064857483
2020-06-17 21:00:00,454.4834098815918,10469.732452392578
2020-06-17 22:00:00,324.11540699005127,11937.223541259766
2020-06-17 23:00:00,292.77459359169006,11131.894404411316
2020-06-18 00:00:00,309.89571726322174,11345.710025787354
2020-06-18 01:00:00,353.6887412071228,12311.654829263687
2020-06-18 02:00:00,331.21519470214844,14194.128974437714
2020-06-18 03:00:00,279.9495544433594,16956.70426940918
2020-06-18 04:00:00,237.79351425170898,16158.360864818096
2020-06-18 05:00:00,280.00361251831055,16742.538506031036
2020-06-18 06:00:00,360.1769313812256,17189.243185043335
2020-06-18 07:00:00,323.9151496887207,18062.734506607056
2020-06-18 08:00:00,315.4487266540527,18924.106384277344
2020-06-18 09:00:00,241.73560333251953,19811.845180511475
2020-06-18 10:00:00,200.4635524749756,19673.46294593811
2020-06-18 11:00:00,212.39948272705078,18357.910818099976
2020-06-18 12:00:00,168.37251663208008,15496.063102722168
2020-06-18 13:00:00,89.85081940889359,12742.403654545546
2020-06-18 14:00:00,32.80246428400278,9606.972413271666
2020-06-18 15:00:00,45.29335844516754,7526.804060131311
2020-06-18 16:00:00,66.53755846619606,4739.6743786288425
2020-06-18 17:00:00,68.32853657007217,3413.2716120090336
2020-06-18 18:00:00,70.65440940856934,1965.0435999352485
2020-06-18 19:00:00,11.588793277740479,1130.3509052842855
2020-06-18 20:00:00,0.9047403782606125,905.0640554865822
2020-06-18 21:00:00,0.0,1250.9549397826195
2020-06-18 22:00:00,0.0148459710180759,1186.856194138527
2020-06-18 23:00:00,0.2223785668611526,1409.7315166406333
2020-06-19 00:00:00,0.7424918143078684,2149.6477738767862
2020-06-19 01:00:00,0.5625947862863541,2507.906808435917
2020-06-19 02:00:00,1.9619544744491577,2769.800232887268
2020-06-19 03:00:00,8.893365763127804,2733.0698241591454
2020-06-19 04:00:00,7.626283258199692,2765.389976322651
2020-06-19 05:00:00,5.997989907860756,2913.5782710276544
2020-06-19 06:00:00,17.971277430653572,2549.1794686522335
2020-06-19 07:00:00,10.656790547072887,2488.6838204329833
2020-06-19 08:00:00,11.85260321572423,1553.9827599492855
2020-06-19 09:00:00,13.629779815673828,1800.0769878923893
2020-06-19 10:00:00,39.402793407440186,2271.1389243602753
2020-06-19 11:00:00,79.16846179962158,2991.106746196747
2020-06-19 12:00:00,71.18243098258972,4010.9723962545395
2020-06-19 13:00:00,67.67999267578125,6484.651442997158
2020-06-19 14:00:00,50.82496500015259,8383.517197648063
2020-06-19 15:00:00,85.06080532073975,11426.36511695385
2020-06-19 16:00:00,159.91855335235596,13553.304577827454
2020-06-19 17:00:00,260.2894058227539,14432.971168518066
2020-06-19 18:00:00,331.01104736328125,15364.899049758911
2020-06-19 19:00:00,334.069543838501,17500.52739715576
2020-06-19 20:00:00,294.82353019714355,12695.435039520264
2020-06-19 21:00:00,260.1346969604492,11721.095178604126
2020-06-19 22:00:00,305.3619956970215,10532.945011138916
2020-06-19 23:00:00,302.4449005126953,7248.026485443115
2020-06-20 00:00:00,299.6792297363281,6244.891706466675
2020-06-20 01:00:00,234.7197494506836,5277.001443862915
2020-06-20 02:00:00,228.86764907836914,6647.130422592163
2020-06-20 03:00:00,194.92764568328857,7724.039910316467
2020-06-20 04:00:00,175.3495010137558,7464.198006629944
2020-06-20 05:00:00,151.7464675307274,6139.149715423584
2020-06-20 06:00:00,94.21351993083954,5939.328632354736
2020-06-20 07:00:00,89.05145263671875,5469.677294492722
2020-06-20 08:00:00,67.50433254241943,5988.355727672577
2020-06-20 09:00:00,61.44068479537964,5604.867489337921
2020-06-20 10:00:00,76.3874192237854,6063.829718112946
2020-06-20 11:00:00,83.9585542678833,6467.625595092773
2020-06-20 12:00:00,67.17025756835938,5214.085916042328
2020-06-20 13:00:00,62.745906829833984,5426.234328746796
2020-06-20 14:00:00,69.9838137626648,3938.230237007141
2020-06-20 15:00:00,57.11372089385986,2864.823822243139
2020-06-20 16:00:00,63.26022791862488,2922.952288493514
2020-06-20 17:00:00,50.00909614562988,2049.766539119184
2020-06-20 18:00:00,18.79038953781128,1669.222563767922
2020-06-20 19:00:00,1.1240226700901987,1737.4364101300016
2020-06-20 20:00:00,0.0496550127863884,2450.0260237935
2020-06-20 21:00:00,0.7124101761728525,3397.8414475070313
2020-06-20 22:00:00,8.058888614177704,3986.0655170977116
2020-06-20 23:00:00,28.139262676239014,6085.7304537296295
2020-06-21 00:00:00,85.9002275466919,9757.358798027039
2020-06-21 01:00:00,167.75324249267578,13775.881567001343
2020-06-21 02:00:00,165.14760971069336,16820.217351913452
2020-06-21 03:00:00,213.43349647521973,19894.012256622314
2020-06-21 04:00:00,285.83628845214844,23121.898105621338
2020-06-21 05:00:00,368.39870834350586,26551.4864692688
2020-06-21 06:00:00,444.5043411254883,28293.907569885254
2020-06-21 07:00:00,335.01171493530273,26628.474046707153
2020-06-21 08:00:00,361.0170478820801,28187.94184112549
2020-06-21 09:00:00,321.5612335205078,24742.41173171997
2020-06-21 10:00:00,342.248233795166,25852.874912261963
2020-06-21 11:00:00,340.19776153564453,28969.17621421814
2020-06-21 12:00:00,309.38477516174316,33234.78288459778
2020-06-21 13:00:00,461.1013984680176,36072.996448516846
2020-06-21 14:00:00,533.9227828979492,33200.49219894409
2020-06-21 15:00:00,568.3113784790039,32167.97972869873
2020-06-21 16:00:00,469.8055114746094,28006.67865753174
2020-06-21 17:00:00,543.5482025146484,25366.99914932251
2020-06-21 18:00:00,600.9009552001953,22078.568893432617
2020-06-21 19:00:00,338.36121368408203,14384.417686462402
2020-06-21 20:00:00,404.2355422973633,11171.987826347351
2020-06-21 21:00:00,344.4332046508789,9768.819983005524
2020-06-21 22:00:00,358.3222427368164,8247.601289749146
2020-06-21 23:00:00,190.2618751525879,12147.303669929504
2020-06-22 00:00:00,141.35266637802124,10449.814958572388
2020-06-22 01:00:00,103.49134421348572,6488.684648513794
2020-06-22 02:00:00,103.55105686187744,6721.820369720459
2020-06-22 03:00:00,128.19437217712402,7486.892886638641
2020-06-22 04:00:00,126.99371719360352,5714.518766403198
2020-06-22 05:00:00,135.95836925506592,4234.096020698547
2020-06-22 06:00:00,98.59461259841919,3052.0906673669815
2020-06-22 07:00:00,67.92018508911133,1638.5115151256323
2020-06-22 08:00:00,50.72133529186249,1280.0971714109182
2020-06-22 09:00:00,27.770381689071655,1748.693875208497
2020-06-22 10:00:00,2.6584957242012024,1606.3923796843737
2020-06-22 11:00:00,25.287941634655,3137.7342561632395
2020-06-22 12:00:00,41.814735412597656,4536.9473809450865
2020-06-22 13:00:00,29.28022575378418,4243.315229121596
2020-06-22 14:00:00,24.25497078895569,5085.783898342401
2020-06-22 15:00:00,42.549073696136475,5413.454491600394
2020-06-22 16:00:00,50.56856870651245,5928.0132303237915
2020-06-22 17:00:00,26.869043827056885,5704.778477802873
2020-06-22 18:00:00,19.623177647590637,5845.598372407258
2020-06-22 19:00:00,2.662377990782261,9553.420936753042
2020-06-22 20:00:00,0.8177228271961212,9483.489502959652
2020-06-22 21:00:00,1.5215533301234245,9361.545626545325
2020-06-22 22:00:00,7.742521703243256,9403.695665031672
2020-06-22 23:00:00,15.49966675043106,9052.492201149464
2020-06-23 00:00:00,29.92025136947632,9567.321471214294
2020-06-23 01:00:00,47.30334663391113,9778.400225400925
2020-06-23 02:00:00,75.65043497085571,11225.39869761467
2020-06-23 03:00:00,124.1748743057251,12820.29342842102
2020-06-23 04:00:00,123.04672050476074,11021.6130027771
2020-06-23 05:00:00,133.29382705688477,9839.151009559631
2020-06-23 06:00:00,173.59147548675537,9060.161845743656
2020-06-23 07:00:00,124.59096622467041,8711.333700835705
2020-06-23 08:00:00,96.49413585662842,6660.54555785656
2020-06-23 09:00:00,75.28253746032715,5128.4332864284515
2020-06-23 10:00:00,77.52601528167725,4273.776579380035
2020-06-23 11:00:00,32.62415933609009,2999.6776137247216
2020-06-23 12:00:00,26.25498938560486,2730.2548693744466
2020-06-23 13:00:00,26.825828671455383,2305.3474883455783
2020-06-23 14:00:00,10.004579409956932,1453.4817872047424
2020-06-23 15:00:00,0.2849234347231685,865.7954488880932
2020-06-23 16:00:00,0.0,265.16161020100117
2020-06-23 17:00:00,0.0091134347021579,191.81814902694896
2020-06-23 18:00:00,2.8978693075478077,167.48809724487364
2020-06-23 19:00:00,10.816379427909851,272.68126797676086
2020-06-23 20:00:00,23.49161720275879,732.6960882395506
2020-06-23 21:00:00,53.01182943582535,1455.2273299694061
2020-06-23 22:00:00,51.6269011721015,1810.7780513167381
2020-06-23 23:00:00,103.11690527200699,3314.714096724987
2020-06-24 00:00:00,129.8779215812683,4767.043238162994
2020-06-24 01:00:00,123.33376026153564,6565.655690670013
2020-06-24 02:00:00,104.02291584014893,7547.170288562775
2020-06-24 03:00:00,113.75023937225342,8654.195021152496
2020-06-24 04:00:00,117.86184215545654,8761.077760696411
2020-06-24 05:00:00,151.11222076416016,8961.168983459473
2020-06-24 06:00:00,141.61276054382324,8570.284066200256
2020-06-24 07:00:00,112.1335277557373,8601.982997894287
2020-06-24 08:00:00,84.00920295715332,7687.146430969238
2020-06-24 09:00:00,82.59917545318604,7272.578992366791
2020-06-24 10:00:00,79.12393522262573,6247.600139141083
2020-06-24 11:00:00,83.85709470510483,7073.531091881916
2020-06-24 12:00:00,87.67337584495544,6254.628976106644
2020-06-24 13:00:00,119.94091415405273,6216.328982591629
2020-06-24 14:00:00,153.56225752830505,6118.958747386932
2020-06-24 15:00:00,223.0492923259735,8250.118609428406
2020-06-24 16:00:00,240.1853084564209,11101.491097450256
2020-06-24 17:00:00,293.3952922821045,12406.247457504272
2020-06-24 18:00:00,369.4760913848877,14516.156547546387
2020-06-24 19:00:00,565.5379390716553,18453.633098602295
2020-06-24 20:00:00,597.540340423584,21506.261512756348
2020-06-24 21:00:00,539.1821022033691,23937.492473602295
2020-06-24 22:00:00,487.6476516723633,28125.335891723633
2020-06-24 23:00:00,465.2802276611328,30976.67445755005
2020-06-25 00:00:00,480.4713325500488,29231.20948791504
2020-06-25 01:00:00,538.2040634155273,28660.00816345215
2020-06-25 02:00:00,458.78575134277344,23494.33738708496
2020-06-25 03:00:00,494.5901336669922,21926.795528411865
2020-06-25 04:00:00,415.8118553161621,20934.477325439453
2020-06-25 05:00:00,338.5890235900879,18555.737228393555
2020-06-25 06:00:00,295.4398193359375,19204.01081085205
2020-06-25 07:00:00,187.2064723968506,16443.626932144165
2020-06-25 08:00:00,175.8467607498169,11835.292122840881
2020-06-25 09:00:00,181.23623371124268,13055.152130126953
2020-06-25 10:00:00,150.60508251190186,16316.67394065857
2020-06-25 11:00:00,222.57357692718506,20343.211809158325
2020-06-25 12:00:00,169.7708911895752,22277.801931381226
2020-06-25 13:00:00,96.47399616241455,18938.609607696533
2020-06-25 14:00:00,114.2523205280304,17578.406649708748
2020-06-25 15:00:00,213.43571008741856,20142.20907974243
2020-06-25 16:00:00,224.76847302913666,20058.638156294823
2020-06-25 17:00:00,319.74934101104736,23761.25226688385
2020-06-25 18:00:00,435.38977813720703,27254.851908683777
2020-06-25 19:00:00,457.96191024780273,29195.010414123535
2020-06-25 20:00:00,343.38161277770996,29078.4709148407
2020-06-25 21:00:00,311.25623321533203,29111.073852539062
2020-06-25 22:00:00,361.9238796234131,29141.96379852295
2020-06-25 23:00:00,587.3938636779785,29617.351610183716
2020-06-26 00:00:00,526.3211212158203,30289.22276687622
2020-06-26 01:00:00,376.79026985168457,22527.753370285034
2020-06-26 02:00:00,424.2424259185791,21829.87862968445
2020-06-26 03:00:00,532.9785652160645,21279.801580429077
2020-06-26 04:00:00,548.1721954345703,17951.828966140747
2020-06-26 05:00:00,493.51903915405273,18746.410442352295
2020-06-26 06:00:00,665.2857627868652,23007.591060638428
2020-06-26 07:00:00,550.8004627227783,21043.542934417725
2020-06-26 08:00:00,433.1713581085205,20596.56347846985
2020-06-26 09:00:00,459.79290390014654,24528.136116027832
2020-06-26 10:00:00,392.3620882034302,22031.103848457336
2020-06-26 11:00:00,319.8109312057495,21761.06008386612
2020-06-26 12:00:00,279.66210651397705,21913.365488052368
2020-06-26 13:00:00,283.7826461791992,19163.91212463379
2020-06-26 14:00:00,190.48813104629517,18659.04492521286
2020-06-26 15:00:00,207.37804317474365,16173.967772603035
2020-06-26 16:00:00,165.96446261182427,11746.428894154727
2020-06-26 17:00:00,138.19121322315186,9945.23430967331
2020-06-26 18:00:00,151.8602168560028,10141.59808576107
2020-06-26 19:00:00,259.61001205444336,11852.598965488374
2020-06-26 20:00:00,313.74395203590393,12959.234891639091
2020-06-26 21:00:00,278.671178817749,14823.47595896013
2020-06-26 22:00:00,218.8451290987432,17145.624765366316
2020-06-26 23:00:00,268.75131709873676,19535.369975090027
2020-06-27 00:00:00,288.6865239366889,18191.428166866302
2020-06-27 01:00:00,337.7921881377697,15386.083213329315
2020-06-27 02:00:00,333.6067056655884,12858.24744746089
2020-06-27 03:00:00,123.57918405532837,11491.134174704552
2020-06-27 04:00:00,113.25390005111694,9355.531566023827
2020-06-27 05:00:00,44.9871985912323,11770.604387760162
2020-06-27 06:00:00,108.87842559814453,11842.311834216118
2020-06-27 07:00:00,107.87666511535645,13004.203579723835
2020-06-27 08:00:00,183.02267360687256,16948.197203014046
2020-06-27 09:00:00,254.12196350097656,14492.936240196228
2020-06-27 10:00:00,80.45849061012268,17050.02385878563
2020-06-27 11:00:00,81.16897201538086,19090.907845020294
2020-06-27 12:00:00,194.91095542907715,23127.433273017406
2020-06-27 13:00:00,268.15797424316406,30991.72225344181
2020-06-27 14:00:00,488.1579284667969,37771.48133087158
2020-06-27 15:00:00,399.46319580078125,43415.31923484802
2020-06-27 16:00:00,363.0516300201416,46455.65476179123
2020-06-27 17:00:00,391.3987121582031,49344.34253692627
2020-06-27 18:00:00,481.0370407104492,51538.41885757446
2020-06-27 19:00:00,505.31519317626953,52887.423683166504
2020-06-27 20:00:00,621.6229476928711,53488.572410583496
2020-06-27 21:00:00,855.2490234375,53997.114097595215
2020-06-27 22:00:00,962.7167129516602,53753.159606933594
2020-06-27 23:00:00,951.6686172485352,53693.11400604248
2020-06-28 00:00:00,959.8801651000977,52895.017807006836
2020-06-28 01:00:00,957.4934310913086,50539.16173553467
2020-06-28 02:00:00,961.2525482177734,47920.645431518555
2020-06-28 03:00:00,956.7042465209961,47306.71334838867
2020-06-28 04:00:00,953.6920394897461,45969.50645446777
2020-06-28 05:00:00,953.6739120483398,46875.47132110596
2020-06-28 06:00:00,962.5848770141602,51213.9436416626
2020-06-28 07:00:00,962.8017654418945,50894.36499786377
2020-06-28 08:00:00,963.0649337768555,53083.05555725098
2020-06-28 09:00:00,962.6196517944336,53054.420654296875
2020-06-28 10:00:00,962.6249084472656,53683.29009246826
2020-06-28 11:00:00,961.5688858032227,53501.50916290283
2020-06-28 12:00:00,962.2503433227539,52724.56302642822
2020-06-28 13:00:00,960.0472183227539,52885.67518615723
2020-06-28 14:00:00,961.3803558349609,52377.083183288574
2020-06-28 15:00:00,963.2306518554688,51567.637268066406
2020-06-28 16:00:00,944.7736206054688,49394.74883270264
2020-06-28 17:00:00,958.1980133056641,51079.63009643555
2020-06-28 18:00:00,948.930061340332,51044.132873535156
2020-06-28 19:00:00,944.9761962890625,51889.43283843994
2020-06-28 20:00:00,958.2690658569336,50717.867919921875
2020-06-28 21:00:00,947.9189071655273,46190.69467163086
2020-06-28 22:00:00,928.8161163330078,46801.30122375488
2020-06-28 23:00:00,933.7863311767578,39016.7117767334
2020-06-29 00:00:00,946.978515625,35215.170471191406
2020-06-29 01:00:00,955.0237579345702,35546.82836151123
2020-06-29 02:00:00,950.9971618652344,42010.294746398926
2020-06-29 03:00:00,643.347900390625,45462.16875457764
2020-06-29 04:00:00,867.6052474975586,48836.696350097656
2020-06-29 05:00:00,887.3467025756836,49716.260162353516
2020-06-29 06:00:00,947.9157485961914,50787.66165161133
2020-06-29 07:00:00,947.8199691772461,52221.38310241699
2020-06-29 08:00:00,956.9492492675781,53568.863845825195
2020-06-29 09:00:00,958.686767578125,53830.81065368652
2020-06-29 10:00:00,956.9860076904297,53997.60372924805
2020-06-29 11:00:00,962.2167129516602,54271.72813415527
2020-06-29 12:00:00,962.3545303344725,54209.17533874512
2020-06-29 13:00:00,962.6255569458008,54059.26844787598
2020-06-29 14:00:00,962.3272171020508,53853.243896484375
2020-06-29 15:00:00,962.7253189086914,53159.451400756836
2020-06-29 16:00:00,962.9049224853516,51756.57933807373
2020-06-29 17:00:00,961.8942642211914,53410.403884887695
2020-06-29 18:00:00,961.8153533935547,53161.478340148926
2020-06-29 19:00:00,963.1889343261719,52466.249015808105
2020-06-29 20:00:00,963.4630737304688,51588.61395263672
2020-06-29 21:00:00,963.7083435058594,53641.016441345215
2020-06-29 22:00:00,963.0894775390625,53692.52976226807
2020-06-29 23:00:00,962.1427459716797,54016.68814086914
2020-06-30 00:00:00,958.2616195678711,54148.91557312012
2020-06-30 01:00:00,963.9787750244141,53931.10819244385
2020-06-30 02:00:00,963.7507400512695,54011.213523864746
2020-06-30 03:00:00,963.6211471557617,54152.586280822754
2020-06-30 04:00:00,960.3674697875977,53992.64695739746
2020-06-30 05:00:00,959.8461532592773,53991.88864898682
2020-06-30 06:00:00,959.8452987670898,53773.892082214355
2020-06-30 07:00:00,948.3482208251953,52548.90525817871
2020-06-30 08:00:00,951.7526779174805,51823.732093811035
2020-06-30 09:00:00,951.2025604248047,51272.06800842285
2020-06-30 10:00:00,937.3140716552734,50070.29656982422
2020-06-30 11:00:00,932.8592376708984,48734.224952697754
2020-06-30 12:00:00,944.8901062011719,45954.68015289307
2020-06-30 13:00:00,922.7930755615234,44444.682441711426
2020-06-30 14:00:00,930.3847045898436,43272.274002075195
2020-06-30 15:00:00,919.3457260131836,40874.66212463379
2020-06-30 16:00:00,842.0650444030762,33738.186336517334
2020-06-30 17:00:00,870.6626968383789,27607.979084014893
2020-06-30 18:00:00,836.2193145751953,22214.546379089355
2020-06-30 19:00:00,679.4522399902344,19836.227821350098
2020-06-30 20:00:00,543.7100219726562,16098.834060668945
2020-06-30 21:00:00,400.9729804992676,12694.382247924805
2020-06-30 22:00:00,360.25965118408203,11590.814926147461
2020-06-30 23:00:00,301.79354095458984,8559.16044807434
2020-07-01 00:00:00,238.9604206085205,7052.67115688324
2020-07-01 01:00:00,145.25565242767334,6918.777324676514
2020-07-01 02:00:00,223.1738986968994,8186.932674407959
2020-07-01 03:00:00,242.2656192779541,9219.994108200073
2020-07-01 04:00:00,287.65453147888184,9503.812868118286
2020-07-01 05:00:00,303.65280532836914,11794.106666564941
2020-07-01 06:00:00,302.41661262512207,13394.380542755127
2020-07-01 07:00:00,295.92826080322266,11671.424558103085
2020-07-01 08:00:00,318.51465076208115,13012.93003809452
2020-07-01 09:00:00,381.61869049072266,14696.131941989064
2020-07-01 10:00:00,523.8413009643555,12405.519498586655
2020-07-01 11:00:00,591.2990646362305,14035.16604065895
2020-07-01 12:00:00,718.4827575683594,14897.130871742964
2020-07-01 13:00:00,791.8918380737305,12398.424842834473
2020-07-01 14:00:00,596.0058746337891,12559.858760297298
2020-07-01 15:00:00,739.3480072021484,12173.274463653564
2020-07-01 16:00:00,828.7597503662108,11930.703414916992
2020-07-01 17:00:00,644.1387176513672,10036.653114318848
2020-07-01 18:00:00,582.2026519775391,9082.531063079834
2020-07-01 19:00:00,429.5469169616699,8298.890695273876
2020-07-01 20:00:00,380.0868682861328,6500.159580230713
2020-07-01 21:00:00,398.64249420166016,5860.8070150613785
2020-07-01 22:00:00,278.5823040008545,6938.777726173401
2020-07-01 23:00:00,229.2410011291504,5530.124072194099
2020-07-02 00:00:00,223.2540397644043,4718.464377999306
2020-07-02 01:00:00,161.83667182922363,3830.339494600892
2020-07-02 02:00:00,139.7361831665039,3231.3185638189316
2020-07-02 03:00:00,133.66150283813477,2770.3052996993065
2020-07-02 04:00:00,115.18816947937012,2672.814188450575
2020-07-02 05:00:00,158.5858097076416,3470.8481858074665
2020-07-02 06:00:00,169.40623664855957,4183.473417639732
2020-07-02 07:00:00,175.49441146850586,4530.93005399406
2020-07-02 08:00:00,145.64897918701172,6144.894293785095
2020-07-02 09:00:00,178.6406593322754,7078.558259963989
2020-07-02 10:00:00,183.7874870300293,6794.891662120819
2020-07-02 11:00:00,171.4047622680664,5199.252084732056
2020-07-02 12:00:00,165.03206253051758,5082.656583786011
2020-07-02 13:00:00,141.8210849761963,4647.971871376038
2020-07-02 14:00:00,172.84816604852676,4961.355023622513
2020-07-02 15:00:00,173.93201804161072,5992.041523575783
2020-07-02 16:00:00,203.68761825561523,5646.417005300522
2020-07-02 17:00:00,211.9743194580078,5397.839186191559
2020-07-02 18:00:00,116.72673654556274,3938.104025185108
2020-07-02 19:00:00,108.96573162078857,2607.0242919027805
2020-07-02 20:00:00,91.93699860572815,1695.9674482941628
2020-07-02 21:00:00,35.143521312624216,1005.156909674406
2020-07-02 22:00:00,0.4978144764900207,686.5991802215576
2020-07-02 23:00:00,2.582035779953003,377.38511979579926
2020-07-03 00:00:00,0.0,155.64894342422485
2020-07-03 01:00:00,4.742703296244144,316.7457917924039
2020-07-03 02:00:00,9.638363361358643,658.8426654487848
2020-07-03 03:00:00,2.8978798389434814,1349.3081423114054
2020-07-03 04:00:00,16.415415287017822,3766.2413556575775
2020-07-03 05:00:00,31.647813081741333,5495.603314638138
2020-07-03 06:00:00,77.8344407081604,8547.60798072815
2020-07-03 07:00:00,196.15659427642822,13066.017608642578
2020-07-03 08:00:00,206.20797538757324,17450.36886405945
2020-07-03 09:00:00,380.5026035308838,26328.322954177856
2020-07-03 10:00:00,573.9060821533203,31467.43603515625
2020-07-03 11:00:00,768.2358627319336,34498.98792266846
2020-07-03 12:00:00,900.7670288085938,43879.38561248779
2020-07-03 13:00:00,953.6670989990234,48752.47480010986
2020-07-03 14:00:00,962.0001983642578,51781.74015045166
2020-07-03 15:00:00,963.8009414672852,53667.68714904785
2020-07-03 16:00:00,963.9335174560547,53233.664489746094
2020-07-03 17:00:00,963.3749160766602,53554.90467834473
2020-07-03 18:00:00,963.3198394775391,54166.93869781494
2020-07-03 19:00:00,963.188606262207,53789.50597381592
2020-07-03 20:00:00,963.6221008300781,54221.37314605713
2020-07-03 21:00:00,963.122444152832,54304.76629638672
2020-07-03 22:00:00,964.0566177368164,54101.662506103516
2020-07-03 23:00:00,963.845329284668,54306.71057128906
2020-07-04 00:00:00,962.6469268798827,54213.79058074951
2020-07-04 01:00:00,962.7987442016602,54136.35228729248
2020-07-04 02:00:00,961.7583923339844,53813.60019683838
2020-07-04 03:00:00,962.3929519653319,53667.4949798584
2020-07-04 04:00:00,963.6097869873047,51849.64597320557
2020-07-04 05:00:00,963.504768371582,50599.213470458984
2020-07-04 06:00:00,963.6727981567383,50617.71989440918
2020-07-04 07:00:00,962.3423080444336,50626.265281677246
2020-07-04 08:00:00,961.5717620849609,51043.32636260986
2020-07-04 09:00:00,961.7266845703125,51818.78503417969
2020-07-04 10:00:00,963.0172958374023,51750.34285736084
2020-07-04 11:00:00,962.2259063720703,51233.12609100342
2020-07-04 12:00:00,961.8225708007812,51328.89192199707
2020-07-04 13:00:00,963.1241455078125,49418.629219055176
2020-07-04 14:00:00,963.3433532714844,47334.97686767578
2020-07-04 15:00:00,963.2321014404297,44806.176696777344
2020-07-04 16:00:00,963.6690139770508,43037.70273590088
2020-07-04 17:00:00,964.2492446899414,41320.6410446167
2020-07-04 18:00:00,963.5519866943359,40524.36228179932
2020-07-04 19:00:00,956.3915863037109,36773.43211364746
2020-07-04 20:00:00,937.6715393066406,34268.37533569336
2020-07-04 21:00:00,900.2534790039062,36522.42064666748
2020-07-04 22:00:00,913.1532592773438,39819.1095123291
2020-07-04 23:00:00,953.1904602050781,43963.22728729248
2020-07-05 00:00:00,964.2452087402344,49407.42554473877
2020-07-05 01:00:00,963.7400894165039,52742.694160461426
2020-07-05 02:00:00,963.7153701782227,54237.968925476074
2020-07-05 03:00:00,960.7032852172852,54180.68688201904
2020-07-05 04:00:00,964.241828918457,54130.26876831055
2020-07-05 05:00:00,964.6772155761719,54096.65459442139
2020-07-05 06:00:00,959.6785507202148,54065.33246612549
2020-07-05 07:00:00,965.986442565918,54118.65084838867
2020-07-05 08:00:00,965.5711822509766,54207.48719787598
2020-07-05 09:00:00,965.9968872070311,54173.57154083252
2020-07-05 10:00:00,960.6999664306641,54136.093254089355
2020-07-05 11:00:00,961.9714279174805,54230.079246520996
2020-07-05 12:00:00,962.5649566650391,52555.89506530762
2020-07-05 13:00:00,963.3053207397461,50892.1932220459
2020-07-05 14:00:00,961.7176055908203,48510.98715209961
2020-07-05 15:00:00,962.8197937011719,46347.78748321533
2020-07-05 16:00:00,960.0945739746094,42657.57411193848
2020-07-05 17:00:00,843.8615951538086,37102.02886456251
2020-07-05 18:00:00,847.8508529663086,38147.69485473633
2020-07-05 19:00:00,751.8258056640625,43291.32725715637
2020-07-05 20:00:00,853.8685760498047,45892.67985153198
2020-07-05 21:00:00,963.3344879150391,51914.17369842529
2020-07-05 22:00:00,959.5768432617188,52603.315490722656
2020-07-05 23:00:00,962.7901229858398,54161.58241271973
2020-07-06 00:00:00,963.8381576538086,54186.17834472656
2020-07-06 01:00:00,959.9593124389648,54198.53857421875
2020-07-06 02:00:00,960.6025390625,54269.45858001709
2020-07-06 03:00:00,961.1773910522461,54227.08532714844
2020-07-06 04:00:00,961.1360092163086,54269.86510467529
2020-07-06 05:00:00,963.2246704101562,54183.00280761719
2020-07-06 06:00:00,961.3617248535156,53899.69093322754
2020-07-06 07:00:00,962.6895065307617,53680.7114944458
2020-07-06 08:00:00,960.5456924438477,53628.544357299805
2020-07-06 09:00:00,960.4166641235352,53561.30855560303
2020-07-06 10:00:00,961.1145248413086,53419.04244995117
2020-07-06 11:00:00,957.1919937133788,53272.39758300781
2020-07-06 12:00:00,951.4182586669922,52141.55963897705
2020-07-06 13:00:00,923.4015731811523,48555.433029174805
2020-07-06 14:00:00,915.4707946777344,47516.68714141846
2020-07-06 15:00:00,876.6855850219727,44697.072772979736
2020-07-06 16:00:00,870.2733383178711,41832.357749938965
2020-07-06 17:00:00,789.4052047729492,37425.81555938721
2020-07-06 18:00:00,767.6887855529785,34023.34551382065
2020-07-06 19:00:00,697.8025913238525,25754.058718688786
2020-07-06 20:00:00,595.3839416503906,19966.220067977905
2020-07-06 21:00:00,563.0426578521729,14396.51552772522
2020-07-06 22:00:00,521.3153467178345,8645.644960403442
2020-07-06 23:00:00,408.0745487213135,6701.6156124779955
2020-07-07 00:00:00,313.83356189727783,8952.931975148618
2020-07-07 01:00:00,204.93914818763733,13162.619513511658
2020-07-07 02:00:00,199.44712352752686,18167.369378089905
2020-07-07 03:00:00,228.67007499933243,22471.2735414505
2020-07-07 04:00:00,222.75514698028564,22199.044922709465
2020-07-07 05:00:00,355.3369445800781,22357.89217376709
2020-07-07 06:00:00,444.36490631103516,24244.952758789062
2020-07-07 07:00:00,463.24711990356445,23501.594772338867
2020-07-07 08:00:00,669.9932079315186,21015.795439720154
2020-07-07 09:00:00,436.5288600921631,19638.54046535492
2020-07-07 10:00:00,574.6065254211426,23496.26241493225
2020-07-07 11:00:00,640.8137454986572,20635.860292434692
2020-07-07 12:00:00,593.8475875854492,19924.49454498291
2020-07-07 13:00:00,643.4803504943848,21362.29697036743
2020-07-07 14:00:00,645.5612392425537,17575.979635238647
2020-07-07 15:00:00,555.0198531150818,15139.26331615448
2020-07-07 16:00:00,426.5273537635803,12230.721200823784
2020-07-07 17:00:00,322.0218052789569,8321.932020522654
2020-07-07 18:00:00,233.27288670837876,6620.379947297275
2020-07-07 19:00:00,302.74712657928467,7727.794661410153
2020-07-07 20:00:00,217.57565461844206,6282.0429468899965
2020-07-07 21:00:00,172.44165170192719,5511.94526964426
2020-07-07 22:00:00,138.4375,3815.006908647716
2020-07-07 23:00:00,132.1448077559471,2868.115673661232
2020-07-08 00:00:00,121.57178008556366,2804.5390851944685
2020-07-08 01:00:00,112.02064657211304,2471.3314111828804
2020-07-08 02:00:00,87.76876592636107,1243.9011102207005
2020-07-08 03:00:00,56.20612025260925,1201.2864067852497
2020-07-08 04:00:00,24.177492260932922,647.3998777009547
2020-07-08 05:00:00,10.368845716118813,644.660219784826
2020-07-08 06:00:00,3.3902597799897194,831.6443208174314
2020-07-08 07:00:00,2.8480745404958725,750.5656642969698
2020-07-08 08:00:00,1.7334238290786743,677.9639392411336
2020-07-08 09:00:00,3.159559488296509,694.6230852603912
2020-07-08 10:00:00,17.68393922224641,1259.467304599937
2020-07-08 11:00:00,1.0128668248653412,923.3185475636274
2020-07-08 12:00:00,0.0,1026.0665465216152
2020-07-08 13:00:00,0.7311230786144732,1348.3237071763724
2020-07-08 14:00:00,0.6962270736694336,1077.853801643476
2020-07-08 15:00:00,0.024617463350296,1287.2791002988815
2020-07-08 16:00:00,3.197413433343172,1106.5168371852487
2020-07-08 17:00:00,16.18009376525879,1361.8349274396896
2020-07-08 18:00:00,21.598702907562256,1552.3166066631675
2020-07-08 19:00:00,13.249430775642395,1182.5764646790922
2020-07-08 20:00:00,8.191901743412018,1558.532231323421
2020-07-08 21:00:00,9.535728454589844,1809.092481225729
2020-07-08 22:00:00,26.849060535430908,2851.6928408667445
2020-07-08 23:00:00,26.422471284866333,2993.0103451013565
2020-07-09 00:00:00,35.97651958465576,3965.975351035595
2020-07-09 01:00:00,52.43509006500244,4873.199599400163
2020-07-09 02:00:00,81.07503986358643,8178.127949714661
2020-07-09 03:00:00,170.16718864440918,10505.75740146637
2020-07-09 04:00:00,254.28328323364258,13568.17121887207
2020-07-09 05:00:00,323.29088592529297,16076.829002380371
2020-07-09 06:00:00,422.07177734375,19181.153163909912
2020-07-09 07:00:00,460.5929946899414,23410.6619720459
2020-07-09 08:00:00,569.4496917724609,25180.15245437622
2020-07-09 09:00:00,530.7611923217773,25586.453357696533
2020-07-09 10:00:00,556.5119171142578,24768.627124786377
2020-07-09 11:00:00,586.8649826049805,22070.302322387695
2020-07-09 12:00:00,505.17552947998047,18879.124698638916
2020-07-09 13:00:00,374.6513366699219,16629.886013031006
2020-07-09 14:00:00,359.967041015625,14638.605672836304
2020-07-09 15:00:00,332.5573196411133,12530.336548805237
2020-07-09 16:00:00,283.05965423583984,11017.798553943634
2020-07-09 17:00:00,237.3956527709961,10092.241430044174
2020-07-09 18:00:00,162.79870223999023,10293.735845088959
2020-07-09 19:00:00,208.17236709594727,11009.087128639221
2020-07-09 20:00:00,201.1582736968994,11765.654633522034
2020-07-09 21:00:00,195.8148536682129,11959.677289962769
2020-07-09 22:00:00,259.8548304140568,14962.489378035069
2020-07-09 23:00:00,323.16940689086914,15271.951117185876
2020-07-10 00:00:00,202.65995597839355,15226.247289512306
2020-07-10 01:00:00,232.0122352996841,13665.085693359375
2020-07-10 02:00:00,305.070104598999,12921.48814868927
2020-07-10 03:00:00,341.7293872833252,13325.185558319092
2020-07-10 04:00:00,478.3473205566406,13175.85066986084
2020-07-10 05:00:00,508.2322235107422,13718.087692260742
2020-07-10 06:00:00,539.9473037719727,16037.130149841309
2020-07-10 07:00:00,556.1800231933594,13570.050769805908
2020-07-10 08:00:00,526.601634979248,12751.881206512451
2020-07-10 09:00:00,462.6520462036133,12128.656551361084
2020-07-10 10:00:00,234.5009708404541,9467.976844787598
2020-07-10 11:00:00,221.8369655609131,8532.069734573364
2020-07-10 12:00:00,225.47159576416016,9829.954263687134
2020-07-10 13:00:00,333.4171142578125,11708.271615982056
2020-07-10 14:00:00,320.95874977111816,11752.009692192078
2020-07-10 15:00:00,299.6791744232178,12727.674535751343
2020-07-10 16:00:00,260.1032419204712,10296.263682477176
2020-07-10 17:00:00,209.8868908882141,9122.650457382202
2020-07-10 18:00:00,245.5551831945777,8775.17606895417
2020-07-10 19:00:00,265.3818678855896,9261.332768440247
2020-07-10 20:00:00,354.9079189300537,8510.465686634183
2020-07-10 21:00:00,330.00955963134766,8443.965838462114
2020-07-10 22:00:00,357.81487250328064,8913.705244109035
2020-07-10 23:00:00,249.39104914665225,8328.56012065988
2020-07-11 00:00:00,249.3445695489645,7359.787247348577
2020-07-11 01:00:00,261.9513441324234,7809.112861186266
2020-07-11 02:00:00,231.2669095993042,6650.9172458052635
2020-07-11 03:00:00,201.54648138023913,5305.278899483383
2020-07-11 04:00:00,168.15634614229202,4008.21693469584
2020-07-11 05:00:00,101.47242736816406,3823.647220266983
2020-07-11 06:00:00,86.1028060913086,3867.1378806605935
2020-07-11 07:00:00,74.94743527588435,2989.226822742261
2020-07-11 08:00:00,98.9843213558197,3318.420262813568
2020-07-11 09:00:00,87.40699338912964,3952.7129625678062
2020-07-11 10:00:00,104.69697189331055,4842.414348602295
2020-07-11 11:00:00,112.10257577896118,5320.887489795685
2020-07-11 12:00:00,148.63741397857666,5360.145802021027
2020-07-11 13:00:00,165.44300174713135,6591.36444568634
2020-07-11 14:00:00,178.90932846069336,6632.927529335022
2020-07-11 15:00:00,174.57592010498047,7196.827351093292
2020-07-11 16:00:00,128.00847625732422,6605.099529385567
2020-07-11 17:00:00,116.4470853805542,5867.67611079663
2020-07-11 18:00:00,82.29059410095215,4421.734529048204
2020-07-11 19:00:00,88.36181402206421,4575.154259681702
2020-07-11 20:00:00,73.65102863311768,2995.0060266405344
2020-07-11 21:00:00,81.70531821250917,2561.0048704966903
2020-07-11 22:00:00,62.249918818473816,3301.9522995669395
2020-07-11 23:00:00,55.16949391365051,3592.377945886925
2020-07-12 00:00:00,65.08619366586208,3512.625907473266
2020-07-12 01:00:00,80.4637610167265,3238.1865841150284
2020-07-12 02:00:00,103.03877848386765,3819.1163139231503
2020-07-12 03:00:00,109.52734792232513,3978.133980333805
2020-07-12 04:00:00,82.97954232245684,3875.2459737407044
2020-07-12 05:00:00,98.25347948074341,3613.4748930595815
2020-07-12 06:00:00,73.49603700637817,3589.88189098984
2020-07-12 07:00:00,69.64046859741211,2646.600770190358
2020-07-12 08:00:00,53.56402397155762,2100.896230697632
2020-07-12 09:00:00,49.300283432006836,2344.0780056566
2020-07-12 10:00:00,30.310331344604492,2169.378759264946
2020-07-12 11:00:00,40.59189224243164,2302.113073348999
2020-07-12 12:00:00,62.08028071373701,2195.9631520286202
2020-07-12 13:00:00,58.94921772368252,2189.691835157573
2020-07-12 14:00:00,61.20102022588253,1555.0500916354358
2020-07-12 15:00:00,60.66984813660383,1123.4973912779242
2020-07-12 16:00:00,67.94460497796535,1313.1227554306388
2020-07-12 17:00:00,59.706837877631195,995.4185562133789
2020-07-12 18:00:00,63.96776968240738,1141.148815235123
2020-07-12 19:00:00,37.7099749147892,782.3754003997892
2020-07-12 20:00:00,26.769598722457882,534.1824695765972
2020-07-12 21:00:00,22.90262770652771,575.2631965419278
2020-07-12 22:00:00,36.67108619213104,750.7807612344623
2020-07-12 23:00:00,58.58860056102276,1211.9290341511369
2020-07-13 00:00:00,63.878355357795954,1748.5072218291461
2020-07-13 01:00:00,70.0313960313797,3029.470256600529
2020-07-13 02:00:00,66.26587999612093,4098.914019156713
2020-07-13 03:00:00,83.4349592924118,4806.046090066433
2020-07-13 04:00:00,109.00393581390381,5419.416342943907
2020-07-13 05:00:00,82.59037780761719,5364.010808438063
2020-07-13 06:00:00,76.36486577987671,6252.968390038703
2020-07-13 07:00:00,68.87639653682709,8326.088303678669
2020-07-13 08:00:00,99.41945552825928,11658.633923605084
2020-07-13 09:00:00,144.20185446739197,13501.157602272928
2020-07-13 10:00:00,162.2433624267578,14791.330282226205
2020-07-13 11:00:00,167.87217807769775,16168.114189207554
2020-07-13 12:00:00,172.29733037948608,16635.586296081543
2020-07-13 13:00:00,189.78258228302002,16872.738107681274
2020-07-13 14:00:00,169.1235637664795,16127.67636680603
2020-07-13 15:00:00,171.03738117218018,14621.671256065369
2020-07-13 16:00:00,149.12603759765625,12186.837433815002
2020-07-13 17:00:00,166.96746921539307,10695.487580776215
2020-07-13 18:00:00,234.01103734970093,11068.467770576477
2020-07-13 19:00:00,265.44954776763916,12300.29781293869
2020-07-13 20:00:00,268.9541187286377,13673.288461208344
2020-07-13 21:00:00,268.6996841430664,12053.294026374817
2020-07-13 22:00:00,226.74936151504517,11884.729780670255
2020-07-13 23:00:00,204.63546085357666,10490.873322367668
2020-07-14 00:00:00,128.66715717315674,9166.059963390231
2020-07-14 01:00:00,164.1630051638931,9370.762441352941
2020-07-14 02:00:00,163.05110931396484,8407.68123702379
2020-07-14 03:00:00,281.732299098745,7428.978615812957
2020-07-14 04:00:00,314.90309143066406,5735.160729587078
2020-07-14 05:00:00,244.2745021013543,6020.167587378994
2020-07-14 06:00:00,131.6724796295166,6123.8546142578125
2020-07-14 07:00:00,109.24072456359863,5192.902866840363
2020-07-14 08:00:00,108.6418342590332,5553.591787815094
2020-07-14 09:00:00,75.50899124145508,7528.9247324466705
2020-07-14 10:00:00,60.377419233322144,8864.288922309875
2020-07-14 11:00:00,57.693902015686035,9008.14871378988
2020-07-14 12:00:00,84.43230080604553,8232.238073348999
2020-07-14 13:00:00,157.22261810302734,7987.811383008957
2020-07-14 14:00:00,185.539044380188,8450.026770114899
2020-07-14 15:00:00,190.16411590576172,8530.038227081299
2020-07-14 16:00:00,226.35811614990234,8537.748216986656
2020-07-14 17:00:00,129.93437004089355,5568.183893918991
2020-07-14 18:00:00,94.853346824646,3059.337778568268
2020-07-14 19:00:00,133.25418949127197,2995.137821920216
2020-07-14 20:00:00,80.13837432861328,2249.354337371886
2020-07-14 21:00:00,50.66729974746704,1659.6145461853594
2020-07-14 22:00:00,42.67286705970764,2153.3210604991764
2020-07-14 23:00:00,35.16314160823822,1979.185432434082
2020-07-15 00:00:00,60.70638036727905,1891.45725274086
2020-07-15 01:00:00,47.167099475860596,1435.7518327236176
2020-07-15 02:00:00,73.46167993545532,1232.05083411932
2020-07-15 03:00:00,66.31046628952026,798.3016110658646
2020-07-15 04:00:00,76.2862720489502,843.1556362956762
2020-07-15 05:00:00,59.48607349395752,596.9064428806305
2020-07-15 06:00:00,29.36223703622818,269.3704698905349
2020-07-15 07:00:00,5.57051981985569,195.49976796843112
2020-07-15 08:00:00,7.273179411888123,452.7074874341488
2020-07-15 09:00:00,8.48126745223999,543.6911674961448
2020-07-15 10:00:00,0.3518128991127014,604.3841051349882
2020-07-15 11:00:00,1.6474855206906793,839.8115690723062
2020-07-15 12:00:00,10.280600309371948,940.4877924099565
2020-07-15 13:00:00,7.9250774420797825,879.4709421992302
2020-07-15 14:00:00,14.287899658083916,938.0080921798944
2020-07-15 15:00:00,21.85276907682419,814.5350972563028
2020-07-15 16:00:00,12.564125955104828,942.0191673636436
2020-07-15 17:00:00,11.093972086906433,1402.2757653445005
2020-07-15 18:00:00,23.832659907639027,1612.890678524971
2020-07-15 19:00:00,34.95855563879013,1380.7767268419266
2020-07-15 20:00:00,25.170824766159058,1290.807657301426
2020-07-15 21:00:00,27.063806533813477,1470.7697257995605
2020-07-15 22:00:00,31.012807846069336,1721.2194042652845
2020-07-15 23:00:00,28.28533697128296,1332.5335469841957
2020-07-16 00:00:00,18.00458002090454,1051.605615645647
2020-07-16 01:00:00,17.767765153199434,1279.6425473578274
2020-07-16 02:00:00,40.89020526409149,1781.0715614259243
2020-07-16 03:00:00,64.65497827529907,1814.3823528885841
2020-07-16 04:00:00,62.93391227722168,2103.811221830547
2020-07-16 05:00:00,54.273481369018555,2636.3148099780083
2020-07-16 06:00:00,54.30697536468506,2704.3270759359
2020-07-16 07:00:00,66.88393259048462,2227.2504120618105
2020-07-16 08:00:00,67.40303945541382,2118.2255941703916
2020-07-16 09:00:00,59.76354646682739,2037.4707022234797
2020-07-16 10:00:00,70.39232444763184,3418.467908859253
2020-07-16 11:00:00,86.2907943725586,3732.243572384119
2020-07-16 12:00:00,89.16628456115723,3888.02393245697
2020-07-16 13:00:00,75.58570098876953,4236.75204116106
2020-07-16 14:00:00,71.89011096954346,4447.6348528862
2020-07-16 15:00:00,78.09357452392578,3815.005620956421
2020-07-16 16:00:00,105.24530220031738,3664.3261053562164
2020-07-16 17:00:00,71.46589183807373,2604.0011416971684
2020-07-16 18:00:00,74.87088775634766,1346.0646739155054
2020-07-16 19:00:00,37.49632167816162,631.894419901073
2020-07-16 20:00:00,27.54619789123535,350.3741191625595
2020-07-16 21:00:00,5.746163606643677,117.85525458306074
2020-07-16 22:00:00,3.98978054523468,131.05366205517203
2020-07-16 23:00:00,1.055376186966896,194.43197478400543
2020-07-17 00:00:00,0.7557694558054209,413.18134696781635
2020-07-17 01:00:00,8.191711664199829,1077.8015030026436
2020-07-17 02:00:00,9.655020296573639,1245.3614428117871
2020-07-17 03:00:00,1.5881511755287647,1305.1151087135077
2020-07-17 04:00:00,6.1798314824700356,1528.1640323922038
2020-07-17 05:00:00,0.0742942122742532,1366.3531230157241
2020-07-17 06:00:00,0.0,1877.214842095971
2020-07-17 07:00:00,0.0,1851.2622134387493
2020-07-17 08:00:00,0.0,1976.0233644247055
2020-07-17 09:00:00,10.763159170746803,2546.8340197131038
2020-07-17 10:00:00,42.696495927870274,2944.222409513779
2020-07-17 11:00:00,57.456013679504395,3290.6955774999224
2020-07-17 12:00:00,72.294198513031,3603.0730523243546
2020-07-17 13:00:00,69.51460719108582,3392.019509471953
2020-07-17 14:00:00,56.555803298950195,3872.0854259058833
2020-07-17 15:00:00,27.3534574508667,3490.247136431746
2020-07-17 16:00:00,65.07051217556,4513.2488622665405
2020-07-17 17:00:00,50.47996655292809,3550.4769049435854
2020-07-17 18:00:00,31.985297046601772,2495.769075306598
2020-07-17 19:00:00,9.137418188154697,2574.752778793685
2020-07-17 20:00:00,6.567936420440674,3291.061141446233
2020-07-17 21:00:00,0.541991651058197,4115.545948244631
2020-07-17 22:00:00,5.1978700160980225,4964.222034175415
2020-07-17 23:00:00,13.34209418296814,5728.02470895648
2020-07-18 00:00:00,14.262872964143753,6620.010371685028
2020-07-18 01:00:00,46.659345626831055,8717.073957920074
2020-07-18 02:00:00,107.1428747177124,10162.251852989197
2020-07-18 03:00:00,139.17651748657227,11603.436700820923
2020-07-18 04:00:00,189.57927703857422,13595.91453742981
2020-07-18 05:00:00,175.24805450439453,14280.9173412323
2020-07-18 06:00:00,212.98779296875,14330.424117088318
2020-07-18 07:00:00,234.8128433227539,13326.17571926117
2020-07-18 08:00:00,242.00170516967773,11797.74190235138
2020-07-18 09:00:00,286.4843063354492,11056.904517173767
2020-07-18 10:00:00,289.1872272491455,11793.220073699951
2020-07-18 11:00:00,257.78557777404785,10244.30886554718
2020-07-18 12:00:00,214.09403800964355,8750.275172710419
2020-07-18 13:00:00,233.33189582824707,7884.407192707062
2020-07-18 14:00:00,214.52394580841064,8498.781048297882
2020-07-18 15:00:00,181.67063784599304,8308.35162615776
2020-07-18 16:00:00,119.41067051887512,6310.091800451279
2020-07-18 17:00:00,50.30952099338174,4062.5520479381084
2020-07-18 18:00:00,7.401816819794476,3027.1109857857227
2020-07-18 19:00:00,0.6369829177856445,2571.458648338914
2020-07-18 20:00:00,1.72992804646492,2746.169155448675
2020-07-18 21:00:00,5.706320747733116,2536.402619674802
2020-07-18 22:00:00,7.671837612986564,1798.2676042802632
2020-07-18 23:00:00,21.699267387390137,1756.2914541326463
2020-07-19 00:00:00,11.97832441329956,1652.0530753135681
2020-07-19 01:00:00,0.0638366788625717,1033.2684642076492
2020-07-19 02:00:00,0.5411936342716216,1273.5269626379013
2020-07-19 03:00:00,3.7808879613876343,1785.2358805299737
2020-07-19 04:00:00,16.682310104370117,1739.3246488273144
2020-07-19 05:00:00,48.60161304473877,2877.479698777199
2020-07-19 06:00:00,88.74468922615051,3852.2957842834294
2020-07-19 07:00:00,94.85212326049805,5294.330655574799
2020-07-19 08:00:00,114.73918914794922,5186.716075658798
2020-07-19 09:00:00,106.04779529571535,5149.645919978619
2020-07-19 10:00:00,56.68402433395386,3612.0091205835342
2020-07-19 11:00:00,84.33460807800293,4860.422344923019
2020-07-19 12:00:00,53.9269061088562,6111.745363712311
2020-07-19 13:00:00,41.31253671646118,5584.771193534136
2020-07-19 14:00:00,71.3777756690979,6323.835017681122
2020-07-19 15:00:00,142.51869583129883,6957.753248214722
2020-07-19 16:00:00,196.6580286026001,7440.0295152664185
2020-07-19 17:00:00,395.6532745361328,10393.541046142578
2020-07-19 18:00:00,511.13219451904297,11450.713123321533
2020-07-19 19:00:00,425.4091567993164,10973.08307647705
2020-07-19 20:00:00,398.81595611572266,8754.633193969727
2020-07-19 21:00:00,263.6635322570801,7058.868280410767
2020-07-19 22:00:00,227.56464958190918,7125.877397537231
2020-07-19 23:00:00,194.50977325439453,6542.191821098328
2020-07-20 00:00:00,208.57891654968262,7078.933479309082
2020-07-20 01:00:00,196.2471809387207,7700.493873596191
2020-07-20 02:00:00,231.9203872680664,8864.029123306274
2020-07-20 03:00:00,194.71472930908203,8345.950199127197
2020-07-20 04:00:00,216.5940647125244,6065.971530914307
2020-07-20 05:00:00,210.06647109985352,5495.592120170593
2020-07-20 06:00:00,181.82755088806152,3840.01491355896
2020-07-20 07:00:00,155.6771059036255,2978.3492851257324
2020-07-20 08:00:00,132.6034450531006,2326.145109653473
2020-07-20 09:00:00,123.54215240478516,2105.2957458496094
2020-07-20 10:00:00,75.8016242980957,3289.0703432559967
2020-07-20 11:00:00,52.939950942993164,4260.222220182419
2020-07-20 12:00:00,45.653939723968506,4709.831344604492
2020-07-20 13:00:00,35.14582967758179,4398.279393672943
2020-07-20 14:00:00,41.19373607635498,4248.95151129365
2020-07-20 15:00:00,50.38854789733887,4991.523587092757
2020-07-20 16:00:00,66.06310272216797,5489.835919857025
2020-07-20 17:00:00,97.44351005554199,6565.998225212097
2020-07-20 18:00:00,119.80384063720703,7354.219142436981
2020-07-20 19:00:00,121.4277458190918,6495.022090911865
2020-07-20 20:00:00,97.07480335235596,5700.1098709106445
2020-07-20 21:00:00,83.91249990463257,4228.964591115713
2020-07-20 22:00:00,75.6852035522461,4407.110050033778
2020-07-20 23:00:00,74.78899765014648,4654.499094426632
2020-07-21 00:00:00,104.07176876068115,5230.814825594425
2020-07-21 01:00:00,86.96773433685303,4533.352045435458
2020-07-21 02:00:00,120.89960765838623,5580.79737727344
2020-07-21 03:00:00,198.4388918876648,5785.54441934824
2020-07-21 04:00:00,242.85458278656006,5371.514172792435
2020-07-21 05:00:00,207.16281509399414,5876.188147544861
2020-07-21 06:00:00,220.36528205871582,5175.842439651489
2020-07-21 07:00:00,172.48323488235474,5268.891067504883
2020-07-21 08:00:00,152.9085099697113,5511.994282484055
2020-07-21 09:00:00,104.86467170715332,7087.70184469223
2020-07-21 10:00:00,95.827956199646,9989.542405605316
2020-07-21 11:00:00,154.484375,11535.80743598938
2020-07-21 12:00:00,115.7557601928711,11585.2264919281
2020-07-21 13:00:00,165.801908493042,11343.871816635132
2020-07-21 14:00:00,185.3346405029297,11239.235429286957
2020-07-21 15:00:00,227.16304969787598,11397.640318095684
2020-07-21 16:00:00,203.48734378814697,13152.77200126648
2020-07-21 17:00:00,235.21075439453125,13184.578548431396
2020-07-21 18:00:00,249.02004623413086,12811.13810634613
2020-07-21 19:00:00,194.9056100845337,11578.376308441162
2020-07-21 20:00:00,200.96087646484375,9021.9956407547
2020-07-21 21:00:00,197.6892318725586,7739.203183174133
2020-07-21 22:00:00,233.34554100036624,7556.4279499053955
2020-07-21 23:00:00,219.885235786438,6433.068052768707
2020-07-22 00:00:00,138.8424916267395,5301.189968585968
2020-07-22 01:00:00,104.62704396247864,3782.5238774176687
2020-07-22 02:00:00,66.99016690254211,2428.0015463903546
2020-07-22 03:00:00,69.10009717941284,1583.3173120128922
2020-07-22 04:00:00,48.25262904167175,1315.3762229373679
2020-07-22 05:00:00,79.01996660232544,1464.0072022080421
2020-07-22 06:00:00,103.44040865451097,1431.4920387808233
2020-07-22 07:00:00,63.70614042878151,602.8946874700487
2020-07-22 08:00:00,35.632823660969734,210.9441853184253
2020-07-22 09:00:00,13.49501782655716,77.11053124349564
2020-07-22 10:00:00,1.23707777261734,57.20316723827273
2020-07-22 11:00:00,0.0,387.99324893951416
2020-07-22 12:00:00,0.0205420330166816,1128.2349926233292
2020-07-22 13:00:00,0.14038928505033252,1196.629376411438
2020-07-22 14:00:00,1.3555725216865537,2515.205371260643
2020-07-22 15:00:00,0.2011624425649643,2545.866933355108
2020-07-22 16:00:00,0.0,2722.5542759895325
2020-07-22 17:00:00,1.6549811363220215,4162.565983617678
2020-07-22 18:00:00,0.6551679968833923,4114.810788042843
2020-07-22 19:00:00,0.0,4899.993963420391
2020-07-22 20:00:00,2.1348553895950317,6071.745199697092
2020-07-22 21:00:00,2.257244787644595,7587.764310479164
2020-07-22 22:00:00,1.747466892004013,10822.088646560907
2020-07-22 23:00:00,7.811436891555786,12603.647966504097
2020-07-23 00:00:00,39.37677335739136,13487.284554719925
2020-07-23 01:00:00,93.25118637084961,15765.021427631378
2020-07-23 02:00:00,166.9718780517578,15747.161659240723
2020-07-23 03:00:00,302.8016357421875,18025.25437927246
2020-07-23 04:00:00,405.887149810791,18299.255981445312
2020-07-23 05:00:00,485.73852920532227,15816.365993499756
2020-07-23 06:00:00,596.312629699707,13794.803001403809
2020-07-23 07:00:00,668.4631500244141,14581.323505401611
2020-07-23 08:00:00,635.7175598144531,14341.68938446045
2020-07-23 09:00:00,607.7705993652344,13872.255168914795
2020-07-23 10:00:00,700.7781982421875,16449.38414001465
2020-07-23 11:00:00,588.1048583984375,15714.386291503906
2020-07-23 12:00:00,476.16238021850586,15957.921527862549
2020-07-23 13:00:00,425.45310974121094,17608.76701927185
2020-07-23 14:00:00,559.2541046142578,19730.14398765564
2020-07-23 15:00:00,414.27771377563477,22592.15292739868
2020-07-23 16:00:00,428.8397216796875,22874.098825454712
2020-07-23 17:00:00,486.70486068725586,19472.422931671143
2020-07-23 18:00:00,351.34659004211426,16549.10741996765
2020-07-23 19:00:00,349.0939884185791,14676.268589019775
2020-07-23 20:00:00,377.9551696777344,14181.024625778198
2020-07-23 21:00:00,461.07328033447266,12853.630271911621
2020-07-23 22:00:00,304.2304000854492,10903.740756988525
2020-07-23 23:00:00,222.71224784851074,8949.99733543396
2020-07-24 00:00:00,261.23198890686035,10189.753435134888
2020-07-24 01:00:00,313.90375423431396,11274.286748886108
2020-07-24 02:00:00,167.77882766723633,11472.542980194092
2020-07-24 03:00:00,141.07041835784912,10498.425939559937
2020-07-24 04:00:00,279.2255172729492,9501.642907619476
2020-07-24 05:00:00,205.8815574645996,9657.777446269989
2020-07-24 06:00:00,178.51097631454468,8870.75173330307
2020-07-24 07:00:00,230.71693992614746,9754.853084564209
2020-07-24 08:00:00,163.7822790145874,7399.356807231903
2020-07-24 09:00:00,133.42424130439758,5591.967184782028
2020-07-24 10:00:00,118.57077312469482,4534.842286020517
2020-07-24 11:00:00,165.43228673934937,5582.776535749435
2020-07-24 12:00:00,195.1154146194458,7476.430256843567
2020-07-24 13:00:00,248.1914825439453,5612.564542770386
2020-07-24 14:00:00,125.32682800292969,2055.7873305380344
2020-07-24 15:00:00,61.77417230606079,1036.2638726830482
2020-07-24 16:00:00,68.84740734100342,2267.8630278110504
2020-07-24 17:00:00,73.51670742034912,1430.8827948495746
2020-07-24 18:00:00,27.65475356252864,894.9466364085674
2020-07-24 19:00:00,2.8056268095970154,705.9475127607584
2020-07-24 20:00:00,0.0,634.8992674350739
2020-07-24 21:00:00,1.9681371450424197,1405.807738861069
2020-07-24 22:00:00,16.943718671798706,2184.364349603653
2020-07-24 23:00:00,78.30108642578125,4198.133310317993
2020-07-25 00:00:00,164.88776016235352,6134.073420524597
2020-07-25 01:00:00,219.1983184814453,6916.707870483398
2020-07-25 02:00:00,271.3574523925781,9348.087847709656
2020-07-25 03:00:00,277.86219024658203,12690.374494552612
2020-07-25 04:00:00,277.19304275512695,14500.317678451538
2020-07-25 05:00:00,343.0566101074219,15484.515850067139
2020-07-25 06:00:00,488.29283142089844,18287.7014503479
2020-07-25 07:00:00,516.1817932128906,22317.860286712646
2020-07-25 08:00:00,659.1495056152344,28239.660427093506
2020-07-25 09:00:00,824.9943923950195,28650.54761505127
2020-07-25 10:00:00,742.4891967773438,28311.808708190918
2020-07-25 11:00:00,808.4071502685547,32035.61273956299
2020-07-25 12:00:00,705.9378509521484,35695.07801055908
2020-07-25 13:00:00,714.3448486328125,36797.09663391113
2020-07-25 14:00:00,809.384765625,39916.227142333984
2020-07-25 15:00:00,725.3682250976562,38493.38888549805
2020-07-25 16:00:00,860.8009414672852,43018.632904052734
2020-07-25 17:00:00,949.4085235595703,43424.13800048828
2020-07-25 18:00:00,896.5492782592773,39928.918548583984
2020-07-25 19:00:00,811.5168037414551,34317.52280044556
2020-07-25 20:00:00,924.7330169677734,31230.30738067627
2020-07-25 21:00:00,740.8398818969727,27339.34482574463
2020-07-25 22:00:00,730.6187133789062,23918.75138092041
2020-07-25 23:00:00,746.5236206054688,24084.088497161865
2020-07-26 00:00:00,731.7587432861328,23813.978359222412
2020-07-26 01:00:00,786.9610404968262,20147.657524108887
2020-07-26 02:00:00,719.0623474121094,18796.097381591797
2020-07-26 03:00:00,484.5618362426758,20930.908374786377
2020-07-26 04:00:00,642.3418159484863,23405.21755218506
2020-07-26 05:00:00,699.3393783569336,23768.345027923584
2020-07-26 06:00:00,488.3929252624512,21036.43932723999
2020-07-26 07:00:00,356.6259231567383,22510.05549621582
2020-07-26 08:00:00,473.9264221191406,24914.352321624756
2020-07-26 09:00:00,664.9177131652832,25814.091453552246
2020-07-26 10:00:00,632.2025833129883,27871.082302093506
2020-07-26 11:00:00,682.358642578125,27650.24361038208
2020-07-26 12:00:00,793.0007781982422,30804.33603668213
2020-07-26 13:00:00,726.8389930725098,30243.02746963501
2020-07-26 14:00:00,854.2523040771484,32552.153396606445
2020-07-26 15:00:00,790.316463470459,27145.33134841919
2020-07-26 16:00:00,550.2101593017578,23326.787405014038
2020-07-26 17:00:00,513.173734664917,20185.570344924927
2020-07-26 18:00:00,334.3240604400635,17873.15607070923
2020-07-26 19:00:00,440.096004486084,19647.53727722168
2020-07-26 20:00:00,474.59679794311523,21452.250030517578
2020-07-26 21:00:00,599.2697944641113,22876.972583770752
2020-07-26 22:00:00,520.4082450866699,22391.339931488037
2020-07-26 23:00:00,543.6843757629395,22682.21778869629
2020-07-27 00:00:00,489.0525436401367,21364.839729309082
2020-07-27 01:00:00,517.7108955383301,24469.02070236206
2020-07-27 02:00:00,587.9826889038086,24857.721099853516
2020-07-27 03:00:00,661.0970764160156,22044.118381500244
2020-07-27 04:00:00,653.8515281677245,19493.814693450928
2020-07-27 05:00:00,616.451042175293,19580.831470489502
2020-07-27 06:00:00,655.9954299926758,24306.789070129395
2020-07-27 07:00:00,647.2207183837891,25672.482095718384
2020-07-27 08:00:00,634.2280960083008,28284.33763885498
2020-07-27 09:00:00,617.7671165466309,29677.72861099243
2020-07-27 10:00:00,625.1140556335449,31547.976654052734
2020-07-27 11:00:00,627.438606262207,37281.90503692627
2020-07-27 12:00:00,471.02310943603516,43003.15857696533
2020-07-27 13:00:00,575.2152709960938,42902.27309799194
2020-07-27 14:00:00,753.5540809631348,47033.005113601685
2020-07-27 15:00:00,578.1247367858887,48368.322940826416
2020-07-27 16:00:00,430.03965187072754,51036.87189865112
2020-07-27 17:00:00,668.9636993408203,52328.55305480957
2020-07-27 18:00:00,884.3382606506348,53115.94536972046
2020-07-27 19:00:00,933.8850555419922,53985.47020339966
2020-07-27 20:00:00,913.7831573486328,53972.7004776001
2020-07-27 21:00:00,915.6665954589844,54081.009590148926
2020-07-27 22:00:00,955.0553131103516,54150.660011291504
2020-07-27 23:00:00,962.2216262817383,53980.9172668457
2020-07-28 00:00:00,959.6689071655273,52588.54978179932
2020-07-28 01:00:00,918.6492919921875,50303.379302978516
2020-07-28 02:00:00,739.1243438720703,46151.6003074646
2020-07-28 03:00:00,823.6656951904297,46954.67029571533
2020-07-28 04:00:00,836.2019653320312,46767.48628997803
2020-07-28 05:00:00,793.8792343139648,49144.44863128662
2020-07-28 06:00:00,785.2822113037109,50050.085525512695
2020-07-28 07:00:00,902.5660934448242,50754.20960998535
2020-07-28 08:00:00,922.0113830566406,50921.84565734863
2020-07-28 09:00:00,907.8092803955078,50060.09994506836
2020-07-28 10:00:00,874.8238296508789,50234.06810760498
2020-07-28 11:00:00,897.525016784668,50837.2282409668
2020-07-28 12:00:00,873.3601226806641,49610.7993850708
2020-07-28 13:00:00,801.1625061035156,47656.80355453491
2020-07-28 14:00:00,847.6917419433594,49061.306201934814
2020-07-28 15:00:00,807.5423583984375,46082.52044296265
2020-07-28 16:00:00,764.5803451538086,44024.33554840088
2020-07-28 17:00:00,709.4227237701416,45233.707651138306
2020-07-28 18:00:00,710.4192962646484,44972.1616191864
2020-07-28 19:00:00,708.4790420532227,44105.04914474487
2020-07-28 20:00:00,761.8029823303223,46862.84669113159
2020-07-28 21:00:00,887.5748138427734,49299.34049606323
2020-07-28 22:00:00,884.5268707275391,50767.305671691895
2020-07-28 23:00:00,935.324577331543,51279.53626251221
2020-07-29 00:00:00,937.7768859863281,52840.193016052246
2020-07-29 01:00:00,919.5587997436523,51680.68561553955
2020-07-29 02:00:00,906.3139038085938,51401.70217132568
2020-07-29 03:00:00,907.2578887939453,52284.42485809326
2020-07-29 04:00:00,888.6739807128906,51178.87872695923
2020-07-29 05:00:00,898.3770217895508,50437.28959655762
2020-07-29 06:00:00,865.8506317138672,48188.14723968506
2020-07-29 07:00:00,807.0532989501953,45712.356548309326
2020-07-29 08:00:00,805.9548416137695,46110.62461090088
2020-07-29 09:00:00,776.8941879272461,42552.481300354004
2020-07-29 10:00:00,730.2693367004395,36675.31928253174
2020-07-29 11:00:00,722.371883392334,31143.813861846924
2020-07-29 12:00:00,706.175666809082,30680.217803955078
2020-07-29 13:00:00,653.7485790252686,31273.68193244934
2020-07-29 14:00:00,634.4414043426514,29058.92476081848
2020-07-29 15:00:00,609.6660552024841,25266.377192020416
2020-07-29 16:00:00,484.088171005249,20614.441404104233
2020-07-29 17:00:00,435.7565895318985,15899.488118765643
2020-07-29 18:00:00,347.57519814837724,14290.548211187124
2020-07-29 19:00:00,350.07595825195307,13197.784604355693
2020-07-29 20:00:00,321.86328125,10443.5601580441
2020-07-29 21:00:00,283.2827911376953,8771.92160334438
2020-07-29 22:00:00,316.29103088378906,10175.101251222193
2020-07-29 23:00:00,226.1938850060105,8669.169788658619
2020-07-30 00:00:00,203.64788073301312,6978.087166398764
2020-07-30 01:00:00,153.17217579483986,5278.546813368797
2020-07-30 02:00:00,139.53673708438873,5446.288349525072
2020-07-30 03:00:00,168.29378581047058,6052.518573250622
2020-07-30 04:00:00,192.74458503723145,6237.981844007969
2020-07-30 05:00:00,220.7224063873291,5895.873775482178
2020-07-30 06:00:00,247.0807590484619,5473.716123640537
2020-07-30 07:00:00,195.77943801879883,5276.917572975159
2020-07-30 08:00:00,153.5670680999756,4395.602537710918
2020-07-30 09:00:00,156.16709518432617,3516.4438722780906
2020-07-30 10:00:00,213.72452020645142,2435.319277431816
2020-07-30 11:00:00,160.47709393501282,1778.9228428304195
2020-07-30 12:00:00,123.57017195224762,1314.0248817540705
2020-07-30 13:00:00,107.5335850007832,767.9380267858505
2020-07-30 14:00:00,58.521549224853516,501.52746938169
2020-07-30 15:00:00,14.021335143595934,369.3682801416144
2020-07-30 16:00:00,0.5100159309804437,187.23221270740032
2020-07-30 17:00:00,0.4478518366813659,429.3539619669318
2020-07-30 18:00:00,0.032656155526638,300.3410944715142
2020-07-30 19:00:00,0.2308438867330551,88.25457698479295
2020-07-30 20:00:00,6.347830295562744,320.14396338164806
2020-07-30 21:00:00,41.03893852233886,910.8425045758486
2020-07-30 22:00:00,43.032855689525604,1344.9528151750565
2020-07-30 23:00:00,40.19153547286987,1831.3368211090565
2020-07-31 00:00:00,59.05838203430176,2540.402019172907
2020-07-31 01:00:00,32.731403827667236,2465.4830578565598
2020-07-31 02:00:00,48.18862819671631,3487.125349268317
2020-07-31 03:00:00,98.63390731811523,4900.4812026023865
2020-07-31 04:00:00,58.592175006866455,4344.227082967758
2020-07-31 05:00:00,59.4694721698761,4889.511887788773
2020-07-31 06:00:00,81.40522122383118,6696.522333145142
2020-07-31 07:00:00,133.8876543045044,9015.095628738403
2020-07-31 08:00:00,134.44318008422852,9583.344124794006
2020-07-31 09:00:00,128.7800693511963,10993.68641090393
2020-07-31 10:00:00,130.81827545166016,12924.210702896118
2020-07-31 11:00:00,163.445951461792,16977.483491897583
2020-07-31 12:00:00,220.76455688476562,20831.332401275635
2020-07-31 13:00:00,217.94330024719238,20264.361152648926
2020-07-31 14:00:00,297.0076026916504,25412.502544403076
2020-07-31 15:00:00,410.50021743774414,30456.056825637817
2020-07-31 16:00:00,415.25011444091797,30634.070680618286
2020-07-31 17:00:00,380.27730560302734,34549.2342376709
2020-07-31 18:00:00,370.21063232421875,38124.52031326294
2020-07-31 19:00:00,438.8680648803711,41556.22687911987
2020-07-31 20:00:00,606.2423133850098,45388.59016609192
2020-07-31 21:00:00,666.8459014892578,48016.87331581116
2020-07-31 22:00:00,767.2434616088867,50234.51923751831
2020-07-31 23:00:00,831.4979209899902,49080.91077423096
2020-08-01 00:00:00,788.4097900390625,47157.23050689697
2020-08-01 01:00:00,738.5091152191162,42958.10170173645
2020-08-01 02:00:00,751.8119659423828,39956.158425331116
2020-08-01 03:00:00,788.0290946960449,36037.64280128479
2020-08-01 04:00:00,811.3418426513672,31847.944980621338
2020-08-01 05:00:00,724.9949035644531,27566.265920639038
2020-08-01 06:00:00,415.8285789489746,17202.96125793457
2020-08-01 07:00:00,318.6937026977539,15776.983521461487
2020-08-01 08:00:00,163.2065372467041,19017.45290994644
2020-08-01 09:00:00,134.4125099182129,15042.088047027588
2020-08-01 10:00:00,173.51259803771973,17138.679183006287
2020-08-01 11:00:00,307.7420234680176,13144.74436378479
2020-08-01 12:00:00,248.45229721069336,11952.617190361023
2020-08-01 13:00:00,246.16636323928833,10664.455160617828
2020-08-01 14:00:00,247.5373569726944,9009.532423526049
2020-08-01 15:00:00,180.29788717627525,7854.780550479889
2020-08-01 16:00:00,224.25182363390923,6584.626969736069
2020-08-01 17:00:00,216.6145441532135,5757.188652768731
2020-08-01 18:00:00,174.49914956092834,4647.978271283209
2020-08-01 19:00:00,122.11686110496521,4242.697434186935
2020-08-01 20:00:00,110.51321148872375,5432.844351053238
2020-08-01 21:00:00,134.38905334472656,6413.68879032135
2020-08-01 22:00:00,123.45228862762451,4803.984731435776
2020-08-01 23:00:00,109.77404117584229,5217.186354160309
2020-08-02 00:00:00,80.38293266296387,4702.85916519165
2020-08-02 01:00:00,56.65229620039462,3523.641787469387
2020-08-02 02:00:00,64.51318740844727,3270.666335403919
2020-08-02 03:00:00,45.92703437805176,4908.8549835681915
2020-08-02 04:00:00,82.85262960195541,6787.894934654236
2020-08-02 05:00:00,165.4777102470398,9983.556248247623
2020-08-02 06:00:00,246.8203420639038,12993.914042949677
2020-08-02 07:00:00,176.2951464653015,14416.28996515274
2020-08-02 08:00:00,204.4797477722168,15500.18253326416
2020-08-02 09:00:00,358.78064346313477,17662.56756210327
2020-08-02 10:00:00,303.828577041626,17850.86078643799
2020-08-02 11:00:00,352.20011138916016,17392.635650634766
2020-08-02 12:00:00,373.8183307647705,15476.117011070251
2020-08-02 13:00:00,482.74792289733887,14080.957537651062
2020-08-02 14:00:00,432.8719997406006,12110.370750904083
2020-08-02 15:00:00,345.26072335243225,9954.212946787477
2020-08-02 16:00:00,288.7049226760864,6735.46845516935
2020-08-02 17:00:00,246.17847251892093,5176.133868552744
2020-08-02 18:00:00,160.78115528821945,4106.111098179594
2020-08-02 19:00:00,97.5417640209198,4724.384495368227
2020-08-02 20:00:00,77.38414216041565,4579.307313963771
2020-08-02 21:00:00,120.7596971988678,4239.454400062561
2020-08-02 22:00:00,103.20525264739989,3903.3542783260345
2020-08-02 23:00:00,119.24576568603516,4094.903521180153
2020-08-03 00:00:00,118.37190914154053,3018.000149011612
2020-08-03 01:00:00,87.76291275024414,2275.433111190796
2020-08-03 02:00:00,41.096195459365845,1827.9966241568327
2020-08-03 03:00:00,19.853617280721664,905.5396232940257
2020-08-03 04:00:00,0.2218538075685501,461.98154791258276
2020-08-03 05:00:00,0.1676174402236938,664.7097295820713
2020-08-03 06:00:00,13.488422751426697,781.4751650094986
2020-08-03 07:00:00,136.10754776000977,1086.698730610311
2020-08-03 08:00:00,20.48693460226059,745.8100468590856
2020-08-03 09:00:00,4.4611667692661285,541.0732268802822
2020-08-03 10:00:00,0.540602058172226,796.3556822240353
2020-08-03 11:00:00,0.1564800441265106,663.9502811729908
2020-08-03 12:00:00,0.521967351436615,1098.9106481224298
2020-08-03 13:00:00,1.2830083966255188,418.72370995627716
2020-08-03 14:00:00,9.277770787477493,1604.9744515130296
2020-08-03 15:00:00,39.72312009334564,3554.0589605122805
2020-08-03 16:00:00,54.50655698776245,4086.800033032894
2020-08-03 17:00:00,88.87625980377197,5099.460793972015
2020-08-03 18:00:00,116.60703563690186,5343.322337627411
2020-08-03 19:00:00,107.86841368675232,6691.528465986252
2020-08-03 20:00:00,85.2510929107666,6648.235793173313
2020-08-03 21:00:00,66.63516426086426,5600.92069882527
2020-08-03 22:00:00,80.52132961712778,5318.595000267029
2020-08-03 23:00:00,80.84895133972168,4847.585219919682
2020-08-04 00:00:00,73.17548942565918,4998.729938983917
2020-08-04 01:00:00,55.23693561553955,4310.170854330063
2020-08-04 02:00:00,46.834059253335,4200.440386772156
2020-08-04 03:00:00,60.18485641479492,4175.834167480469
2020-08-04 04:00:00,84.26027870178223,3514.03882214427
2020-08-04 05:00:00,118.16519927978516,3656.871749229729
2020-08-04 06:00:00,81.4607744216919,2931.6744932830334
2020-08-04 07:00:00,43.658697724342346,1374.6506740245968
2020-08-04 08:00:00,38.64129066467285,2010.2646675109863
2020-08-04 09:00:00,26.821582794189453,3614.3114989995956
2020-08-04 10:00:00,22.580825805664062,8697.387258291245
2020-08-04 11:00:00,47.01369094848633,12127.20762014389
2020-08-04 12:00:00,70.7677013874054,15038.332088902593
2020-08-04 13:00:00,39.210348546504974,14757.075811177492
2020-08-04 14:00:00,62.06832265853882,18809.687852293253
2020-08-04 15:00:00,110.08571243286133,21004.63615089655
2020-08-04 16:00:00,166.99898958206177,27354.468475818634
2020-08-04 17:00:00,219.11954832077026,31575.784670829773
2020-08-04 18:00:00,190.8603858947754,38619.592628479004
2020-08-04 19:00:00,378.16694259643555,48009.36436462402
2020-08-04 20:00:00,598.5701560974121,49625.72435760498
2020-08-04 21:00:00,764.3177375793457,48841.168212890625
2020-08-04 22:00:00,871.4796142578125,48418.15995025635
2020-08-04 23:00:00,934.7698974609375,50328.83497619629
2020-08-05 00:00:00,935.1125946044921,50495.19728088379
2020-08-05 01:00:00,946.4339294433593,50965.82521057129
2020-08-05 02:00:00,952.4337387084961,51360.008712768555
2020-08-05 03:00:00,946.999641418457,49606.25043487549
2020-08-05 04:00:00,952.8515090942383,48952.153717041016
2020-08-05 05:00:00,942.2958984375,47632.76693725586
2020-08-05 06:00:00,917.6456451416016,45881.23679351807
2020-08-05 07:00:00,926.1511764526367,47193.00645446777
2020-08-05 08:00:00,934.2645568847656,46621.69515991211
2020-08-05 09:00:00,924.9961242675781,45126.4948348999
2020-08-05 10:00:00,922.5960159301758,45676.48686981201
2020-08-05 11:00:00,867.8791732788086,45894.9497756958
2020-08-05 12:00:00,806.701774597168,43506.77637672424
2020-08-05 13:00:00,737.1335945129395,43497.57655906677
2020-08-05 14:00:00,702.9298286437988,39136.96511936188
2020-08-05 15:00:00,643.1549625396729,36788.40958135389
2020-08-05 16:00:00,557.5639791488647,32537.52142827958
2020-08-05 17:00:00,426.6004581451416,28648.36460441351
2020-08-05 18:00:00,225.96980020403862,25994.701043660752
2020-08-05 19:00:00,122.09134221076965,24584.20588684082
2020-08-05 20:00:00,171.8159135580063,21536.14833560586
2020-08-05 21:00:00,244.76154232025146,18695.738910079002
2020-08-05 22:00:00,362.78518629074097,23149.96801328659
2020-08-05 23:00:00,436.68286895751953,22836.796389579773
2020-08-06 00:00:00,590.7985687255859,18962.979476451874
2020-08-06 01:00:00,417.74685859680176,13238.909222602844
2020-08-06 02:00:00,385.8355903625488,9266.615674495697
2020-08-06 03:00:00,282.89648056030273,7112.253539800644
2020-08-06 04:00:00,170.134015083313,6851.474697113037
2020-08-06 05:00:00,149.31173992156982,5940.778778553009
2020-08-06 06:00:00,106.17907905578613,4600.74982881546
2020-08-06 07:00:00,106.4217004776001,5548.210419178009
2020-08-06 08:00:00,115.34976768493652,5746.479034423828
2020-08-06 09:00:00,94.43602275848389,5301.051369190216
2020-08-06 10:00:00,34.99751567840576,2633.0653070509434
2020-08-06 11:00:00,36.52289605140686,2966.552204310894
2020-08-06 12:00:00,25.339947789907455,3149.0797013584524
2020-08-06 13:00:00,17.47195589542389,1975.445563049987
2020-08-06 14:00:00,2.0269315652549267,1852.3840960934758
2020-08-06 15:00:00,0.0,1600.8007674217224
2020-08-06 16:00:00,0.1239759791642427,1405.6640754844993
2020-08-06 17:00:00,5.282655939459801,1265.849118873477
2020-08-06 18:00:00,17.749996662139893,1399.9528755098581
2020-08-06 19:00:00,24.405746459960938,2363.884788222611
2020-08-06 20:00:00,46.33487665653229,3031.3103355169296
2020-08-06 21:00:00,72.20221757888794,3459.076955795288
2020-08-06 22:00:00,109.3681411743164,4929.5937512516975
2020-08-06 23:00:00,56.63845932483673,6021.95729136467
2020-08-07 00:00:00,102.89188957214355,6740.212346315384
2020-08-07 01:00:00,133.9585666656494,7952.922035336494
2020-08-07 02:00:00,132.73212432861328,7583.485463142395
2020-08-07 03:00:00,179.99620056152344,6923.394417762756
2020-08-07 04:00:00,129.95727348327637,4380.101943016052
2020-08-07 05:00:00,92.34852409362793,3282.8435695171356
2020-08-07 06:00:00,62.0023136138916,2678.7185895442963
2020-08-07 07:00:00,101.6258397102356,3066.9778509140015
2020-08-07 08:00:00,80.77484512329102,2916.4667679667473
2020-08-07 09:00:00,52.57023745775222,2917.634963354096
2020-08-07 10:00:00,13.423924297094345,3476.1625321134925
2020-08-07 11:00:00,7.78202486038208,3468.66957167536
2020-08-07 12:00:00,14.709933280944824,3672.438305526972
2020-08-07 13:00:00,33.436442375183105,3503.0147512182593
2020-08-07 14:00:00,30.146015018224716,4284.645633459091
2020-08-07 15:00:00,37.05542239546776,5105.166693890002
2020-08-07 16:00:00,61.943748995661736,6644.031138165854
2020-08-07 17:00:00,67.66437097638845,6596.630425657611
2020-08-07 18:00:00,69.01099228858948,7151.848339554854
2020-08-07 19:00:00,92.92945885658264,7681.88247128576
2020-08-07 20:00:00,80.75088763237,7634.881704926491
2020-08-07 21:00:00,87.59559881687164,7225.632309123874
2020-08-07 22:00:00,117.77696943283081,7516.877688407898
2020-08-07 23:00:00,162.99750328063965,7868.77635383606
2020-08-08 00:00:00,160.34838485717773,7631.91975402832
2020-08-08 01:00:00,156.46106338500977,4885.096546173096
2020-08-08 02:00:00,106.3634386062622,3588.509303301573
2020-08-08 03:00:00,46.65428352355957,2466.597806001082
2020-08-08 04:00:00,10.184170544147491,1223.4212589468807
2020-08-08 05:00:00,5.2371697425842285,529.0879898071289
2020-08-08 06:00:00,8.759826600551605,336.4662896208465
2020-08-08 07:00:00,2.2991032423451543,124.79732670076191
2020-08-08 08:00:00,0.2730355560779571,60.0332478126511
2020-08-08 09:00:00,0.7167818546295166,150.33383809309453
2020-08-08 10:00:00,26.23598003387451,396.28025959432125
2020-08-08 11:00:00,52.394460558891296,1216.899448275566
2020-08-08 12:00:00,43.59845054149628,1523.7572236349806
2020-08-08 13:00:00,27.65866792201996,1801.4147339463234
2020-08-08 14:00:00,38.721503257751465,3614.341425269842
2020-08-08 15:00:00,38.5985751748085,4895.010939002037
2020-08-08 16:00:00,93.74778842926025,7566.36036491394
2020-08-08 17:00:00,111.87521934509277,9513.786562919617
2020-08-08 18:00:00,110.5872688293457,11813.489986419678
2020-08-08 19:00:00,74.59360361099243,15357.135336875916
2020-08-08 20:00:00,78.42325258255005,16900.321228027344
2020-08-08 21:00:00,101.01393795013428,17877.45781135559
2020-08-08 22:00:00,136.34897136688232,14336.741718292236
2020-08-08 23:00:00,173.77675914764404,14349.783714294434
2020-08-09 00:00:00,126.12487649917603,14817.140912532806
2020-08-09 01:00:00,163.6287078857422,16168.473482131958
2020-08-09 02:00:00,164.7696876525879,16868.343762397766
2020-08-09 03:00:00,148.60577154159546,17894.921502113342
2020-08-09 04:00:00,224.49600315093994,20470.422380447388
2020-08-09 05:00:00,288.4065418243408,22275.736530303955
2020-08-09 06:00:00,309.16931915283203,21549.714569091797
2020-08-09 07:00:00,271.75998878479004,17815.799755096436
2020-08-09 08:00:00,302.6848545074463,16552.524084091187
2020-08-09 09:00:00,303.34447860717773,16282.087867736816
2020-08-09 10:00:00,287.59386825561523,20033.006156921387
2020-08-09 11:00:00,266.58216094970703,18410.45295524597
2020-08-09 12:00:00,316.4569263458252,17174.12596321106
2020-08-09 13:00:00,300.8214645385742,19773.004890441895
2020-08-09 14:00:00,320.18749237060547,21551.241192817688
2020-08-09 15:00:00,415.76770782470703,22369.060333251953
2020-08-09 16:00:00,367.357364654541,21175.113983154297
2020-08-09 17:00:00,408.13423919677734,24505.217491149902
2020-08-09 18:00:00,465.58232498168945,28282.551235198975
2020-08-09 19:00:00,397.0338668823242,30527.942993164062
2020-08-09 20:00:00,580.7964172363281,29202.440952301025
2020-08-09 21:00:00,596.1896667480468,26875.533924102783
2020-08-09 22:00:00,466.7239418029785,27213.64545059204
2020-08-09 23:00:00,455.79068756103516,24643.031509399414
2020-08-10 00:00:00,430.2330513000488,23117.446590423584
2020-08-10 01:00:00,395.64091300964355,20605.20471572876
2020-08-10 02:00:00,280.88907051086426,21109.44933128357
2020-08-10 03:00:00,209.9467897415161,22014.616220474243
2020-08-10 04:00:00,183.96279573440552,19042.713089942932
2020-08-10 05:00:00,217.5412483215332,17847.20295715332
2020-08-10 06:00:00,203.6860237121582,15209.643664360046
2020-08-10 07:00:00,196.1121006011963,17970.44094467163
2020-08-10 08:00:00,215.83983707427979,15219.580100297928
2020-08-10 09:00:00,183.12397956848145,13644.15770666115
2020-08-10 10:00:00,206.4804286956787,17704.511144099757
2020-08-10 11:00:00,302.427547454834,18164.30093088746
2020-08-10 12:00:00,416.8222007751465,17754.99810755253
2020-08-10 13:00:00,291.8304557800293,16188.37850856781
2020-08-10 14:00:00,277.1248388290405,15048.2998650074
2020-08-10 15:00:00,304.1062412261963,15926.226293683052
2020-08-10 16:00:00,298.3989658355713,14486.78306722641
2020-08-10 17:00:00,402.7454299926758,19242.45958328247
2020-08-10 18:00:00,553.7819156646729,21031.56320953369
2020-08-10 19:00:00,614.041166305542,23214.997089385986
2020-08-10 20:00:00,487.1445541381836,24740.58073234558
2020-08-10 21:00:00,372.6233081817627,27451.46177482605
2020-08-10 22:00:00,391.3920440673828,30333.421253204346
2020-08-10 23:00:00,354.5010757446289,29933.379550933838
2020-08-11 00:00:00,289.99386978149414,27655.581451416016
2020-08-11 01:00:00,342.46574783325195,26596.598358154297
2020-08-11 02:00:00,367.5232238769531,22889.11354446411
2020-08-11 03:00:00,337.1092700958252,19755.827716827393
2020-08-11 04:00:00,256.0589351654053,19961.24461555481
2020-08-11 05:00:00,300.9097328186035,18524.12861251831
2020-08-11 06:00:00,299.5439643859863,16193.303142547607
2020-08-11 07:00:00,259.4288787841797,13220.310139533132
2020-08-11 08:00:00,273.46670722961426,12136.839459881186
2020-08-11 09:00:00,247.83044815063477,13279.082315921783
2020-08-11 10:00:00,238.59176445007324,12311.395193696022
2020-08-11 11:00:00,360.8993148803711,14329.120590209961
2020-08-11 12:00:00,371.12829303741455,15021.28563259542
2020-08-11 13:00:00,434.04597463458776,14982.335857987404
2020-08-11 14:00:00,508.7932732887566,17403.563289869577
2020-08-11 15:00:00,556.0253756120801,16790.50355546549
2020-08-11 16:00:00,547.6792631149292,17441.76185374707
2020-08-11 17:00:00,609.1090326309204,20152.03205525875
2020-08-11 18:00:00,634.3857345581055,25939.7430909276
2020-08-11 19:00:00,730.0525779724121,31336.754508256912
2020-08-11 20:00:00,810.0439720153809,40959.0858335495
2020-08-11 21:00:00,648.120548248291,47700.259095430374
2020-08-11 22:00:00,718.0813941955566,43911.545045375824
2020-08-11 23:00:00,871.7102165222168,32788.820253670216
2020-08-12 00:00:00,837.8777923583984,28409.53481990099
2020-08-12 01:00:00,724.1273326873779,25912.064752578735
2020-08-12 02:00:00,646.5375003814697,23033.42488721013
2020-08-12 03:00:00,397.1842815876007,24698.031355306506
2020-08-12 04:00:00,85.58426667749882,19429.826392516494
2020-08-12 05:00:00,124.39333745092154,31733.229316542856
2020-08-12 06:00:00,356.22822201251984,25124.96453092899
2020-08-12 07:00:00,406.79877853393555,14360.63426399231
2020-08-12 08:00:00,271.69983863830566,15635.253249697387
2020-08-12 09:00:00,234.69998216629028,12345.973480463028
2020-08-12 10:00:00,158.64172339439392,6126.904970869422
2020-08-12 11:00:00,123.19027321320027,6573.371479230933
2020-08-12 12:00:00,137.92548424005508,6851.386097051203
2020-08-12 13:00:00,174.5525871515274,5021.821315895766
2020-08-12 14:00:00,190.05776977539062,5537.002828359604
2020-08-12 15:00:00,252.9983081817627,5723.64818918705
2020-08-12 16:00:00,334.7543525695801,6124.744857788086
2020-08-12 17:00:00,514.8376026153564,7913.2900314331055
2020-08-12 18:00:00,554.1250514984131,8961.040853500366
2020-08-12 19:00:00,559.5961494445801,9977.347458839417
2020-08-12 20:00:00,583.5084648132324,10903.324396133423
2020-08-12 21:00:00,625.2870864868164,14173.736114501953
2020-08-12 22:00:00,635.9388771057129,10697.720321655273
2020-08-12 23:00:00,629.5433444976807,10303.57333946228
2020-08-13 00:00:00,649.7782382965088,10174.384993553162
2020-08-13 01:00:00,619.7078771591187,10605.090009331703
2020-08-13 02:00:00,405.2293257713318,9841.526465177536
2020-08-13 03:00:00,249.377723634243,8422.010758839548
2020-08-13 04:00:00,258.9038162827492,6129.946077823639
2020-08-13 05:00:00,297.9672341346741,6241.630289077759
2020-08-13 06:00:00,227.13248348236084,5415.798507928848
2020-08-13 07:00:00,150.34652820974588,4603.201005935669
2020-08-13 08:00:00,154.96776580810547,3997.6964616179466
2020-08-13 09:00:00,144.40276336669922,4175.92821097374
2020-08-13 10:00:00,136.36559581756592,5132.410478711128
2020-08-13 11:00:00,144.04016315937042,5406.452712786384
2020-08-13 12:00:00,245.52844369411469,5688.0137704610825
2020-08-13 13:00:00,248.37513065338135,5220.434316426516
2020-08-13 14:00:00,364.8400528514758,5909.326335348189
2020-08-13 15:00:00,343.01591308414936,6441.47091794014
2020-08-13 16:00:00,394.9027018719353,6341.22311828658
2020-08-13 17:00:00,467.58438897132874,7818.723725005984
2020-08-13 18:00:00,558.7416458129883,7925.165683507919
2020-08-13 19:00:00,422.20518267154694,7037.095827152953
2020-08-13 20:00:00,344.00852501392365,9161.88608571887
2020-08-13 21:00:00,485.9976234436035,9856.554079136811
2020-08-13 22:00:00,566.1510167121887,10607.109033194836
2020-08-13 23:00:00,460.4630861282348,10429.558127846569
2020-08-14 00:00:00,323.4045572280884,11282.30011072196
2020-08-14 01:00:00,103.98898650333285,9117.933879854158
2020-08-14 02:00:00,236.56046628952026,7278.812037311494
2020-08-14 03:00:00,365.1739025115967,7013.020009920001
2020-08-14 04:00:00,173.97164154052734,9829.844847112894
2020-08-14 05:00:00,168.21262073516846,11237.866989135742
2020-08-14 06:00:00,122.1094217300415,9057.756490923464
2020-08-14 07:00:00,170.11828422546387,7250.382638346404
2020-08-14 08:00:00,79.15897643752396,4811.66813968122
2020-08-14 09:00:00,76.12139493227005,5144.375597923994
2020-08-14 10:00:00,122.77752014994621,3218.9673504531384
2020-08-14 11:00:00,120.96212638914584,3260.37803562358
2020-08-14 12:00:00,64.99664012342691,3630.1789067685604
2020-08-14 13:00:00,60.28755760192871,4155.908240653109
2020-08-14 14:00:00,70.57090558111668,4494.620502660051
2020-08-14 15:00:00,54.25332832336426,6057.110068663955
2020-08-14 16:00:00,111.29039478302002,6118.570363640785
2020-08-14 17:00:00,85.06484055519104,7539.533848924562
2020-08-14 18:00:00,178.6147726625204,9013.655986863421
2020-08-14 19:00:00,138.90673542022705,8169.268369124271
2020-08-14 20:00:00,248.9353261590004,10836.145923117176
2020-08-14 21:00:00,315.93396282196045,12688.596394985914
2020-08-14 22:00:00,233.34236335754395,11048.593404769897
2020-08-14 23:00:00,196.6198070049286,10692.114179134369
2020-08-15 00:00:00,207.59459924697876,9793.198581933975
2020-08-15 01:00:00,139.1080070734024,8883.346201837063
2020-08-15 02:00:00,169.79939910396934,9151.526070825756
2020-08-15 03:00:00,113.30367177724838,11286.235414519906
2020-08-15 04:00:00,218.34626999497414,13151.776266705245
2020-08-15 05:00:00,257.04127222299576,14316.05093082413
2020-08-15 06:00:00,347.47548544406885,13198.321061015129
2020-08-15 07:00:00,285.1197259500623,12977.377980377525
2020-08-15 08:00:00,249.92119592428207,12473.216516118497
2020-08-15 09:00:00,228.56565922498703,11740.73326036334
2020-08-15 10:00:00,278.8943018615246,10184.968846529722
2020-08-15 11:00:00,149.55773162841797,9458.234007120132
2020-08-15 12:00:00,137.15841674804688,8945.461429946125
2020-08-15 13:00:00,156.1175994873047,9023.55554357171
2020-08-15 14:00:00,139.53817749023438,8351.724204361439
2020-08-15 15:00:00,187.1823959350586,8880.997932556551
2020-08-15 16:00:00,178.25488138198853,9459.272925579455
2020-08-15 17:00:00,203.02012884616852,10600.044739203528
2020-08-15 18:00:00,192.96953582763672,11493.392587736249
2020-08-15 19:00:00,141.72248768806458,11034.512562153861
2020-08-15 20:00:00,178.32219195365906,10388.057885461254
2020-08-15 21:00:00,159.03189992904663,10525.545282542706
2020-08-15 22:00:00,193.20162963867188,9264.195532083511
2020-08-15 23:00:00,209.78574419021606,10680.947365939617
2020-08-16 00:00:00,185.01430320739746,11130.526458080858
2020-08-16 01:00:00,190.59259223937988,9709.08631873224
2020-08-16 02:00:00,198.92323970794678,10071.884753152728
2020-08-16 03:00:00,167.6239013671875,10556.23319664225
2020-08-16 04:00:00,136.13419437408447,8675.458468794823
2020-08-16 05:00:00,94.03953838348389,8009.484856285155
2020-08-16 06:00:00,44.97472381591797,10116.811220508069
2020-08-16 07:00:00,7.393616616725922,9362.587536287028
2020-08-16 08:00:00,10.396838404238224,9018.045084303245
2020-08-16 09:00:00,8.036607101559639,8511.491259478033
2020-08-16 10:00:00,5.821425437927246,8320.918833747506
2020-08-16 11:00:00,26.468030631542206,6603.339959509671
2020-08-16 12:00:00,54.07622480392456,6122.678485073149
2020-08-16 13:00:00,93.19174718856812,6248.8283205628395
2020-08-16 14:00:00,153.78227138519287,6327.831526994705
2020-08-16 15:00:00,115.66693210601807,6722.427602887154
2020-08-16 16:00:00,175.7063627243042,6718.308170557022
2020-08-16 17:00:00,280.8334331512451,8350.399828811176
2020-08-16 18:00:00,200.72546768188477,7824.377265363932
2020-08-16 19:00:00,228.86934387683868,4468.602969646454
2020-08-16 20:00:00,385.81664848327637,10082.487007796764
2020-08-16 21:00:00,371.9243679046631,9524.972107715905
2020-08-16 22:00:00,275.782883644104,16402.673327721655
2020-08-16 23:00:00,644.3574810028076,13682.788468301296
2020-08-17 00:00:00,90.07787716388702,5625.126436546445
2020-08-17 01:00:00,56.733181953430176,3037.304841659963
2020-08-17 02:00:00,31.81672477722168,4104.218904256821
2020-08-17 03:00:00,41.00090456008911,5446.994248228148
2020-08-17 04:00:00,55.38343596458435,6041.523083604872
2020-08-17 05:00:00,59.71294987201691,4083.599819779396
2020-08-17 06:00:00,106.22039651870728,3098.572160243988
2020-08-17 07:00:00,67.99923706054688,2546.869945138693
2020-08-17 08:00:00,48.29739397764206,2450.9585002176464
2020-08-17 09:00:00,37.343974173069,1727.4344212342985
2020-08-17 10:00:00,20.38696551322937,1132.8692023223266
2020-08-17 11:00:00,1.8583656698465347,906.1492267549038
2020-08-17 12:00:00,0.5533743747510015,560.3097117170691
2020-08-17 13:00:00,1.1913845539093018,625.2365143448114
2020-08-17 14:00:00,44.086473528295755,480.8947350010276
2020-08-17 15:00:00,14.33885669708252,119.80038522183895
2020-08-17 16:00:00,22.328714698553085,247.86531964875758
2020-08-17 17:00:00,6.128381788730621,314.04724521562457
2020-08-17 18:00:00,0.2926177680492401,869.5977893676609
2020-08-17 19:00:00,44.951184034347534,1313.0897669903934
2020-08-17 20:00:00,42.0222692489624,1841.192708015442
2020-08-17 21:00:00,51.08096194267273,2517.781136918813
2020-08-17 22:00:00,51.232747077941895,1418.6064088344574
2020-08-17 23:00:00,78.0493974685669,1949.640303850174
2020-08-18 00:00:00,78.372478723526,2755.5805966854095
2020-08-18 01:00:00,81.05419540405273,2690.072099208832
2020-08-18 02:00:00,92.22061157226562,3643.295218631625
2020-08-18 03:00:00,103.62367916107178,3515.0440015792847
2020-08-18 04:00:00,105.00853729248048,2429.7337358146906
2020-08-18 05:00:00,151.4295196533203,2965.012606739998
2020-08-18 06:00:00,172.49069786071777,4332.657581806183
2020-08-18 07:00:00,134.32075119018555,4241.900318145752
2020-08-18 08:00:00,114.50440406799316,5659.817666053772
2020-08-18 09:00:00,139.7584629058838,6295.867498397827
2020-08-18 10:00:00,191.5443000793457,4779.853735923767
2020-08-18 11:00:00,213.23657989501953,6018.62836265564
2020-08-18 12:00:00,259.1510810852051,7045.771106719971
2020-08-18 13:00:00,270.08997344970703,8660.16628074646
2020-08-18 14:00:00,283.0223388671875,9404.33120918274
2020-08-18 15:00:00,229.4246063232422,7260.909400939941
2020-08-18 16:00:00,126.16665840148926,6271.677115440369
2020-08-18 17:00:00,86.8707857131958,4703.097008705139
2020-08-18 18:00:00,76.29254150390625,4139.974429130554
2020-08-18 19:00:00,67.34688568115234,4861.376046180725
2020-08-18 20:00:00,70.44700908660889,6252.640634536743
2020-08-18 21:00:00,94.8340015411377,6864.860545635223
2020-08-18 22:00:00,78.7137041091919,7146.548956871033
2020-08-18 23:00:00,120.21096801757812,7385.4933404922485
2020-08-19 00:00:00,111.02184200286865,7360.5063123703
2020-08-19 01:00:00,109.73543930053711,9148.2174949646
2020-08-19 02:00:00,138.70892524719238,10054.555803537369
2020-08-19 03:00:00,176.91506385803223,8459.962765693665
2020-08-19 04:00:00,185.83810997009277,8054.867800235748
2020-08-19 05:00:00,201.1884479522705,6223.130210876465
2020-08-19 06:00:00,189.87209510803223,7098.8061809539795
2020-08-19 07:00:00,220.62499618530273,7688.967200279236
2020-08-19 08:00:00,247.50670051574707,8333.486050605774
2020-08-19 09:00:00,242.57329559326172,8946.842396736145
2020-08-19 10:00:00,177.89867782592773,10256.065279006958
2020-08-19 11:00:00,196.38518142700195,11519.596490859985
2020-08-19 12:00:00,152.21796226501465,10842.784782886505
2020-08-19 13:00:00,113.06522464752197,10304.039999961853
2020-08-19 14:00:00,90.12502765655518,10711.922561645508
2020-08-19 15:00:00,99.40154659748077,10949.740198612213
2020-08-19 16:00:00,202.72902773320675,13792.441116929054
2020-08-19 17:00:00,239.0802145600319,16592.174697995186
2020-08-19 18:00:00,409.41651713848114,21880.395711660385
2020-08-19 19:00:00,586.8677535653114,27330.375508785248
2020-08-19 20:00:00,624.5920791625977,30012.54244041443
2020-08-19 21:00:00,604.7096691131592,34697.178382873535
2020-08-19 22:00:00,814.836238861084,37533.12202835083
2020-08-19 23:00:00,716.3253898620605,36766.43008041382
2020-08-20 00:00:00,542.1260452270508,36857.742347717285
2020-08-20 01:00:00,587.9851989746094,40959.77373504639
2020-08-20 02:00:00,719.4367599487305,38328.7959022522
2020-08-20 03:00:00,487.4480209350586,35410.66596984863
2020-08-20 04:00:00,475.7445297241211,31296.274787902832
2020-08-20 05:00:00,556.3483963012695,31174.285354614258
2020-08-20 06:00:00,584.9160385131836,32938.69186401367
2020-08-20 07:00:00,622.7041854858398,36415.71654510498
2020-08-20 08:00:00,675.3065490722656,33933.817710876465
2020-08-20 09:00:00,721.9089660644531,23912.320062160492
2020-08-20 10:00:00,525.5280151367188,19069.72354570031
2020-08-20 11:00:00,531.929336708039,12483.818105518818
2020-08-20 12:00:00,452.93843054771423,8325.486968144774
2020-08-20 13:00:00,236.56205606460568,5622.541063994169
2020-08-20 14:00:00,157.02266478538513,3982.318911552429
2020-08-20 15:00:00,183.28690338134766,4393.969398498535
2020-08-20 16:00:00,106.90820789337158,7531.083063814789
2020-08-20 17:00:00,95.51019668579102,9029.082536697388
2020-08-20 18:00:00,53.55892562866211,9274.723098754883
2020-08-20 19:00:00,188.7492561340332,11065.037602949888
2020-08-20 20:00:00,296.4454231262207,14709.894010543823
2020-08-20 21:00:00,438.72113704681396,21163.391189098358
2020-08-20 22:00:00,554.871337890625,22394.334014713764
2020-08-20 23:00:00,370.0782560110092,25202.100920371944
2020-08-21 00:00:00,161.0545675754547,20341.87110863626
2020-08-21 01:00:00,354.2741003036499,17767.621592681855
2020-08-21 02:00:00,673.501615524292,26001.068084716797
2020-08-21 03:00:00,928.083137512207,37670.27262401581
2020-08-21 04:00:00,962.7114181518555,43417.22644805908
2020-08-21 05:00:00,963.5020904541016,45623.63102722168
2020-08-21 06:00:00,954.6442718505859,44661.24027252197
2020-08-21 07:00:00,960.823356628418,50842.493980407715
2020-08-21 08:00:00,945.4237518310547,53324.92933654785
2020-08-21 09:00:00,951.2627792358398,54228.881996154785
2020-08-21 10:00:00,941.6230163574219,54073.45184326172
2020-08-21 11:00:00,958.3516845703125,54184.15985107422
2020-08-21 12:00:00,950.5297393798828,54232.746520996094
2020-08-21 13:00:00,963.3031387329102,54305.05530548096
2020-08-21 14:00:00,963.3420486450195,54249.71576690674
2020-08-21 15:00:00,962.135627746582,54167.95807647705
2020-08-21 16:00:00,963.260513305664,54200.34294128418
2020-08-21 17:00:00,964.0733871459961,54266.436210632324
2020-08-21 18:00:00,963.7984161376953,54182.27143859863
2020-08-21 19:00:00,964.2196197509766,54142.49287414551
2020-08-21 20:00:00,961.5535202026367,54295.16473388672
2020-08-21 21:00:00,922.8464126586914,54171.10789489746
2020-08-21 22:00:00,957.9957122802734,54077.58908081055
2020-08-21 23:00:00,962.2061157226562,54290.71668243408
2020-08-22 00:00:00,963.1662063598633,54344.52445983887
2020-08-22 01:00:00,962.6566390991211,54181.18696594238
2020-08-22 02:00:00,963.5326232910156,53999.911293029785
2020-08-22 03:00:00,963.2871627807617,53863.42580413818
2020-08-22 04:00:00,961.6141052246094,53780.439933776855
2020-08-22 05:00:00,963.7653427124023,53759.58208465576
2020-08-22 06:00:00,962.8635711669922,53836.362731933594
2020-08-22 07:00:00,962.1340866088867,53855.52761077881
2020-08-22 08:00:00,962.0084762573242,53750.58924102783
2020-08-22 09:00:00,962.4562377929688,53635.6672668457
2020-08-22 10:00:00,962.7549362182617,53325.12461090088
2020-08-22 11:00:00,963.7737426757812,53061.818855285645
2020-08-22 12:00:00,963.6264572143555,52002.9826965332
2020-08-22 13:00:00,961.9068908691406,50820.42440032959
2020-08-22 14:00:00,963.4287261962891,48997.75100708008
2020-08-22 15:00:00,964.2671203613281,47379.18123626709
2020-08-22 16:00:00,962.9000778198242,46991.12062835693
2020-08-22 17:00:00,963.60302734375,45902.829582214355
2020-08-22 18:00:00,958.8752670288086,40033.50907897949
2020-08-22 19:00:00,814.9364624023438,42389.75218963623
2020-08-22 20:00:00,961.1731338500977,41727.17101287842
2020-08-22 21:00:00,955.6955642700195,39247.73373413086
2020-08-22 22:00:00,959.6015014648438,44422.33485412598
2020-08-22 23:00:00,822.357048034668,38870.82872009277
2020-08-23 00:00:00,935.5070114135742,41066.97509765625
2020-08-23 01:00:00,817.1307678222656,41045.61389160156
2020-08-23 02:00:00,509.21839904785156,39592.1365814209
2020-08-23 03:00:00,686.647087097168,40422.05667877197
2020-08-23 04:00:00,815.8966827392578,36527.75894165039
2020-08-23 05:00:00,770.0693969726562,34342.25701904297
2020-08-23 06:00:00,704.7317428588867,31687.46403503418
2020-08-23 07:00:00,914.1181793212891,31778.031448364258
2020-08-23 08:00:00,873.0032424926758,28889.214988708496
2020-08-23 09:00:00,746.8367538452147,29120.07526397705
2020-08-23 10:00:00,548.2460021972656,26200.32709503174
2020-08-23 11:00:00,597.7223587036133,27565.188217163086
2020-08-23 12:00:00,592.086540222168,26653.335300445557
2020-08-23 13:00:00,630.6323165893555,28687.344650268555
2020-08-23 14:00:00,592.1673545837402,21707.097457885742
2020-08-23 15:00:00,503.534854888916,17688.286018371582
2020-08-23 16:00:00,424.2143278121948,13859.374234199524
2020-08-23 17:00:00,358.234872341156,12217.429594755173
2020-08-23 18:00:00,401.11313343048096,9036.055200576782
2020-08-23 19:00:00,374.1850929260254,7039.400030136108
2020-08-23 20:00:00,389.7990188598633,7044.366651535034
2020-08-23 21:00:00,382.3207092285156,9362.940345406532
2020-08-23 22:00:00,372.65274810791016,6841.404154494405
2020-08-23 23:00:00,295.03191566467285,5733.971956372261
2020-08-24 00:00:00,247.04858207702637,6058.83301743865
2020-08-24 01:00:00,178.63420724868774,7871.963413745165
2020-08-24 02:00:00,199.91940116882324,9127.387682676315
2020-08-24 03:00:00,124.72220027446747,9759.928756572306
2020-08-24 04:00:00,126.1247787475586,8915.764295302331
2020-08-24 05:00:00,180.87376403808594,9908.280104637146
2020-08-24 06:00:00,190.4145622253418,10215.929400794208
2020-08-24 07:00:00,247.61449241638184,13031.993097782135
2020-08-24 08:00:00,332.06570053100586,15070.349899291992
2020-08-24 09:00:00,438.26972579956055,15065.959899902344
2020-08-24 10:00:00,444.82567596435547,20039.316791534424
2020-08-24 11:00:00,524.1004028320312,22302.89028930664
2020-08-24 12:00:00,510.9479446411133,20092.568099975586
2020-08-24 13:00:00,420.78318786621094,17917.643264770508
2020-08-24 14:00:00,448.72649002075195,13578.893539428711
2020-08-24 15:00:00,284.82015228271484,11460.371276855469
2020-08-24 16:00:00,362.0518436431885,6683.511096000671
2020-08-24 17:00:00,260.21836280822754,3666.3602418899536
2020-08-24 18:00:00,114.38330841064453,2418.9806418418884
2020-08-24 19:00:00,39.874107249081135,536.1710533797741
2020-08-24 20:00:00,27.476360321044922,411.84604930877686
2020-08-24 21:00:00,14.757210731506348,332.3045309484005
2020-08-24 22:00:00,0.0,764.8576484918594
2020-08-24 23:00:00,17.660877227783203,841.999719619751
2020-08-25 00:00:00,14.595845699310303,1410.1449640840292
2020-08-25 01:00:00,49.260324478149414,3569.560297191143
2020-08-25 02:00:00,58.931342124938965,4873.6352211833
2020-08-25 03:00:00,104.8409013748169,8794.779281139374
2020-08-25 04:00:00,235.67232131958008,10975.656457901001
2020-08-25 05:00:00,310.3548812866211,18285.875175476074
2020-08-25 06:00:00,521.2585144042969,26534.761848449707
2020-08-25 07:00:00,726.3547286987305,34940.88912963867
2020-08-25 08:00:00,914.0699234008789,44289.61789703369
2020-08-25 09:00:00,954.9082641601562,48987.32376861572
2020-08-25 10:00:00,960.9150772094727,52182.67282104492
2020-08-25 11:00:00,962.1070709228516,52922.57335662842
2020-08-25 12:00:00,962.3006744384766,53520.448722839355
2020-08-25 13:00:00,963.4107666015625,53955.4909362793
2020-08-25 14:00:00,962.6686782836914,54271.09506225586
2020-08-25 15:00:00,960.6308670043945,54100.080894470215
2020-08-25 16:00:00,962.6071853637695,54268.28029632568
2020-08-25 17:00:00,961.5399703979492,54254.74842071533
2020-08-25 18:00:00,961.0762634277344,54161.94274902344
2020-08-25 19:00:00,961.6735992431641,52330.64486980438
2020-08-25 20:00:00,962.8406219482422,52460.73033905029
2020-08-25 21:00:00,962.9242095947266,53364.28271484375
2020-08-25 22:00:00,965.0650405883789,49814.660427093506
2020-08-25 23:00:00,962.2891006469727,48072.9495010376
2020-08-26 00:00:00,961.5699234008789,46661.922988414764
2020-08-26 01:00:00,965.6833953857422,37194.26457595825
2020-08-26 02:00:00,602.8426513671875,25492.707275390625
2020-08-26 03:00:00,603.6033325195312,19286.895263671875
2020-08-26 04:00:00,714.493540763855,28661.48528289795
2020-08-26 05:00:00,961.3952941894531,37017.14144897461
2020-08-26 06:00:00,960.5683517456055,42685.12905883789
2020-08-26 07:00:00,962.8900299072266,47820.47018432617
2020-08-26 08:00:00,962.3540954589844,45611.67875671387
2020-08-26 09:00:00,961.0494689941406,42606.250984191895
2020-08-26 10:00:00,962.9209899902344,43950.90247344971
2020-08-26 11:00:00,962.8399124145508,44794.269203186035
2020-08-26 12:00:00,963.5553512573242,48372.27384185791
2020-08-26 13:00:00,963.7339019775391,46053.85506439209
2020-08-26 14:00:00,941.485595703125,46474.2420501709
2020-08-26 15:00:00,868.766975402832,49237.238357543945
2020-08-26 16:00:00,904.1945724487305,53573.04271697998
2020-08-26 17:00:00,963.5973739624023,53231.648025512695
2020-08-26 18:00:00,963.8139953613281,52712.53589248657
2020-08-26 19:00:00,957.242088317871,49296.82954645157
2020-08-26 20:00:00,923.4950332641602,37528.81498606503
2020-08-26 21:00:00,809.5585250854492,27025.234465301037
2020-08-26 22:00:00,668.6837425231934,23995.807578086853
2020-08-26 23:00:00,662.0134105682373,20341.89933681488
2020-08-27 00:00:00,640.6095552444458,17157.918243408203
2020-08-27 01:00:00,579.3926926143467,15409.775617212057
2020-08-27 02:00:00,475.09592294692993,11493.805307066068
2020-08-27 03:00:00,385.2254676967859,8358.309580691159
2020-08-27 04:00:00,310.8221435546875,6638.377951055765
2020-08-27 05:00:00,267.1302947998047,4594.779056698084
2020-08-27 06:00:00,226.68183135986328,3483.611044049263
2020-08-27 07:00:00,161.52394104003906,2798.491828531027
2020-08-27 08:00:00,93.82442939281464,2064.7260585576296
2020-08-27 09:00:00,75.5915789604187,1990.4939608424902
2020-08-27 10:00:00,124.87828588485718,2897.2994022369385
2020-08-27 11:00:00,103.26024627685547,2957.1107781380415
2020-08-27 12:00:00,117.88952784147112,4032.627504348755
2020-08-27 13:00:00,90.38674911111593,5136.002759307623
2020-08-27 14:00:00,51.75297737121582,4251.198104441166
2020-08-27 15:00:00,50.69354438781738,5457.234982408583
2020-08-27 16:00:00,112.88461875915527,7208.27707143873
2020-08-27 17:00:00,112.58949422836304,6279.616893291473
2020-08-27 18:00:00,172.72130966186523,7750.147333577275
2020-08-27 19:00:00,203.79724884033203,13221.835144042969
2020-08-27 20:00:00,315.5799789428711,20002.60488510132
2020-08-27 21:00:00,400.21345138549805,26070.26007080078
2020-08-27 22:00:00,487.1873359680176,28272.005321502686
2020-08-27 23:00:00,580.5306015014648,29077.104930877686
2020-08-28 00:00:00,741.9345817565918,30959.873867034912
2020-08-28 01:00:00,893.9814682006836,39679.93921279907
2020-08-28 02:00:00,943.674934387207,40518.20613861084
2020-08-28 03:00:00,960.0741500854492,36930.02196788788
2020-08-28 04:00:00,884.404296875,38071.23092454672
2020-08-28 05:00:00,934.9274215698242,38163.351449012756
2020-08-28 06:00:00,963.0274429321289,40280.6824798584
2020-08-28 07:00:00,796.5344619750977,41829.568435668945
2020-08-28 08:00:00,744.8711853027344,42866.937744140625
2020-08-28 09:00:00,717.9020919799805,43125.54998779297
2020-08-28 10:00:00,685.2386474609375,38747.877292096615
2020-08-28 11:00:00,844.7440223693848,33551.94069445133
2020-08-28 12:00:00,931.90673828125,31101.457189559937
2020-08-28 13:00:00,833.1236915588379,27000.329301834106
2020-08-28 14:00:00,703.6268501281738,23896.37606906891
2020-08-28 15:00:00,553.956883430481,22716.93507364951
2020-08-28 16:00:00,345.3024482727051,21947.413053184748
2020-08-28 17:00:00,185.1511778831482,23869.169160842896
2020-08-28 18:00:00,186.1559772491455,23633.55455055833
2020-08-28 19:00:00,142.60902404785156,24172.59801863134
2020-08-28 20:00:00,128.53375244140625,23996.178015232086
2020-08-28 21:00:00,183.73376309871674,24896.054697334766
2020-08-28 22:00:00,249.78390008211136,28106.679081055336
2020-08-28 23:00:00,254.57592517789453,26591.877993933856
2020-08-29 00:00:00,377.98956871032715,25848.872033819556
2020-08-29 01:00:00,465.925799369812,26476.478514432907
2020-08-29 02:00:00,639.9869871139526,30446.030518621206
2020-08-29 03:00:00,729.5746210273355,34940.23643755913
2020-08-29 04:00:00,658.8641815185547,36100.34348678589
2020-08-29 05:00:00,719.2113189697266,35059.80634212494
2020-08-29 06:00:00,889.8815155029297,33500.39056736231
2020-08-29 07:00:00,611.8916530609131,32681.835998680443
2020-08-29 08:00:00,500.8292350769043,30338.186071023345
2020-08-29 09:00:00,459.56121826171875,28628.99690103531
2020-08-29 10:00:00,227.80359649658203,32296.10453224182
2020-08-29 11:00:00,393.5587348937988,32168.92819404602
2020-08-29 12:00:00,470.21423721313477,32507.01035308838
2020-08-29 13:00:00,217.51494598388672,31475.590859413147
2020-08-29 14:00:00,263.1577491760254,32175.72452020645
2020-08-29 15:00:00,161.76769042015076,30247.646013259888
2020-08-29 16:00:00,122.27511596679688,26050.745569229126
2020-08-29 17:00:00,120.58063507080078,31295.759490966797
2020-08-29 18:00:00,112.5993201136589,34859.77662754059
2020-08-29 19:00:00,252.63401412963867,35057.34843683243
2020-08-29 20:00:00,292.51291847229004,36881.43494987488
2020-08-29 21:00:00,365.1524848937988,36742.26551055908
2020-08-29 22:00:00,446.39759826660156,36540.47134208679
2020-08-29 23:00:00,420.71118545532227,38342.62580490112
2020-08-30 00:00:00,465.65176010131836,42264.18388938904
2020-08-30 01:00:00,275.28984451293945,40534.924098968506
2020-08-30 02:00:00,361.932804107666,42528.002740859985
2020-08-30 03:00:00,315.39024353027344,45598.8695640564
2020-08-30 04:00:00,356.63728523254395,47777.09738922119
2020-08-30 05:00:00,552.1349487304688,50668.160289764404
2020-08-30 06:00:00,688.1560287475586,51723.6534576416
2020-08-30 07:00:00,712.1809997558594,52752.49411773682
2020-08-30 08:00:00,819.3419647216797,52400.58528137207
2020-08-30 09:00:00,946.6641006469727,51392.356788635254
2020-08-30 10:00:00,963.0605163574219,51881.77565765381
2020-08-30 11:00:00,963.8827972412109,51009.0813369751
2020-08-30 12:00:00,964.0136032104492,47142.54209136963
2020-08-30 13:00:00,963.7012023925781,45981.95764160156
2020-08-30 14:00:00,950.1189270019531,44788.944076538086
2020-08-30 15:00:00,892.8205108642578,41366.7551574707
2020-08-30 16:00:00,795.2748641967773,36888.76363372803
2020-08-30 17:00:00,846.0289535522461,33709.51191711426
2020-08-30 18:00:00,787.4839553833008,31263.11742401123
2020-08-30 19:00:00,612.7321624755859,26615.350524902344
2020-08-30 20:00:00,596.0571899414062,26685.824913024902
2020-08-30 21:00:00,581.8240623474121,22798.82724761963
2020-08-30 22:00:00,555.3227996826172,21138.302978515625
2020-08-30 23:00:00,465.22125244140625,16741.79058456421
2020-08-31 00:00:00,382.01493072509766,13727.74411392212
2020-08-31 01:00:00,330.41746520996094,12617.404109954834
2020-08-31 02:00:00,306.7323398590088,12631.802326202393
2020-08-31 03:00:00,291.92249488830566,11312.215768814087
2020-08-31 04:00:00,339.3085021972656,11899.384504318237
2020-08-31 05:00:00,310.89061546325684,9401.175060272217
2020-08-31 06:00:00,275.3116235733032,8439.76716041565
2020-08-31 07:00:00,237.25214958190918,9902.720760345459
2020-08-31 08:00:00,221.22882652282715,9047.010640144348
2020-08-31 09:00:00,203.0008487701416,8646.65849494934
2020-08-31 10:00:00,242.2563591003418,10585.250695228577
2020-08-31 11:00:00,265.47740936279297,9677.766025543213
2020-08-31 12:00:00,191.0757884979248,8642.432777404785
2020-08-31 13:00:00,214.2193374633789,8217.920624732971
2020-08-31 14:00:00,236.12234687805176,7384.404179573059
2020-08-31 15:00:00,244.3360891342163,6354.988670349121
2020-08-31 16:00:00,172.74337244033813,5003.969089984894
2020-08-31 17:00:00,228.05466890335083,4918.830880641937
2020-08-31 18:00:00,257.06701135635376,5158.0113352537155
2020-08-31 19:00:00,167.04802465438843,4782.74163120985
2020-08-31 20:00:00,167.25831937789917,5234.268496394157
2020-08-31 21:00:00,105.3108777999878,5201.731594085693
2020-08-31 22:00:00,59.78532791137695,3981.3642867058516
2020-08-31 23:00:00,18.244629681110382,3485.309215128422
2020-09-01 00:00:00,7.956301689147949,2813.1754251867533
2020-09-01 01:00:00,10.213724613189697,2567.63065803051
2020-09-01 02:00:00,40.19540786743164,2362.432239204645
2020-09-01 03:00:00,27.147128105163574,2160.4005381166935
2020-09-01 04:00:00,12.689900398254395,2261.2056616544724
2020-09-01 05:00:00,2.28079754114151,2941.1117367744446
2020-09-01 06:00:00,2.6657171845436096,3545.649342954159
2020-09-01 07:00:00,36.17783832550049,3525.888886243105
2020-09-01 08:00:00,35.98471260070801,3996.1629510526545
2020-09-01 09:00:00,18.83532290160656,4596.255562605336
2020-09-01 10:00:00,32.592453522607684,4117.599897451699
2020-09-01 11:00:00,42.18027853965759,3462.38543048501
2020-09-01 12:00:00,56.302204608917236,2341.0979844629765
2020-09-01 13:00:00,50.88969256356358,2522.2475260198116
2020-09-01 14:00:00,85.20272517204285,2372.2330630589277
2020-09-01 15:00:00,129.3862442970276,2620.540377061814
2020-09-01 16:00:00,121.12258493900299,2685.647839039564
2020-09-01 17:00:00,79.56012219190598,2870.4311839081347
2020-09-01 18:00:00,58.050586223602295,2920.8220530599356
2020-09-01 19:00:00,93.83280020952225,3120.716997806914
2020-09-01 20:00:00,111.84305453300476,3455.106555737555
2020-09-01 21:00:00,82.42193803936243,3173.0044016838074
2020-09-01 22:00:00,48.82730674743652,2795.8866605982184
2020-09-01 23:00:00,26.92803978919983,2091.3658569157124
2020-09-02 00:00:00,3.499466836452484,2090.535728931427
2020-09-02 01:00:00,5.9410552978515625,1612.1762755811214
2020-09-02 02:00:00,1.471556305885315,1205.4333139043301
2020-09-02 03:00:00,1.2747775316238403,1147.7453482747078
2020-09-02 04:00:00,24.9388370513916,908.3265684992075
2020-09-02 05:00:00,25.17714214324951,746.4600916220807
2020-09-02 06:00:00,25.200300216674805,722.7118691802025
2020-09-02 07:00:00,1.741940788924694,717.9203040357679
2020-09-02 08:00:00,0.1919888108968734,924.7492235451937
2020-09-02 09:00:00,0.9037790894508362,1201.4493110701442
2020-09-02 10:00:00,0.0,1640.3984205722809
2020-09-02 11:00:00,0.0,1998.8859596252441
2020-09-02 12:00:00,0.0,3329.128167927265
2020-09-02 13:00:00,0.1874373108148574,4516.127542972565
2020-09-02 14:00:00,5.081143140792847,5066.633259881288
2020-09-02 15:00:00,1.498286485671997,4298.553406268358
2020-09-02 16:00:00,8.136165916919708,4727.749145776033
2020-09-02 17:00:00,0.9964778497815131,4732.832753336057
2020-09-02 18:00:00,0.0722610130906105,5337.6889702267945
2020-09-02 19:00:00,12.08681745827198,12982.77675974369
2020-09-02 20:00:00,38.42352104187012,17166.24955224991
2020-09-02 21:00:00,87.55879211425781,20729.797600269318
2020-09-02 22:00:00,85.19584655761719,25384.530220985413
2020-09-02 23:00:00,139.16469860076904,26028.62793159485
2020-09-03 00:00:00,291.4253921508789,28213.859382629395
2020-09-03 01:00:00,449.93666076660156,28497.428342819214
2020-09-03 02:00:00,639.3541870117188,37650.456398010254
2020-09-03 03:00:00,611.0496215820312,43523.06619262695
2020-09-03 04:00:00,706.8067855834961,45697.22472381592
2020-09-03 05:00:00,913.2221755981445,50578.54206466675
2020-09-03 06:00:00,953.911262512207,52857.54569244385
2020-09-03 07:00:00,959.3210601806641,53552.64621734619
2020-09-03 08:00:00,962.3949203491211,52326.56887054443
2020-09-03 09:00:00,962.1337814331055,51325.53072357178
2020-09-03 10:00:00,963.5253753662109,49921.35950469971
2020-09-03 11:00:00,963.6686477661133,47187.870613098145
2020-09-03 12:00:00,962.7579803466797,45663.41175842285
2020-09-03 13:00:00,959.6906967163086,46481.91495513916
2020-09-03 14:00:00,954.4685211181641,42702.682205200195
2020-09-03 15:00:00,959.68505859375,39500.32395172119
2020-09-03 16:00:00,944.0012969970703,33369.858406066895
2020-09-03 17:00:00,930.8917388916016,31067.041091918945
2020-09-03 18:00:00,578.2337341308594,28673.749801635742
2020-09-03 19:00:00,766.0340728759766,30281.13779449463
2020-09-03 20:00:00,640.6779556274414,32603.81764984131
2020-09-03 21:00:00,462.90087127685547,31048.147872924805
2020-09-03 22:00:00,539.4906768798828,26674.071128845215
2020-09-03 23:00:00,417.7425651550293,25550.966051101685
2020-09-04 00:00:00,444.44941329956055,27463.116708755493
2020-09-04 01:00:00,472.22717475891113,22648.92692375183
2020-09-04 02:00:00,465.230429649353,23020.20592021942
2020-09-04 03:00:00,429.83834171295166,21131.191701889038
2020-09-04 04:00:00,341.86872482299805,19309.721906661987
2020-09-04 05:00:00,380.6815347671509,20523.44036579132
2020-09-04 06:00:00,461.4059085845947,21003.9550062418
2020-09-04 07:00:00,269.5229549407959,17600.924231886864
2020-09-04 08:00:00,330.11382484436035,18959.88402557373
2020-09-04 09:00:00,342.0257205963135,18808.766025543213
2020-09-04 10:00:00,386.85675621032715,22027.666328430176
2020-09-04 11:00:00,460.66987228393555,21482.14511489868
2020-09-04 12:00:00,356.4869575500488,19836.711616516113
2020-09-04 13:00:00,506.3438529968262,25041.513397216797
2020-09-04 14:00:00,494.19559478759766,27828.069339752197
2020-09-04 15:00:00,438.3774642944336,27204.223163604736
2020-09-04 16:00:00,412.76282501220703,30165.34532546997
2020-09-04 17:00:00,507.55560302734375,30952.16100692749
2020-09-04 18:00:00,574.5994033813477,28847.741611480713
2020-09-04 19:00:00,551.754337310791,32357.702514648438
2020-09-04 20:00:00,542.2284412384033,31508.830516815186
2020-09-04 21:00:00,459.6574401855469,32975.26125717163
2020-09-04 22:00:00,565.6648406982422,38183.63180541992
2020-09-04 23:00:00,613.7274932861328,39303.77071380615
2020-09-05 00:00:00,573.1689224243164,35106.68126296997
2020-09-05 01:00:00,388.36856842041016,37549.740911483765
2020-09-05 02:00:00,511.8872127532959,38696.41763830185
2020-09-05 03:00:00,473.23512268066406,37027.04745101929
2020-09-05 04:00:00,600.3464775085449,37241.160358428955
2020-09-05 05:00:00,637.8779335021973,38724.3194770813
2020-09-05 06:00:00,763.7519035339355,40711.01600265503
2020-09-05 07:00:00,722.6071243286133,37567.52911376953
2020-09-05 08:00:00,673.7989234924316,40683.93002319336
2020-09-05 09:00:00,783.5113754272461,44653.69724273682
2020-09-05 10:00:00,816.7051467895508,46745.69100570679
2020-09-05 11:00:00,777.5101013183594,41801.82183074951
2020-09-05 12:00:00,737.4821815490723,38499.3543510437
2020-09-05 13:00:00,769.759464263916,37730.40234375
2020-09-05 14:00:00,801.7324600219727,38196.10757064819
2020-09-05 15:00:00,756.5116157531738,33333.45965194702
2020-09-05 16:00:00,701.418083190918,31024.249183654785
2020-09-05 17:00:00,656.4580230712891,29902.683952331543
2020-09-05 18:00:00,586.1879730224609,25476.717599868774
2020-09-05 19:00:00,516.7402877807617,22602.150022506714
2020-09-05 20:00:00,515.4485397338867,22282.085275650024
2020-09-05 21:00:00,499.42549133300776,19824.69598388672
2020-09-05 22:00:00,557.6215324401855,21615.124614715576
2020-09-05 23:00:00,480.4364700317383,19556.40930366516
2020-09-06 00:00:00,364.480619430542,19729.112884521484
2020-09-06 01:00:00,292.07452964782715,13819.304636001587
2020-09-06 02:00:00,476.3294019699096,12528.184345245361
2020-09-06 03:00:00,253.89879608154297,11548.524967193604
2020-09-06 04:00:00,389.2835273742676,12329.184858322144
2020-09-06 05:00:00,359.0782985687256,11068.9928855896
2020-09-06 06:00:00,374.329309463501,9962.737348556519
2020-09-06 07:00:00,347.9453067779541,10830.819053649902
2020-09-06 08:00:00,310.0626583099365,9511.608715057373
2020-09-06 09:00:00,249.50201225280762,7238.171201705933
2020-09-06 10:00:00,275.36820793151855,7416.415597915649
2020-09-06 11:00:00,228.06897354125977,8200.836776733398
2020-09-06 12:00:00,211.20757675170898,8285.998104095459
2020-09-06 13:00:00,186.0978298187256,7912.287328720093
2020-09-06 14:00:00,206.54873657226562,8883.590396881104
2020-09-06 15:00:00,167.08475494384766,7482.473993301392
2020-09-06 16:00:00,92.87919569015503,4119.733642697334
2020-09-06 17:00:00,62.24300003051758,3754.3153280615807
2020-09-06 18:00:00,79.0099630355835,3238.512972395867
2020-09-06 19:00:00,65.76457691192627,2368.2248623631895
2020-09-06 20:00:00,43.459543228149414,1284.0404762625694
2020-09-06 21:00:00,27.260687828063965,873.4290991462767
2020-09-06 22:00:00,29.955464839935303,1748.0923544615507
2020-09-06 23:00:00,55.22839288786054,1312.9931973852217
2020-09-07 00:00:00,57.79361379146575,1248.3670785985887
2020-09-07 01:00:00,56.13482967019081,1628.3565503619611
2020-09-07 02:00:00,61.792155504226685,1527.4597681164742
2020-09-07 03:00:00,49.7323579788208,1558.6077857017517
2020-09-07 04:00:00,42.392038345336914,1530.3533948659897
2020-09-07 05:00:00,44.7464337348938,2254.2443957924843
2020-09-07 06:00:00,68.74606323242188,2703.1220223903656
2020-09-07 07:00:00,137.49454879760742,4045.9082197248936
2020-09-07 08:00:00,130.63448476791382,5010.564903020859
2020-09-07 09:00:00,143.55618476867676,5183.544173717499
2020-09-07 10:00:00,237.56940841674805,12136.98321056366
2020-09-07 11:00:00,317.830623626709,16608.77635383606
2020-09-07 12:00:00,357.56288146972656,20122.741207122803
2020-09-07 13:00:00,296.439208984375,22170.001274108887
2020-09-07 14:00:00,387.3448486328125,24897.86275100708
2020-09-07 15:00:00,412.989315032959,28282.17487335205
2020-09-07 16:00:00,540.5334968566895,35575.40464401245
2020-09-07 17:00:00,803.5930633544922,43236.782848358154
2020-09-07 18:00:00,878.6859588623047,47214.57752227783
2020-09-07 19:00:00,918.90576171875,49827.055183410645
2020-09-07 20:00:00,941.3038558959961,49010.30294036865
2020-09-07 21:00:00,930.4398956298828,49551.233459472656
2020-09-07 22:00:00,908.2083435058594,50492.112060546875
2020-09-07 23:00:00,927.9726867675781,50106.95282745361
2020-09-08 00:00:00,919.4165267944336,47966.598556518555
2020-09-08 01:00:00,889.4310150146484,45756.75565338135
2020-09-08 02:00:00,866.2244110107422,42180.248462677
2020-09-08 03:00:00,849.8133354187012,38303.88980102539
2020-09-08 04:00:00,803.3699645996094,29828.85608291626
2020-09-08 05:00:00,685.1937713623047,25541.225315093994
2020-09-08 06:00:00,505.73772048950195,24817.54252243042
2020-09-08 07:00:00,478.7654666900635,20491.308479309082
2020-09-08 08:00:00,441.48118782043457,20740.236135482788
2020-09-08 09:00:00,426.2203922271728,20929.414749145508
2020-09-08 10:00:00,479.3670463562012,19122.800735473633
2020-09-08 11:00:00,470.1787052154541,17661.30280303955
2020-09-08 12:00:00,394.4114170074463,17315.722185134888
2020-09-08 13:00:00,349.0130386352539,14584.013481140137
2020-09-08 14:00:00,344.4588813781738,13333.707368850708
2020-09-08 15:00:00,325.9517192840576,12998.61490058899
2020-09-08 16:00:00,351.4825744628906,14141.107250213623
2020-09-08 17:00:00,335.53747177124023,13929.148920059204
2020-09-08 18:00:00,423.131254196167,14281.979125976562
2020-09-08 19:00:00,434.93163681030273,17325.688674926758
2020-09-08 20:00:00,385.0836601257324,18002.40077972412
2020-09-08 21:00:00,553.2273998260498,21511.246614456177
2020-09-08 22:00:00,630.4917297363281,28306.67170715332
2020-09-08 23:00:00,769.1050415039062,34188.170150756836
2020-09-09 00:00:00,809.9664001464844,38092.38186645508
2020-09-09 01:00:00,880.9746780395508,41860.167110443115
2020-09-09 02:00:00,903.8806228637695,43221.6937789917
2020-09-09 03:00:00,872.376220703125,42922.69903564453
2020-09-09 04:00:00,855.6737594604492,42134.8073348999
2020-09-09 05:00:00,810.6602821350098,41848.649799346924
2020-09-09 06:00:00,791.1380615234375,41782.02856826782
2020-09-09 07:00:00,768.1657180786133,41625.49117279053
2020-09-09 08:00:00,858.1646118164062,43378.581451416016
2020-09-09 09:00:00,837.6036758422852,35791.9398727417
2020-09-09 10:00:00,773.2095489501953,30190.072708129883
2020-09-09 11:00:00,757.6831016540527,26390.986534118652
2020-09-09 12:00:00,628.9282493591309,28141.85036087036
2020-09-09 13:00:00,478.10518646240234,23265.2163772583
2020-09-09 14:00:00,524.1474342346191,24686.42144393921
2020-09-09 15:00:00,473.68334579467773,30499.265619277954
2020-09-09 16:00:00,609.2107734680176,34862.90927410126
2020-09-09 17:00:00,595.0597534179688,34424.223298072815
2020-09-09 18:00:00,727.2100639343262,35837.81859970093
2020-09-09 19:00:00,796.3105430603027,35967.70009613037
2020-09-09 20:00:00,676.011360168457,34710.753606796265
2020-09-09 21:00:00,635.4344367980957,32002.84587287903
2020-09-09 22:00:00,697.8399085998535,27760.10551738739
2020-09-09 23:00:00,615.0926208496094,22183.5667181015
2020-09-10 00:00:00,531.6197547912598,19633.143663406372
2020-09-10 01:00:00,391.57358741760254,14820.157168745995
2020-09-10 02:00:00,303.1946773529053,12421.165807276964
2020-09-10 03:00:00,274.22399711608887,11209.850962162018
2020-09-10 04:00:00,297.6197204589844,9239.404547691345
2020-09-10 05:00:00,234.73260021209717,5610.047928735614
2020-09-10 06:00:00,145.901598200202,3576.998081827536
2020-09-10 07:00:00,91.97148850932717,2409.0356730148196
2020-09-10 08:00:00,70.23431015014648,1470.5724219083786
2020-09-10 09:00:00,53.72462844848633,903.269122004509
2020-09-10 10:00:00,39.570030212402344,524.3010826706886
2020-09-10 11:00:00,18.120363235473633,513.064629688859
2020-09-10 12:00:00,7.240662574768066,716.1257180534303
2020-09-10 13:00:00,14.005751132965088,972.105830039829
2020-09-10 14:00:00,10.395211219787598,1144.506843060255
2020-09-10 15:00:00,16.213092803955078,650.7048874478787
2020-09-10 16:00:00,0.5259657502174377,1157.9830290228128
2020-09-10 17:00:00,0.8139121579006313,2004.245329234749
2020-09-10 18:00:00,6.754424691200256,2046.7763775587082
2020-09-10 19:00:00,11.44978404045105,2738.891562939156
2020-09-10 20:00:00,15.55173446238041,4628.170239178464
2020-09-10 21:00:00,17.243146121501923,5391.154330663383
2020-09-10 22:00:00,94.12404203414917,6879.365741789341
2020-09-10 23:00:00,134.2392077445984,7277.7221730053425
2020-09-11 00:00:00,163.28634190559387,6381.759773507714
2020-09-11 01:00:00,76.75559997558594,7895.082064211369
2020-09-11 02:00:00,136.43594155460596,11665.498996887356
2020-09-11 03:00:00,222.45657688379288,15530.8768689977
2020-09-11 04:00:00,177.22409224510193,16154.310813189484
2020-09-11 05:00:00,163.41973447799683,16489.64598800987
2020-09-11 06:00:00,150.68576002120972,15622.90487037599
2020-09-11 07:00:00,141.91713523864746,14785.815369486809
2020-09-11 08:00:00,149.1034688949585,17328.28379011154
2020-09-11 09:00:00,230.86277627944946,21459.127178937197
2020-09-11 10:00:00,341.75460147857666,29675.217292785645
2020-09-11 11:00:00,424.554612159729,37155.40767478943
2020-09-11 12:00:00,561.9053020477295,40818.33553791046
2020-09-11 13:00:00,483.7563705444336,40422.08143043518
2020-09-11 14:00:00,498.8749408721923,40447.69823741913
2020-09-11 15:00:00,534.8166027069092,38293.00633776188
2020-09-11 16:00:00,600.7704429626465,37625.02142572403
2020-09-11 17:00:00,624.0188751220703,34649.513063430786
2020-09-11 18:00:00,621.0292739868164,30768.64306640625
2020-09-11 19:00:00,603.7334899902344,31234.393592834473
2020-09-11 20:00:00,534.4206409454346,32756.665943145752
2020-09-11 21:00:00,575.4525833129883,33757.63156890869
2020-09-11 22:00:00,640.828441619873,35022.90003204346
2020-09-11 23:00:00,510.6486625671387,33373.63575744629
2020-09-12 00:00:00,454.8471260070801,33240.14380264282
2020-09-12 01:00:00,367.75337409973145,33988.43237876892
2020-09-12 02:00:00,460.13491439819336,36414.86605453491
2020-09-12 03:00:00,624.1444282531738,32902.315284729004
2020-09-12 04:00:00,776.6776504516602,37493.731620788574
2020-09-12 05:00:00,844.5942535400391,46198.15140533447
2020-09-12 06:00:00,849.5118179321289,44683.85376739502
2020-09-12 07:00:00,906.9635162353516,46706.55366516113
2020-09-12 08:00:00,928.7604064941406,48329.1978225708
2020-09-12 09:00:00,901.1758651733398,43654.3963470459
2020-09-12 10:00:00,842.1730194091796,44228.49290847778
2020-09-12 11:00:00,806.7997512817383,41183.207889556885
2020-09-12 12:00:00,713.0843353271484,38635.907594680786
2020-09-12 13:00:00,686.8415718078613,36432.06339263916
2020-09-12 14:00:00,633.5585422515869,35081.62699317932
2020-09-12 15:00:00,628.1294097900391,33747.592212677
2020-09-12 16:00:00,612.6144437789917,30579.296944618225
2020-09-12 17:00:00,475.93068504333496,26761.839310646057
2020-09-12 18:00:00,475.8836040496826,20783.973451137543
2020-09-12 19:00:00,402.6838207244873,20422.242878854275
2020-09-12 20:00:00,352.68747997283936,18632.831286370754
2020-09-12 21:00:00,370.09195709228516,17542.519792556763
2020-09-12 22:00:00,417.2234878540039,21006.247095108032
2020-09-12 23:00:00,524.7869110107422,24157.97788619995
2020-09-13 00:00:00,715.1471672058105,29623.935482025146
2020-09-13 01:00:00,738.4962692260742,35729.956214904785
2020-09-13 02:00:00,706.8940696716309,40497.99526596069
2020-09-13 03:00:00,766.6610336303711,44481.70201873779
2020-09-13 04:00:00,850.8386688232422,48518.7373046875
2020-09-13 05:00:00,894.8600921630859,49940.632888793945
2020-09-13 06:00:00,896.859375,51039.912826538086
2020-09-13 07:00:00,915.1792526245117,51320.805755615234
2020-09-13 08:00:00,923.4299621582031,50124.100509643555
2020-09-13 09:00:00,928.3571090698242,49817.84036254883
2020-09-13 10:00:00,914.5316696166992,47996.216651916504
2020-09-13 11:00:00,895.3284301757812,45140.457946777344
2020-09-13 12:00:00,870.1330871582031,42151.714626312256
2020-09-13 13:00:00,879.9762268066406,43619.67254638672
2020-09-13 14:00:00,890.651496887207,40017.56625747681
2020-09-13 15:00:00,819.4559326171875,34139.108642578125
2020-09-13 16:00:00,702.0823936462402,31165.37689781189
2020-09-13 17:00:00,583.4503326416016,27975.486178308725
2020-09-13 18:00:00,485.35453414916987,24838.430852019228
2020-09-13 19:00:00,522.2842559814453,24504.795407533646
2020-09-13 20:00:00,391.43998527526855,20993.657999753952
2020-09-13 21:00:00,371.07890701293945,17873.02445348259
2020-09-13 22:00:00,299.91593074798584,18403.858100123703
2020-09-13 23:00:00,252.12753772735596,14553.99474102119
2020-09-14 00:00:00,179.1433548927307,10473.948273222893
2020-09-14 01:00:00,155.71649169921875,9025.659557189792
2020-09-14 02:00:00,144.78053188323975,5997.120623051189
2020-09-14 03:00:00,122.92442150786519,4074.8795522321016
2020-09-14 04:00:00,82.59986756741999,3014.979771107435
2020-09-14 05:00:00,80.1593565940857,2340.725057311356
2020-09-14 06:00:00,104.71301555633545,2593.4699609279633
2020-09-14 07:00:00,94.0509901046753,2814.7398576140404
2020-09-14 08:00:00,147.6445116996765,3764.5247178561985
2020-09-14 09:00:00,172.35121107846498,4696.988440223038
2020-09-14 10:00:00,112.22996506094933,3968.1149725466967
2020-09-14 11:00:00,89.86603049188852,3167.886900037527
2020-09-14 12:00:00,69.49273681640625,2327.274514965946
2020-09-14 13:00:00,19.601070404052734,1065.3885272815824
2020-09-14 14:00:00,3.961747296154499,277.6207806933671
2020-09-14 15:00:00,29.756442070007324,181.4900899901986
2020-09-14 16:00:00,35.74565029144287,300.7756126821041
2020-09-14 17:00:00,59.670665979385376,1158.9861632585526
2020-09-14 18:00:00,88.70120906829834,2443.9885488823056
2020-09-14 19:00:00,120.89178466796875,3821.851140499115
2020-09-14 20:00:00,153.59070301055908,4723.918256759644
2020-09-14 21:00:00,126.15982627868652,3876.79806047678
2020-09-14 22:00:00,151.95435523986816,3102.1854903697968
2020-09-14 23:00:00,175.7492332458496,2778.731826931238
2020-09-15 00:00:00,224.85419464111328,2975.354826360941
2020-09-15 01:00:00,158.48318099975586,2465.5718648876064
2020-09-15 02:00:00,106.37995338439941,1315.1282101795077
2020-09-15 03:00:00,56.36406993865967,513.6790758864954
2020-09-15 04:00:00,27.416820526123047,513.0807746686041
2020-09-15 05:00:00,14.521599564701319,530.8720650076866
2020-09-15 06:00:00,7.891590248793364,776.2098316736519
2020-09-15 07:00:00,5.188040710054338,1418.9236190146767
2020-09-15 08:00:00,2.3525651171803474,1161.4533256012946
2020-09-15 09:00:00,2.1150413621217012,821.0349180875346
2020-09-15 10:00:00,0.4497188627719878,318.06538888439536
2020-09-15 11:00:00,0.0,119.66712133213878
2020-09-15 12:00:00,0.0,56.4385672416538
2020-09-15 13:00:00,0.0,97.14299039170146
2020-09-15 14:00:00,0.0238116420805454,268.1342726945877
2020-09-15 15:00:00,0.0,307.18766821781173
2020-09-15 16:00:00,7.689183235168457,451.13059601187706
2020-09-15 17:00:00,23.41938181221485,723.3311765436083
2020-09-15 18:00:00,27.015181303024292,1761.8917109966278
2020-09-15 19:00:00,6.378631830215454,2283.790674880147
2020-09-15 20:00:00,6.473980605602264,3102.2641645744443
2020-09-15 21:00:00,33.02917671203613,3303.7323010861874
2020-09-15 22:00:00,65.49284176155925,2746.246830895543
2020-09-15 23:00:00,128.16596221923828,4356.087320923805
2020-09-16 00:00:00,146.20606994628906,5974.995970936492
2020-09-16 01:00:00,232.2495040893555,6717.684956938028
2020-09-16 02:00:00,225.34884071350098,8688.96437215805
2020-09-16 03:00:00,206.7080593109131,10599.400671482086
2020-09-16 04:00:00,341.2954902648926,13858.641418457031
2020-09-16 05:00:00,324.9274711608887,14019.639492034912
2020-09-16 06:00:00,284.4218940734863,14527.736824035645
2020-09-16 07:00:00,263.96589279174805,16808.938438415527
2020-09-16 08:00:00,225.46839332580566,18208.382400512695
2020-09-16 09:00:00,309.2174873352051,22181.68391418457
2020-09-16 10:00:00,400.22535705566406,29982.660217285156
2020-09-16 11:00:00,598.1245231628418,32543.925006866455
2020-09-16 12:00:00,676.5201530456543,32629.483489990234
2020-09-16 13:00:00,683.1545715332031,36246.705768585205
2020-09-16 14:00:00,773.741455078125,34032.21088409424
2020-09-16 15:00:00,678.988899230957,34811.211570739746
2020-09-16 16:00:00,718.8515930175781,37169.33264923096
2020-09-16 17:00:00,885.9082870483398,37362.68991851807
2020-09-16 18:00:00,871.4461669921875,37761.76955413818
2020-09-16 19:00:00,824.3913421630859,38210.1858291626
2020-09-16 20:00:00,885.7709350585938,35405.00428009033
2020-09-16 21:00:00,818.1309204101561,34041.26286315918
2020-09-16 22:00:00,757.5266189575195,33482.26043701172
2020-09-16 23:00:00,714.3098602294922,28563.532020568848
2020-09-17 00:00:00,785.7534942626952,23647.127700805664
2020-09-17 01:00:00,657.2586517333984,17941.67897415161
2020-09-17 02:00:00,612.897819519043,17247.501667022705
2020-09-17 03:00:00,523.6652812957764,14933.895919799805
2020-09-17 04:00:00,523.9680671691895,13159.03730583191
2020-09-17 05:00:00,611.7346878051758,14036.364971160889
2020-09-17 06:00:00,589.1810111999512,15644.005996704102
2020-09-17 07:00:00,498.0633964538574,13991.80736541748
2020-09-17 08:00:00,502.8272514343262,14571.315494537354
2020-09-17 09:00:00,445.7311210632324,13721.172470092773
2020-09-17 10:00:00,434.6151466369629,12980.74905014038
2020-09-17 11:00:00,335.24817276000977,10819.818037033081
2020-09-17 12:00:00,273.85028076171875,8248.939799308777
2020-09-17 13:00:00,220.73587799072266,7436.160429030657
2020-09-17 14:00:00,238.40105438232422,9048.863847732544
2020-09-17 15:00:00,247.87339782714844,12023.143569231033
2020-09-17 16:00:00,364.99892807006836,15796.033317565918
2020-09-17 17:00:00,459.1946220397949,20582.874282836914
2020-09-17 18:00:00,478.6794776916504,23282.118686676025
2020-09-17 19:00:00,522.8900756835938,24689.524978637695
2020-09-17 20:00:00,452.4906692504883,22657.709701538086
2020-09-17 21:00:00,444.2373733520508,22009.032096862793
2020-09-17 22:00:00,368.2215461730957,22930.99856185913
2020-09-17 23:00:00,316.44075775146484,18871.886478424072
2020-09-18 00:00:00,363.8528747558594,17136.964321136475
2020-09-18 01:00:00,354.15765380859375,15125.3226852417
2020-09-18 02:00:00,369.3318862915039,13992.722770690918
2020-09-18 03:00:00,353.9269599914551,13685.765193939209
2020-09-18 04:00:00,311.3357467651367,11143.269973754883
2020-09-18 05:00:00,314.2445068359375,12502.191361904144
2020-09-18 06:00:00,319.8713798522949,14462.266166687012
2020-09-18 07:00:00,330.3028793334961,14608.07107925415
2020-09-18 08:00:00,292.31103897094727,17242.067352294922
2020-09-18 09:00:00,288.94140625,19173.637760162354
2020-09-18 10:00:00,337.96735763549805,20817.88756942749
2020-09-18 11:00:00,345.0678825378418,22395.843868255615
2020-09-18 12:00:00,371.72341537475586,23893.33090209961
2020-09-18 13:00:00,442.09718322753906,25039.107822418213
2020-09-18 14:00:00,524.8460006713867,24356.298934936523
2020-09-18 15:00:00,600.9987030029297,26106.98582458496
2020-09-18 16:00:00,675.8957138061523,27568.39821624756
2020-09-18 17:00:00,648.2822227478027,29863.68120956421
2020-09-18 18:00:00,554.9293746948242,33184.37775039673
2020-09-18 19:00:00,646.6406135559082,32820.21114730835
2020-09-18 20:00:00,718.2323989868164,38509.64459991455
2020-09-18 21:00:00,706.2166519165039,39181.72905731201
2020-09-18 22:00:00,701.6631698608398,37617.84493255615
2020-09-18 23:00:00,723.676025390625,33804.58596801758
2020-09-19 00:00:00,612.059440612793,30694.530570983887
2020-09-19 01:00:00,618.3018569946289,30392.6392288208
2020-09-19 02:00:00,615.5588455200195,27275.534858703613
2020-09-19 03:00:00,615.7786407470703,26577.352905273438
2020-09-19 04:00:00,682.4604034423828,29060.448875427246
2020-09-19 05:00:00,632.2803421020508,28244.329566955566
2020-09-19 06:00:00,532.1405944824219,30352.05401611328
2020-09-19 07:00:00,582.416919708252,30300.350898742676
2020-09-19 08:00:00,495.6033515930176,29834.385608673096
2020-09-19 09:00:00,418.54092025756836,30441.414958953857
2020-09-19 10:00:00,569.5911521911621,35309.722885131836
2020-09-19 11:00:00,607.8157653808594,35121.90649795532
2020-09-19 12:00:00,611.7054214477539,33576.76170539856
2020-09-19 13:00:00,690.810510635376,30562.909225463867
2020-09-19 14:00:00,649.6711368560791,29967.865703582764
2020-09-19 15:00:00,631.184829711914,28937.972063064575
2020-09-19 16:00:00,694.8373603820801,29573.87668800354
2020-09-19 17:00:00,769.9792671203613,33085.52144432068
2020-09-19 18:00:00,742.2196617126465,36188.03369140625
2020-09-19 19:00:00,687.5904426574707,35161.455600738525
2020-09-19 20:00:00,657.6360626220703,35953.79470062256
2020-09-19 21:00:00,612.1707992553711,34399.88590621948
2020-09-19 22:00:00,558.6787948608398,29487.615783691406
2020-09-19 23:00:00,502.81563568115234,26255.183170318604
2020-09-20 00:00:00,409.1528205871582,24785.473068237305
2020-09-20 01:00:00,364.0262336730957,26972.27988052368
2020-09-20 02:00:00,365.49594497680664,24530.31484603882
2020-09-20 03:00:00,333.94389724731445,24239.215866088867
2020-09-20 04:00:00,366.9482307434082,25553.960750579834
2020-09-20 05:00:00,347.6796531677246,26812.902923583984
2020-09-20 06:00:00,358.4911880493164,26159.74063873291
2020-09-20 07:00:00,363.01704025268555,22035.284782409668
2020-09-20 08:00:00,297.4031047821045,20045.550512313843
2020-09-20 09:00:00,253.64149856567383,17573.898573875427
2020-09-20 10:00:00,335.7040958404541,17714.043323516846
2020-09-20 11:00:00,311.3165740966797,15515.713994979858
2020-09-20 12:00:00,257.74705505371094,13877.508756637573
2020-09-20 13:00:00,266.2935371398926,13119.725239753723
2020-09-20 14:00:00,300.6072006225586,14818.64912033081
2020-09-20 15:00:00,409.7671699523926,16952.54327583313
2020-09-20 16:00:00,469.3070869445801,16095.506813049316
2020-09-20 17:00:00,477.6789665222168,16873.883682250977
2020-09-20 18:00:00,360.6697120666504,15781.192974090576
2020-09-20 19:00:00,384.2391357421875,14505.648635864258
2020-09-20 20:00:00,390.76867294311523,14103.72477722168
2020-09-20 21:00:00,345.3313636779785,11424.416088104248
2020-09-20 22:00:00,286.46092414855957,9377.833583831787
2020-09-20 23:00:00,281.9088592529297,8205.924335479736
2020-09-21 00:00:00,235.10730743408203,6901.698108673096
2020-09-21 01:00:00,140.9945411682129,3654.394152879715
2020-09-21 02:00:00,100.53033065795898,2305.0822892189026
2020-09-21 03:00:00,73.95945835113525,1889.727189809084
2020-09-21 04:00:00,63.60187339782715,1663.120404779911
2020-09-21 05:00:00,53.45778036117554,1494.117432832718
2020-09-21 06:00:00,23.769994497299194,796.8639005832374
2020-09-21 07:00:00,20.58563995361328,404.5654638521373
2020-09-21 08:00:00,10.858234882354736,369.28867012262344
2020-09-21 09:00:00,1.7948062103241682,438.76235317625105
2020-09-21 10:00:00,0.0,71.58206477761269
2020-09-21 11:00:00,1.5487507618963718,189.80304034333676
2020-09-21 12:00:00,1.8937345519661903,294.90940626710653
2020-09-21 13:00:00,6.520552039146423,145.6070406138897
2020-09-21 14:00:00,26.736221313476562,333.1695419177413
2020-09-21 15:00:00,8.691447257995605,249.0763220638037
2020-09-21 16:00:00,1.2870650552213192,228.22196360304952
2020-09-21 17:00:00,17.09372091293335,476.06051898002625
2020-09-21 18:00:00,10.823240518569946,682.0602962747216
2020-09-21 19:00:00,0.10959310643374909,540.4048616066575
2020-09-21 20:00:00,0.1065031941980123,496.71212946553715
2020-09-21 21:00:00,0.0484841838479042,595.639891766943
2020-09-21 22:00:00,0.0,713.0925915241241
2020-09-21 23:00:00,0.0,831.0408316925168
2020-09-22 00:00:00,0.0,931.7475629160181
2020-09-22 01:00:00,0.580665335059166,1585.0461850184947
2020-09-22 02:00:00,15.644375093281269,2030.5196421705186
2020-09-22 03:00:00,0.6123979091644287,2125.8276355247945
2020-09-22 04:00:00,0.0,1974.1095467805862
2020-09-22 05:00:00,0.0,1769.6206540465355
2020-09-22 06:00:00,0.0,1539.3982040472329
2020-09-22 07:00:00,0.2738507390022278,1842.7843512259424
2020-09-22 08:00:00,0.0,2396.170474551618
2020-09-22 09:00:00,0.0,2993.780322432518
2020-09-22 10:00:00,10.517733097076416,4774.234194517136
2020-09-22 11:00:00,43.87396991252899,6891.997050037608
2020-09-22 12:00:00,60.20411229133606,9768.20407367684
2020-09-22 13:00:00,37.58692741394043,9448.994413971901
2020-09-22 14:00:00,36.055038928985596,9107.00968182087
2020-09-22 15:00:00,47.00942516326904,9182.37035536766
2020-09-22 16:00:00,38.00580382347107,10027.026807069778
2020-09-22 17:00:00,39.08025360107422,9260.298156887293
2020-09-22 18:00:00,42.082772731781006,9796.79127073288
2020-09-22 19:00:00,71.22297668457031,13846.38772726059
2020-09-22 20:00:00,133.51212215423584,16730.408568382263
2020-09-22 21:00:00,197.56935119628906,20718.6286945343
2020-09-22 22:00:00,265.809045791626,24964.358575820923
2020-09-22 23:00:00,415.7063674926758,24317.978609085083
2020-09-23 00:00:00,451.9178466796875,20413.873764038086
2020-09-23 01:00:00,468.77210235595703,21802.72169113159
2020-09-23 02:00:00,541.0700187683105,20024.88653564453
2020-09-23 03:00:00,562.0405197143555,19715.01976966858
2020-09-23 04:00:00,632.4753074645996,19588.409210205078
2020-09-23 05:00:00,564.0248908996582,14468.812377929688
2020-09-23 06:00:00,603.4940795898438,12564.804588317871
2020-09-23 07:00:00,532.6368446350098,13126.534549713135
2020-09-23 08:00:00,405.7721481323242,14683.338123321533
2020-09-23 09:00:00,595.843807220459,19802.40965652466
2020-09-23 10:00:00,613.6115493774414,20856.6635055542
2020-09-23 11:00:00,644.6402206420898,26199.231662750244
2020-09-23 12:00:00,579.7328948974609,27941.56048965454
2020-09-23 13:00:00,670.2957077026367,30388.097953796387
2020-09-23 14:00:00,741.3654251098633,35782.92094421387
2020-09-23 15:00:00,886.1935958862305,35116.84185028076
2020-09-23 16:00:00,946.4987182617188,35181.32987976074
2020-09-23 17:00:00,889.4389266967773,33817.854053497314
2020-09-23 18:00:00,856.072021484375,32626.021396636963
2020-09-23 19:00:00,909.876335144043,31330.577751159668
2020-09-23 20:00:00,932.6863632202148,32000.75724029541
2020-09-23 21:00:00,946.7979888916016,36724.91761016846
2020-09-23 22:00:00,961.6567153930664,34712.429542541504
2020-09-23 23:00:00,962.7118911743164,38485.92160797119
2020-09-24 00:00:00,962.4440307617188,43761.024406433105
2020-09-24 01:00:00,961.5258560180664,48616.76104736328
2020-09-24 02:00:00,962.4851760864258,51451.10065460205
2020-09-24 03:00:00,962.5691452026367,54352.37830352783
2020-09-24 04:00:00,960.2128067016602,54180.15151977539
2020-09-24 05:00:00,961.3354187011719,53572.370208740234
2020-09-24 06:00:00,958.8045654296875,53299.57155609131
2020-09-24 07:00:00,945.389289855957,52803.216133117676
2020-09-24 08:00:00,933.7618942260742,47601.34925842285
2020-09-24 09:00:00,963.2856521606445,43131.59468841553
2020-09-24 10:00:00,964.3809890747069,38214.826179504395
2020-09-24 11:00:00,960.1591110229492,32941.61745452881
2020-09-24 12:00:00,963.2322463989258,31117.616355895996
2020-09-24 13:00:00,962.95947265625,32001.41558074951
2020-09-24 14:00:00,961.637825012207,31134.42910027504
2020-09-24 15:00:00,944.1609115600586,32240.885787963867
2020-09-24 16:00:00,821.8162460327148,27506.544219970703
2020-09-24 17:00:00,949.0367736816405,20163.936408996582
2020-09-24 18:00:00,770.2452621459961,9027.289364933968
2020-09-24 19:00:00,512.4514150619507,7258.922006607056
2020-09-24 20:00:00,306.8529872894287,8121.505742222071
2020-09-24 21:00:00,319.9010810852051,10716.938697338104
2020-09-24 22:00:00,541.8180732727051,8104.074568033218
2020-09-24 23:00:00,941.6063385009766,13928.673324108124
2020-09-25 00:00:00,914.8384094238281,20479.753937721252
2020-09-25 01:00:00,948.4494247436523,27484.138916015625
2020-09-25 02:00:00,954.828254699707,40034.44325256348
2020-09-25 03:00:00,941.2111587524414,38146.799659729004
2020-09-25 04:00:00,862.6678009033203,38397.28740692139
2020-09-25 05:00:00,954.2435531616211,39632.32260131836
2020-09-25 06:00:00,913.1482086181641,42544.360694885254
2020-09-25 07:00:00,885.8920669555664,37659.09881591797
2020-09-25 08:00:00,898.2527236938477,34658.98747253418
2020-09-25 09:00:00,881.7210540771484,36135.41638946533
2020-09-25 10:00:00,906.7242279052734,36257.027000427246
2020-09-25 11:00:00,626.7516403198242,26478.508338928223
2020-09-25 12:00:00,786.7904434204102,22025.168983459473
2020-09-25 13:00:00,802.4066467285156,22880.862785339355
2020-09-25 14:00:00,630.0712814331055,19883.47754096985
2020-09-25 15:00:00,584.9420204162598,22416.401082992554
2020-09-25 16:00:00,629.0262928009033,23745.268067359924
2020-09-25 17:00:00,409.43664932250977,23337.448011636734
2020-09-25 18:00:00,363.0794219970703,21115.329482078552
2020-09-25 19:00:00,230.61645126342773,19241.67412915826
2020-09-25 20:00:00,208.93015670776367,27399.28394985199
2020-09-25 21:00:00,318.31750106811523,29172.672991380095
2020-09-25 22:00:00,185.29949951171875,21381.872011072934
2020-09-25 23:00:00,205.08728456497192,21066.75345414877
2020-09-26 00:00:00,317.7238270640373,19549.952389717102
2020-09-26 01:00:00,267.9400291442871,15436.918313741684
2020-09-26 02:00:00,266.64737129211426,16829.41616153717
2020-09-26 03:00:00,279.6892623901367,20449.851301193237
2020-09-26 04:00:00,232.08081817626953,21859.13751602173
2020-09-26 05:00:00,170.25118255615234,19755.70775604248
2020-09-26 06:00:00,223.03851699829102,27019.657472610474
2020-09-26 07:00:00,162.85796928405762,27184.136813163757
2020-09-26 08:00:00,220.56793022155762,28120.12791633606
2020-09-26 09:00:00,186.81237506866455,32173.401244163513
2020-09-26 10:00:00,90.27490425109863,35042.89138031006
2020-09-26 11:00:00,109.55869483947754,36502.01315689087
2020-09-26 12:00:00,130.47323036193848,38054.98777580261
2020-09-26 13:00:00,655.5473203659058,39565.79824638367
2020-09-26 14:00:00,680.8904552459717,42110.78148460388
2020-09-26 15:00:00,647.0120916366577,45735.454902648926
2020-09-26 16:00:00,718.7773933410645,48825.3216342926
2020-09-26 17:00:00,878.1603088378906,51875.10478973389
2020-09-26 18:00:00,963.6157073974609,53150.54280090332
2020-09-26 19:00:00,961.6077194213867,54339.829849243164
2020-09-26 20:00:00,966.1174240112305,54282.486907958984
2020-09-26 21:00:00,962.2953491210938,54219.978515625
2020-09-26 22:00:00,964.3066253662109,54368.34563446045
2020-09-26 23:00:00,964.1573715209961,54037.4821395874
2020-09-27 00:00:00,958.7233200073242,54073.60693359375
2020-09-27 01:00:00,966.087760925293,54050.590019226074
2020-09-27 02:00:00,959.8992614746094,54091.11341094971
2020-09-27 03:00:00,961.7057723999023,53986.22703552246
2020-09-27 04:00:00,962.9203491210938,53930.44234466553
2020-09-27 05:00:00,962.8839492797852,53270.43664073944
2020-09-27 06:00:00,963.1837997436523,54166.57208251953
2020-09-27 07:00:00,949.858268737793,53895.54317474365
2020-09-27 08:00:00,921.5900650024414,53721.64373779297
2020-09-27 09:00:00,650.0984802246094,52911.50315093994
2020-09-27 10:00:00,230.2242603302002,47716.11271095276
2020-09-27 11:00:00,135.46651916578412,42744.550673782825
2020-09-27 12:00:00,74.63961577415466,35894.42306094617
2020-09-27 13:00:00,73.10224866867065,33817.29548384994
2020-09-27 14:00:00,129.69481706619263,32447.42131614685
2020-09-27 15:00:00,178.23347091674805,33169.054361343384
2020-09-27 16:00:00,346.2447233200073,33581.998438835144
2020-09-27 17:00:00,359.43354749679565,33430.89273285866
2020-09-27 18:00:00,315.92861104011536,30960.282826662064
2020-09-27 19:00:00,335.7579867094755,25570.296113413293
2020-09-27 20:00:00,356.0852216780185,21177.63685409166
2020-09-27 21:00:00,298.7688721269369,18337.399269104004
2020-09-27 22:00:00,211.43985106423497,14907.915473937988
2020-09-27 23:00:00,250.06851196289062,14012.290420532227
2020-09-28 00:00:00,256.72318065166473,14153.704678818583
2020-09-28 01:00:00,379.3862581253052,14796.592418432236
2020-09-28 02:00:00,513.5118408203125,15272.72158241272
2020-09-28 03:00:00,519.8473091125488,14957.667106628418
2020-09-28 04:00:00,454.01114654541016,16424.379810333252
2020-09-28 05:00:00,397.88018798828125,15605.23031616211
2020-09-28 06:00:00,310.6791648864746,13387.920463562012
2020-09-28 07:00:00,279.1835517883301,11869.455135345459
2020-09-28 08:00:00,280.5810146331787,11685.287239074707
2020-09-28 09:00:00,229.04723739624023,10326.244331359863
2020-09-28 10:00:00,170.01764297485352,9295.28338432312
2020-09-28 11:00:00,198.45300483703613,9106.476366758347
2020-09-28 12:00:00,201.35101222991943,7439.424350261688
2020-09-28 13:00:00,141.97922801971436,6127.4810183644295
2020-09-28 14:00:00,143.94079542160034,7624.533831242472
2020-09-28 15:00:00,155.26797968149185,9270.885627448559
2020-09-28 16:00:00,158.84873962402344,10234.316447943449
2020-09-28 17:00:00,148.99055671691895,8079.756813943386
2020-09-28 18:00:00,119.60098266601562,7455.190950743854
2020-09-28 19:00:00,74.22269690036774,7794.759176015854
2020-09-28 20:00:00,89.5151948928833,9047.461455993354
2020-09-28 21:00:00,121.77233934402466,7543.074871873483
2020-09-28 22:00:00,207.5504672601819,9489.244873791467
2020-09-28 23:00:00,190.49738538265228,7984.617303371429
2020-09-29 00:00:00,131.53455758094788,7824.39812874794
2020-09-29 01:00:00,71.21444809436798,5694.946648597717
2020-09-29 02:00:00,56.48861989378929,4936.133739322424
2020-09-29 03:00:00,52.04412364959717,5110.490496873856
2020-09-29 04:00:00,84.48762503638864,6290.075569152832
2020-09-29 05:00:00,72.20913290977478,5548.7529854774475
2020-09-29 06:00:00,40.757268473505974,3525.538150817156
2020-09-29 07:00:00,17.79657494276762,3589.0249410271645
2020-09-29 08:00:00,36.74711847305298,3780.511282896623
2020-09-29 09:00:00,71.67367696762085,3181.2025446891785
2020-09-29 10:00:00,154.23763823509216,2535.966069459915
2020-09-29 11:00:00,112.04578721523285,2323.1938913343474
2020-09-29 12:00:00,84.38239669799805,2502.075153917074
2020-09-29 13:00:00,145.13590240478516,2814.4797700047493
2020-09-29 14:00:00,138.9370574951172,2193.7701885700226
2020-09-29 15:00:00,100.15379333496094,1430.5121334791183
2020-09-29 16:00:00,73.5865364074707,938.1706560142338
2020-09-29 17:00:00,30.32656982820481,672.762976356782
2020-09-29 18:00:00,8.143234439194202,1012.3252524808049
2020-09-29 19:00:00,29.473318934440613,1447.7819982767105
2020-09-29 20:00:00,65.82999610900879,2471.1304590031505
2020-09-29 21:00:00,112.60950672626495,3912.1226981431246
2020-09-29 22:00:00,164.71487998962402,5915.62052154541
2020-09-29 23:00:00,257.76910400390625,8742.650748252869
2020-09-30 00:00:00,309.9812774658203,11209.374474287033
2020-09-30 01:00:00,292.4019584655762,9382.225571155548
2020-09-30 02:00:00,306.27542877197266,12081.422147750854
2020-09-30 03:00:00,476.08912086486816,12617.02669453621
2020-09-30 04:00:00,407.9910411834717,12023.109986305237
2020-09-30 05:00:00,436.5890369415283,11916.161070346832
2020-09-30 06:00:00,434.2639045715332,12399.178692817688
2020-09-30 07:00:00,594.4953689575195,14150.578929901123
2020-09-30 08:00:00,698.914680480957,18902.230197906494
2020-09-30 09:00:00,621.0060119628906,22975.429008483887
2020-09-30 10:00:00,531.2919082641602,20457.53652191162
2020-09-30 11:00:00,631.7860832214355,20721.49331665039
2020-09-30 12:00:00,621.0827369689941,25486.945053100586
2020-09-30 13:00:00,607.7281150817871,35517.121925354004
2020-09-30 14:00:00,683.1963691711425,37004.63928985596
2020-09-30 15:00:00,553.7511367797852,35534.3458442688
2020-09-30 16:00:00,588.3855495452881,36728.4471988678
2020-09-30 17:00:00,582.4326877593994,39247.450634002686
2020-09-30 18:00:00,638.0996055603027,42991.856536865234
2020-09-30 19:00:00,725.150764465332,44553.87644195557
2020-09-30 20:00:00,804.6351699829102,45885.46477127075
2020-09-30 21:00:00,794.157112121582,49942.8892288208
2020-09-30 22:00:00,707.7634239196777,49565.06391906738
2020-09-30 23:00:00,831.2161712646484,49778.56554031372
2020-10-01 00:00:00,883.4540863037109,51908.085998535156
2020-10-01 01:00:00,904.7607727050781,52452.27722930908
2020-10-01 02:00:00,866.091194152832,53295.191734313965
2020-10-01 03:00:00,894.3831405639648,53080.20575714111
2020-10-01 04:00:00,789.6807479858398,51154.909896850586
2020-10-01 05:00:00,879.5558547973633,51932.91338348389
2020-10-01 06:00:00,860.4511985778809,51579.89089202881
2020-10-01 07:00:00,920.6588973999023,50671.86267852783
2020-10-01 08:00:00,933.8377838134766,45864.934410095215
2020-10-01 09:00:00,927.9092407226562,42154.503967285156
2020-10-01 10:00:00,922.4737930297852,42170.184799194336
2020-10-01 11:00:00,931.1880035400391,41691.67376494408
2020-10-01 12:00:00,950.5492630004883,38965.65962219238
2020-10-01 13:00:00,953.4602508544922,34120.78886950016
2020-10-01 14:00:00,936.6778869628906,28572.62287425995
2020-10-01 15:00:00,614.2585719972849,26225.705078542233
2020-10-01 16:00:00,720.7430222630501,27167.31688594818
2020-10-01 17:00:00,769.7049827575684,28480.272302627563
2020-10-01 18:00:00,749.9177589416504,22940.463401794434
2020-10-01 19:00:00,686.9062995910645,19486.839599609375
2020-10-01 20:00:00,519.6888751983643,12860.20843410492
2020-10-01 21:00:00,372.9699764251709,8290.41367149353
2020-10-01 22:00:00,434.00781059265137,7148.042709350586
2020-10-01 23:00:00,427.38841247558594,7470.915683746338
2020-10-02 00:00:00,222.60762214660645,6108.91445350647
2020-10-02 01:00:00,127.2376184463501,5806.977499961853
2020-10-02 02:00:00,83.85145378112793,5522.593087911606
2020-10-02 03:00:00,68.84360909461975,5999.2283411026
2020-10-02 04:00:00,113.6107428073883,8504.660505056381
2020-10-02 05:00:00,241.9828701019287,12269.275987625122
2020-10-02 06:00:00,311.68276596069336,18294.76797103882
2020-10-02 07:00:00,419.4643249511719,27775.117572784424
2020-10-02 08:00:00,497.2987289428711,31760.78168106079
2020-10-02 09:00:00,516.6581192016602,36125.05113983154
2020-10-02 10:00:00,559.5621109008789,39403.55256652832
2020-10-02 11:00:00,617.1463928222656,39040.29988861084
2020-10-02 12:00:00,671.8029098510742,37823.82825469971
2020-10-02 13:00:00,769.0840682983398,37929.43746948242
2020-10-02 14:00:00,906.6528091430664,40733.41410827637
2020-10-02 15:00:00,877.0360641479492,43334.0316696167
2020-10-02 16:00:00,902.985466003418,42267.79832458496
2020-10-02 17:00:00,878.2871017456055,43806.32152557373
2020-10-02 18:00:00,863.8550682067871,46797.46815490723
2020-10-02 19:00:00,850.2704010009766,48703.308418273926
2020-10-02 20:00:00,935.54443359375,49882.44554901123
2020-10-02 21:00:00,956.7138595581055,52384.08264160156
2020-10-02 22:00:00,941.444465637207,52386.02070617676
2020-10-02 23:00:00,957.9912414550781,52416.17961883545
2020-10-03 00:00:00,959.2648696899414,53636.71659851074
2020-10-03 01:00:00,956.3852615356445,53483.649322509766
2020-10-03 02:00:00,961.883903503418,53627.484313964844
2020-10-03 03:00:00,956.3964080810547,53724.56043243408
2020-10-03 04:00:00,915.2227783203125,51967.990562438965
2020-10-03 05:00:00,920.6782073974609,51644.43271636963
2020-10-03 06:00:00,920.9801254272461,50434.81808745861
2020-10-03 07:00:00,834.0762100219727,47135.69080352783
2020-10-03 08:00:00,754.9356460571289,45025.809032440186
2020-10-03 09:00:00,777.3221130371094,44993.9515953064
2020-10-03 10:00:00,653.5793170928955,39580.98736476898
2020-10-03 11:00:00,676.312578201294,34946.917684555054
2020-10-03 12:00:00,674.151771068573,34395.987179636955
2020-10-03 13:00:00,789.574254989624,37183.397356033325
2020-10-03 14:00:00,886.8277053833008,38059.9756565094
2020-10-03 15:00:00,746.496337890625,36100.68862915039
2020-10-03 16:00:00,716.9738807678223,34386.90902328491
2020-10-03 17:00:00,615.46435546875,32602.97927093506
2020-10-03 18:00:00,614.5456008911133,30465.404403686523
2020-10-03 19:00:00,827.9796257019043,28073.05202484131
2020-10-03 20:00:00,510.7450637817383,28622.292266845703
2020-10-03 21:00:00,567.0526161193848,27217.63613128662
2020-10-03 22:00:00,884.6268310546875,33293.71494293213
2020-10-03 23:00:00,752.3050308227539,32561.091762542725
2020-10-04 00:00:00,518.7600975036621,34331.45768737793
2020-10-04 01:00:00,741.0118141174316,31490.234748840332
2020-10-04 02:00:00,750.4673461914062,31862.372581481934
2020-10-04 03:00:00,753.9674606323242,23710.415588378906
2020-10-04 04:00:00,756.3610420227051,17454.406620025635
2020-10-04 05:00:00,806.0454139709473,22134.707191467285
2020-10-04 06:00:00,821.8912963867188,29391.50584411621
2020-10-04 07:00:00,913.9425735473633,37990.484146118164
2020-10-04 08:00:00,945.4945983886719,38762.32814788818
2020-10-04 09:00:00,956.5259323120117,47216.274002075195
2020-10-04 10:00:00,962.7436599731445,49825.584785461426
2020-10-04 11:00:00,963.1857070922852,47977.70867919922
2020-10-04 12:00:00,962.3164291381836,47696.4794921875
2020-10-04 13:00:00,961.7558975219727,48660.450523376465
2020-10-04 14:00:00,962.1738815307617,52158.76579284668
2020-10-04 15:00:00,962.5984115600586,52886.6764755249
2020-10-04 16:00:00,961.0868301391602,53758.067474365234
2020-10-04 17:00:00,962.2973556518555,52557.31031036377
2020-10-04 18:00:00,962.6595306396484,52901.816467285156
2020-10-04 19:00:00,962.7212295532227,51041.84423828125
2020-10-04 20:00:00,962.3987197875977,51883.66484832764
2020-10-04 21:00:00,960.9255599975586,51477.38596343994
2020-10-04 22:00:00,962.6956329345703,50460.970222473145
2020-10-04 23:00:00,962.9639663696289,51769.66954040527
2020-10-05 00:00:00,962.6457672119141,54214.56900024414
2020-10-05 01:00:00,963.8764724731445,53400.91143035889
2020-10-05 02:00:00,963.138069152832,54148.34873199463
2020-10-05 03:00:00,962.4434967041016,54079.16320800781
2020-10-05 04:00:00,963.1039886474609,53625.673568725586
2020-10-05 05:00:00,963.4505004882812,51211.41386413574
2020-10-05 06:00:00,964.1326522827148,46979.66785430908
2020-10-05 07:00:00,963.6523818969727,40909.64318847656
2020-10-05 08:00:00,962.0836181640625,38871.55781555176
2020-10-05 09:00:00,869.3836364746094,39497.99810028076
2020-10-05 10:00:00,809.5638771057129,39672.044509887695
2020-10-05 11:00:00,816.5008430480957,37799.2822303772
2020-10-05 12:00:00,800.0000972747803,36487.92523956299
2020-10-05 13:00:00,915.1844100952148,38200.73278808594
2020-10-05 14:00:00,955.6772079467773,39413.27584838867
2020-10-05 15:00:00,960.4397735595703,37779.3532333374
2020-10-05 16:00:00,942.430534362793,33132.71479797363
2020-10-05 17:00:00,928.4618530273438,29141.705627441406
2020-10-05 18:00:00,929.0802917480469,28374.411743164062
2020-10-05 19:00:00,948.5388793945312,29760.51695251465
2020-10-05 20:00:00,931.8303833007812,33375.42310333252
2020-10-05 21:00:00,927.5569000244141,30442.44593811035
2020-10-05 22:00:00,930.5749588012695,28640.213745117188
2020-10-05 23:00:00,959.7463684082031,29191.81095123291
2020-10-06 00:00:00,959.0222015380859,30339.544776916504
2020-10-06 01:00:00,960.3888626098633,29517.997703552246
2020-10-06 02:00:00,962.2168807983398,31729.164375305176
2020-10-06 03:00:00,825.1337356567383,33038.26885986328
2020-10-06 04:00:00,778.6183929443359,31447.313747406006
2020-10-06 05:00:00,559.4591445922852,32429.917739868164
2020-10-06 06:00:00,438.45569610595703,24907.452491760254
2020-10-06 07:00:00,538.2192916870117,21917.55763244629
2020-10-06 08:00:00,657.7738952636719,20184.450802989304
2020-10-06 09:00:00,946.7122573852539,21766.61418914795
2020-10-06 10:00:00,906.0303192138672,21158.08843231201
2020-10-06 11:00:00,914.5232925415038,22345.626922607422
2020-10-06 12:00:00,835.914119720459,24551.310791015625
2020-10-06 13:00:00,388.14158630371094,17342.09354019165
2020-10-06 14:00:00,271.8669605255127,18645.01166343689
2020-10-06 15:00:00,329.0560884475708,17930.03235435486
2020-10-06 16:00:00,305.9452648162842,17386.5736618042
2020-10-06 17:00:00,404.2936820983887,15456.767868041992
2020-10-06 18:00:00,243.82747268676758,12343.468519210815
2020-10-06 19:00:00,336.4046173095703,13382.56311416626
2020-10-06 20:00:00,210.46877360343933,14941.450254440308
2020-10-06 21:00:00,173.56316804885864,14374.370580673218
2020-10-06 22:00:00,295.63123893737793,16263.366091489792
2020-10-06 23:00:00,332.3683052062988,18448.502555847168
2020-10-07 00:00:00,287.8020553588867,19916.753589630127
2020-10-07 01:00:00,211.96780967712405,17120.115186691284
2020-10-07 02:00:00,368.9564018249512,21783.67901992798
2020-10-07 03:00:00,381.6223678588867,27966.19676589966
2020-10-07 04:00:00,548.2204360961914,33218.00717163086
2020-10-07 05:00:00,633.3216400146484,32501.042987823486
2020-10-07 06:00:00,711.7361068725586,35401.72945022583
2020-10-07 07:00:00,806.9800186157227,38780.93556976318
2020-10-07 08:00:00,868.2131118774414,41110.46955871582
2020-10-07 09:00:00,816.3048095703125,45502.09405517578
2020-10-07 10:00:00,805.7311325073242,45609.56810760498
2020-10-07 11:00:00,909.4497299194336,45168.069023132324
2020-10-07 12:00:00,918.2401962280273,47698.14463806152
2020-10-07 13:00:00,934.4493865966797,50049.578536987305
2020-10-07 14:00:00,909.5673141479492,48365.10147857666
2020-10-07 15:00:00,918.4993743896484,50694.13489532471
2020-10-07 16:00:00,894.1763229370117,47839.74369812012
2020-10-07 17:00:00,906.5340042114258,48819.46677398682
2020-10-07 18:00:00,857.6738967895508,46506.4616394043
2020-10-07 19:00:00,890.5099792480469,45776.556312561035
2020-10-07 20:00:00,847.0037384033203,42185.3346862793
2020-10-07 21:00:00,736.9452285766602,32258.945232391357
2020-10-07 22:00:00,774.4547538757324,31023.53773880005
2020-10-07 23:00:00,700.1936569213867,24346.26076889038
2020-10-08 00:00:00,569.677116394043,18092.99210357666
2020-10-08 01:00:00,527.0658645629883,15825.782703399658
2020-10-08 02:00:00,574.4548072814941,19531.830799102783
2020-10-08 03:00:00,789.5856781005859,19726.69455718994
2020-10-08 04:00:00,738.1953887939453,23489.525672912598
2020-10-08 05:00:00,739.5647201538086,22417.394995689392
2020-10-08 06:00:00,676.2169647216797,24315.412644147873
2020-10-08 07:00:00,743.5835189819336,30564.49991607666
2020-10-08 08:00:00,957.2949142456055,34088.769943237305
2020-10-08 09:00:00,962.2112579345703,41340.898010253906
2020-10-08 10:00:00,961.572624206543,41872.022315979004
2020-10-08 11:00:00,958.4345626831055,39888.733642578125
2020-10-08 12:00:00,962.3913192749023,41105.46920013428
2020-10-08 13:00:00,962.2131042480469,35081.12343597412
2020-10-08 14:00:00,962.1001129150391,42023.03002166748
2020-10-08 15:00:00,964.1509780883789,46414.39687347412
2020-10-08 16:00:00,940.6201553344727,43536.41152191162
2020-10-08 17:00:00,938.6713180541992,42702.902435302734
2020-10-08 18:00:00,906.5068588256836,38346.200817108154
2020-10-08 19:00:00,835.8615798950195,36750.54988861084
2020-10-08 20:00:00,686.2084884643555,29468.580463409424
2020-10-08 21:00:00,550.9708805084229,25851.85994529724
2020-10-08 22:00:00,609.9869194030762,23951.78807449341
2020-10-08 23:00:00,463.0489902496338,19753.38132095337
2020-10-09 00:00:00,383.5023078918457,15725.656785845757
2020-10-09 01:00:00,223.59529781341553,11105.485786758596
2020-10-09 02:00:00,134.49498772621155,10368.714830260724
2020-10-09 03:00:00,87.45944282412529,13710.665529761463
2020-10-09 04:00:00,87.94946527481079,14330.55293560028
2020-10-09 05:00:00,142.73965501785278,16928.180417060852
2020-10-09 06:00:00,208.4085874557495,20099.307183265686
2020-10-09 07:00:00,247.88318920135498,22215.284448623657
2020-10-09 08:00:00,336.88535594940186,25774.30161380768
2020-10-09 09:00:00,521.3714618682861,28730.442337036133
2020-10-09 10:00:00,717.7083930969238,36473.29733276367
2020-10-09 11:00:00,643.5560188293457,42914.461612701416
2020-10-09 12:00:00,755.2306861877441,44263.9447593689
2020-10-09 13:00:00,759.1582794189453,47032.39733886719
2020-10-09 14:00:00,804.8705825805664,46753.95672607422
2020-10-09 15:00:00,890.3576812744141,46202.32682800293
2020-10-09 16:00:00,885.8285980224609,40281.18211364746
2020-10-09 17:00:00,873.5281829833984,34292.45324707031
2020-10-09 18:00:00,584.5688400268555,32613.92218017578
2020-10-09 19:00:00,659.687084197998,29284.704830169678
2020-10-09 20:00:00,628.9904251098633,31828.94631576538
2020-10-09 21:00:00,461.26198959350586,35138.55693435669
2020-10-09 22:00:00,726.8757019042969,40517.699714660645
2020-10-09 23:00:00,658.6988067626953,41369.490882873535
2020-10-10 00:00:00,624.5504760742188,43008.60094833374
2020-10-10 01:00:00,809.0620880126953,40407.30827331543
2020-10-10 02:00:00,802.7673187255859,41238.647315979004
2020-10-10 03:00:00,696.8542098999023,45913.79165649414
2020-10-10 04:00:00,555.0425491333008,43519.317039489746
2020-10-10 05:00:00,954.6665954589844,42979.148681640625
2020-10-10 06:00:00,712.8649444580078,43429.08769226074
2020-10-10 07:00:00,716.5469665527344,42836.72946929932
2020-10-10 08:00:00,921.5466766357422,45787.37065887451
2020-10-10 09:00:00,746.5809555053711,43342.64968109131
2020-10-10 10:00:00,487.8951644897461,34516.264472961426
2020-10-10 11:00:00,778.3816146850585,30043.406661987305
2020-10-10 12:00:00,664.6642456054688,26533.573348999023
2020-10-10 13:00:00,765.8276138305664,27724.012517929077
2020-10-10 14:00:00,499.30084228515625,27530.634490966797
2020-10-10 15:00:00,603.1549263000488,27727.178100585938
2020-10-10 16:00:00,407.62778186798096,25008.616030216217
2020-10-10 17:00:00,364.1988182067871,27197.775527477264
2020-10-10 18:00:00,215.61648178100586,29543.72742319107
2020-10-10 19:00:00,344.11888313293457,30499.873418807983
2020-10-10 20:00:00,601.8555870056152,33056.71740818024
2020-10-10 21:00:00,677.1407451629639,30045.195885658264
2020-10-10 22:00:00,642.6746826171875,34110.73146820068
2020-10-10 23:00:00,696.1448402404785,34870.11824989319
2020-10-11 00:00:00,615.3795051574707,34409.42793083191
2020-10-11 01:00:00,628.2389602661133,36051.642126083374
2020-10-11 02:00:00,700.2338218688964,38720.16523742676
2020-10-11 03:00:00,762.1629295349121,41855.71756362915
2020-10-11 04:00:00,560.0133056640625,43354.27934837341
2020-10-11 05:00:00,667.2012096643448,44820.42136144638
2020-10-11 06:00:00,620.8634452819824,45161.06463623047
2020-10-11 07:00:00,712.3560752868652,47481.87031173706
2020-10-11 08:00:00,691.6109428405762,47719.450061798096
2020-10-11 09:00:00,692.0667877197266,46656.37350463867
2020-10-11 10:00:00,797.3567047119141,47088.734966278076
2020-10-11 11:00:00,828.8656005859374,47466.02675628662
2020-10-11 12:00:00,893.434196472168,46393.963275909424
2020-10-11 13:00:00,448.4840168952942,45787.75889968872
2020-10-11 14:00:00,738.1830368041992,48059.97308731079
2020-10-11 15:00:00,708.1127548217773,50456.62660217285
2020-10-11 16:00:00,618.544303894043,50207.22366333008
2020-10-11 17:00:00,813.6419448852539,49001.95379638672
2020-10-11 18:00:00,867.973014831543,49827.38220214844
2020-10-11 19:00:00,918.541618347168,50244.61087036133
2020-10-11 20:00:00,878.929573059082,45460.67657470703
2020-10-11 21:00:00,883.4120635986327,40260.39874267578
2020-10-11 22:00:00,843.421630859375,36125.30660247803
2020-10-11 23:00:00,837.4857711791992,27481.19317626953
2020-10-12 00:00:00,705.2378616333008,21359.398345947266
2020-10-12 01:00:00,651.2646369934082,16739.814949035645
2020-10-12 02:00:00,586.8568725585938,12323.754779815674
2020-10-12 03:00:00,449.43274688720703,10830.198303222656
2020-10-12 04:00:00,311.84632682800293,9333.837356567383
2020-10-12 05:00:00,220.05728816986084,6285.805295944214
2020-10-12 06:00:00,133.14803647994995,5770.349318027496
2020-10-12 07:00:00,129.1895923614502,5942.89758348465
2020-10-12 08:00:00,119.35540390014648,4742.745063781738
2020-10-12 09:00:00,113.62375545501709,4184.633868217468
2020-10-12 10:00:00,174.01106357574463,7004.321639060974
2020-10-12 11:00:00,131.5857810974121,8932.304921150208
2020-10-12 12:00:00,122.98754262924194,8601.34321308136
2020-10-12 13:00:00,140.1807622909546,8074.311069488525
2020-10-12 14:00:00,111.28605937957764,9088.219020843506
2020-10-12 15:00:00,146.27793407440186,10062.003385543823
2020-10-12 16:00:00,180.96028327941895,11278.488105773926
2020-10-12 17:00:00,183.67186546325684,9032.34575688839
2020-10-12 18:00:00,247.63720893859863,8486.39354133606
2020-10-12 19:00:00,283.94020080566406,11161.897735595703
2020-10-12 20:00:00,281.3708953857422,12668.612396240234
2020-10-12 21:00:00,311.2906379699707,15308.47806930542
2020-10-12 22:00:00,583.6252822875977,23598.842880249023
2020-10-12 23:00:00,863.4138488769531,24258.510848999023
2020-10-13 00:00:00,647.6344375610352,25025.858291625977
2020-10-13 01:00:00,630.9706268310547,24194.97087097168
2020-10-13 02:00:00,719.0294570922852,24550.86801147461
2020-10-13 03:00:00,767.2053070068359,27082.813610076904
2020-10-13 04:00:00,765.2266998291016,29483.227256774902
2020-10-13 05:00:00,688.1643447875977,31229.472049713135
2020-10-13 06:00:00,726.2981109619141,33549.3641166687
2020-10-13 07:00:00,598.8779907226562,36952.48790931702
2020-10-13 08:00:00,598.5986137390137,38956.8364906311
2020-10-13 09:00:00,419.55759620666504,36918.56447029114
2020-10-13 10:00:00,338.69164848327637,37390.52798271179
2020-10-13 11:00:00,317.7739562988281,32065.481788635254
2020-10-13 12:00:00,288.00305557250977,26390.206512451172
2020-10-13 13:00:00,213.58730602264404,21782.463393211365
2020-10-13 14:00:00,268.00286197662354,18920.049454689026
2020-10-13 15:00:00,266.59594345092773,16173.000354766846
2020-10-13 16:00:00,311.113956451416,14623.41996383667
2020-10-13 17:00:00,399.30357360839844,19286.89951324463
2020-10-13 18:00:00,398.43832778930664,22971.856845855713
2020-10-13 19:00:00,460.3013381958008,25343.011306762695
2020-10-13 20:00:00,489.23040771484375,27001.842582702637
2020-10-13 21:00:00,483.50496673583984,26752.70167541504
2020-10-13 22:00:00,452.1248207092285,24592.712802886963
2020-10-13 23:00:00,497.55567169189453,23673.76189804077
2020-10-14 00:00:00,499.9943046569824,24154.10210800171
2020-10-14 01:00:00,464.91387939453125,20690.58053970337
2020-10-14 02:00:00,511.6392593383789,20734.11689376831
2020-10-14 03:00:00,631.6491050720215,20855.56893157959
2020-10-14 04:00:00,709.7305335998535,22207.173362731934
2020-10-14 05:00:00,737.2875804901123,25726.288833618164
2020-10-14 06:00:00,810.0479888916016,32316.72999572754
2020-10-14 07:00:00,787.6453113555908,39680.43697357178
2020-10-14 08:00:00,783.9011878967285,43170.774238586426
2020-10-14 09:00:00,782.084529876709,47099.145111083984
2020-10-14 10:00:00,885.487922668457,49161.764976501465
2020-10-14 11:00:00,841.0948219299316,49429.2144241333
2020-10-14 12:00:00,907.124153137207,49745.63365936279
2020-10-14 13:00:00,946.8402709960938,49865.626068115234
2020-10-14 14:00:00,950.8228607177734,51487.03544616699
2020-10-14 15:00:00,951.2866134643555,52881.96367645264
2020-10-14 16:00:00,952.1229095458984,52457.38557434082
2020-10-14 17:00:00,941.4327621459961,52687.91550445557
2020-10-14 18:00:00,919.6796798706055,52997.243423461914
2020-10-14 19:00:00,880.3377838134766,53003.32312011719
2020-10-14 20:00:00,882.2307739257812,53018.544914245605
2020-10-14 21:00:00,876.2422866821289,52060.241943359375
2020-10-14 22:00:00,873.8862724304199,50874.74721908569
2020-10-14 23:00:00,868.7974433898926,51221.54932785034
2020-10-15 00:00:00,810.8907375335693,50312.48531913757
2020-10-15 01:00:00,819.7677001953125,49412.85723876953
2020-10-15 02:00:00,829.9448738098145,46158.40572357178
2020-10-15 03:00:00,779.1619873046875,40994.55467605591
2020-10-15 04:00:00,786.8341064453125,38394.19987106323
2020-10-15 05:00:00,760.9010162353516,38589.933391571045
2020-10-15 06:00:00,676.7562828063965,35792.4467124939
2020-10-15 07:00:00,660.5469551086426,32724.737899780273
2020-10-15 08:00:00,628.3903884887695,31279.260356903076
2020-10-15 09:00:00,598.0095863342285,30650.831169128418
2020-10-15 10:00:00,582.3000240325928,27444.56075668335
2020-10-15 11:00:00,582.7370052337646,27227.723417282104
2020-10-15 12:00:00,469.27726554870605,24467.642463684082
2020-10-15 13:00:00,451.7942581176758,25615.67821121216
2020-10-15 14:00:00,398.78414154052734,24049.216396331787
2020-10-15 15:00:00,341.8697319030762,22576.2034034729
2020-10-15 16:00:00,426.4571304321289,23771.07313156128
2020-10-15 17:00:00,427.97429275512695,27220.041576385498
2020-10-15 18:00:00,388.76467514038086,25103.765823364258
2020-10-15 19:00:00,330.9731788635254,20737.60891532898
2020-10-15 20:00:00,357.10078048706055,17620.178272247314
2020-10-15 21:00:00,301.4175033569336,17498.19289779663
2020-10-15 22:00:00,267.10887145996094,16848.100591659546
2020-10-15 23:00:00,242.91805839538574,15902.412097930908
2020-10-16 00:00:00,237.4802589416504,15819.89201927185
2020-10-16 01:00:00,175.03859901428223,13185.606466293335
2020-10-16 02:00:00,183.91030883789062,13189.96033668518
2020-10-16 03:00:00,174.92438220977783,13010.011783599854
2020-10-16 04:00:00,223.56941032409668,12290.693467140198
2020-10-16 05:00:00,194.8527431488037,12317.419829368591
2020-10-16 06:00:00,174.52327919006348,12884.271974563599
2020-10-16 07:00:00,153.72863578796387,9730.355170249939
2020-10-16 08:00:00,164.89999771118164,9664.468980789185
2020-10-16 09:00:00,154.1917495727539,9357.712059020996
2020-10-16 10:00:00,54.27986478805542,7556.333998918533
2020-10-16 11:00:00,55.77232646942139,6531.0010048840195
2020-10-16 12:00:00,44.00811529159546,5202.099069595337
2020-10-16 13:00:00,44.917152404785156,5314.0023554340005
2020-10-16 14:00:00,71.89604949951172,5781.002525895834
2020-10-16 15:00:00,100.56057834625244,7937.46699398756
2020-10-16 16:00:00,63.36532258987427,7018.212783247232
2020-10-16 17:00:00,54.570698738098145,7034.301975667477
2020-10-16 18:00:00,69.40945243835449,7474.315829515457
2020-10-16 19:00:00,17.931973695755005,3544.0149802276865
2020-10-16 20:00:00,35.42839103937149,2857.6207588640973
2020-10-16 21:00:00,27.162175983190536,1819.5314613878727
2020-10-16 22:00:00,8.721415467560291,1282.8227176591754
2020-10-16 23:00:00,36.622450828552246,1728.0118494033813
2020-10-17 00:00:00,44.135122299194336,2694.8248919546604
2020-10-17 01:00:00,73.64164352416992,3732.706577207893
2020-10-17 02:00:00,48.16621017456055,3434.860162973404
2020-10-17 03:00:00,7.653118908405304,4225.217724382877
2020-10-17 04:00:00,0.0,5868.222741782665
2020-10-17 05:00:00,7.845736622810364,6662.007380418945
2020-10-17 06:00:00,70.59732818603516,6486.2864591777325
2020-10-17 07:00:00,93.12223599664867,5801.399773578392
2020-10-17 08:00:00,91.43121568113565,5848.373529878445
2020-10-17 09:00:00,63.713001996278756,4782.028742937371
2020-10-17 10:00:00,35.174801596440375,3754.2356597296894
2020-10-17 11:00:00,30.140097618103027,3129.181064516306
2020-10-17 12:00:00,11.522523522377014,2126.299690634012
2020-10-17 13:00:00,9.766751535236835,1676.1276793330908
2020-10-17 14:00:00,6.12696910649538,1297.582324212417
2020-10-17 15:00:00,6.578871250152588,1319.5567868892103
2020-10-17 16:00:00,0.3053264841437339,1435.2683225926012
2020-10-17 17:00:00,0.8692882061004639,2468.550989188254
2020-10-17 18:00:00,1.3818059451878069,1924.5763281560503
2020-10-17 19:00:00,11.874732429161668,3608.1292296664324
2020-10-17 20:00:00,24.916730880737305,4090.130193501711
2020-10-17 21:00:00,38.65549087524414,5494.254453659058
2020-10-17 22:00:00,72.67678451538086,5252.997033953667
2020-10-17 23:00:00,128.41148376464844,7071.9750735759735
2020-10-18 00:00:00,225.70986938476562,9721.915670648217
2020-10-18 01:00:00,298.08423137664795,10986.190445512533
2020-10-18 02:00:00,284.1239502429962,12754.49931164924
2020-10-18 03:00:00,511.4574179649353,15564.317729517817
2020-10-18 04:00:00,497.39443588256836,18123.982821671292
2020-10-18 05:00:00,524.3694267272949,17554.83135652542
2020-10-18 06:00:00,376.57867336273193,15668.413809776306
2020-10-18 07:00:00,534.6700859069824,16473.830779075623
2020-10-18 08:00:00,423.2770080566406,14124.117300987244
2020-10-18 09:00:00,326.7339153289795,11786.410754203796
2020-10-18 10:00:00,299.566370010376,10853.25295639038
2020-10-18 11:00:00,270.74546241760254,8434.499782562256
2020-10-18 12:00:00,212.41218185424805,6449.236022472382
2020-10-18 13:00:00,246.81400299072266,6848.915738105774
2020-10-18 14:00:00,238.28634643554688,6407.516777038574
2020-10-18 15:00:00,224.51748085021973,5780.164775848389
2020-10-18 16:00:00,189.27348518371582,5246.4652462005615
2020-10-18 17:00:00,167.43349313735962,4474.278637170792
2020-10-18 18:00:00,133.71483254432678,4035.1253774166107
2020-10-18 19:00:00,155.12110137939453,4246.600340604782
2020-10-18 20:00:00,128.7585530281067,4342.721901200712
2020-10-18 21:00:00,100.5361602306366,3692.7761359978467
2020-10-18 22:00:00,77.91567730903625,1846.1945851163473
2020-10-18 23:00:00,81.77217411994934,2719.9705009311438
2020-10-19 00:00:00,61.664581298828125,4219.860892504454
2020-10-19 01:00:00,87.43749809265137,5409.90199303627
2020-10-19 02:00:00,128.37503719329834,4928.051084280014
2020-10-19 03:00:00,116.69322228431702,5277.0084492862225
2020-10-19 04:00:00,156.5803370475769,7041.922887325287
2020-10-19 05:00:00,154.90742540359497,9304.35966014862
2020-10-19 06:00:00,151.88545989990234,10663.790921211243
2020-10-19 07:00:00,90.98611748218536,8665.853448450565
2020-10-19 08:00:00,74.6975450515747,9740.466730356216
2020-10-19 09:00:00,92.02391242980957,12192.575545310974
2020-10-19 10:00:00,136.82614707946777,13674.906887054443
2020-10-19 11:00:00,239.6076889038086,18824.395669937134
2020-10-19 12:00:00,265.11988830566406,22644.410831451416
2020-10-19 13:00:00,331.39640045166016,20280.187704086304
2020-10-19 14:00:00,363.04220390319824,20953.327730178833
2020-10-19 15:00:00,376.034460067749,22536.32099533081
2020-10-19 16:00:00,336.3541774749756,26108.800086975098
2020-10-19 17:00:00,341.7639350891113,31691.309606552124
2020-10-19 18:00:00,525.3539161682129,41581.028690338135
2020-10-19 19:00:00,746.9590225219727,49377.87077331543
2020-10-19 20:00:00,858.2167053222655,50875.392738342285
2020-10-19 21:00:00,832.0412750244141,51468.78722381592
2020-10-19 22:00:00,780.1510963439941,51657.58514404297
2020-10-19 23:00:00,846.6357574462891,52442.70008850098
2020-10-20 00:00:00,865.2033157348633,52923.32636260986
2020-10-20 01:00:00,919.2865219116211,51445.280616760254
2020-10-20 02:00:00,932.0938720703125,51192.235290527344
2020-10-20 03:00:00,933.753776550293,49452.12208557129
2020-10-20 04:00:00,912.1373291015625,47234.36148071289
2020-10-20 05:00:00,926.1974639892578,46855.15402984619
2020-10-20 06:00:00,952.0195922851562,49719.413970947266
2020-10-20 07:00:00,929.5513381958008,50421.529640197754
2020-10-20 08:00:00,908.0149993896484,47038.663330078125
2020-10-20 09:00:00,910.1815795898438,45422.76403045654
2020-10-20 10:00:00,859.4157180786133,41032.35452270508
2020-10-20 11:00:00,735.1200637817383,43385.92643737793
2020-10-20 12:00:00,902.8418807983398,45322.90441131592
2020-10-20 13:00:00,818.9538879394531,43985.982093811035
2020-10-20 14:00:00,939.5787200927734,46427.31559753418
2020-10-20 15:00:00,940.712532043457,47123.582092285156
2020-10-20 16:00:00,957.6891555786133,44960.63230895996
2020-10-20 17:00:00,929.0542144775391,48539.459884643555
2020-10-20 18:00:00,902.5962448120117,39617.53517913818
2020-10-20 19:00:00,775.6945419311523,42536.7160949707
2020-10-20 20:00:00,829.7704010009766,46333.09629058838
2020-10-20 21:00:00,756.1664047241211,40957.800983428955
2020-10-20 22:00:00,798.7620620727539,39204.727588653564
2020-10-20 23:00:00,802.2886352539062,38217.57146072388
2020-10-21 00:00:00,796.8743057250977,32653.110164642334
2020-10-21 01:00:00,777.5171127319336,28590.26721572876
2020-10-21 02:00:00,645.6686401367186,21142.53187561035
2020-10-21 03:00:00,482.2341423034668,16765.66590499878
2020-10-21 04:00:00,451.6089096069336,17694.37087249756
2020-10-21 05:00:00,373.59691619873047,17460.573917388916
2020-10-21 06:00:00,345.26300048828125,17222.993816375732
2020-10-21 07:00:00,530.6498489379883,22943.232124328613
2020-10-21 08:00:00,552.9310150146484,26452.361450195312
2020-10-21 09:00:00,659.0423812866211,28815.92246246338
2020-10-21 10:00:00,916.1403274536133,31167.00383758545
2020-10-21 11:00:00,903.2268295288086,30790.91352081299
2020-10-21 12:00:00,961.2960739135742,36660.14505004883
2020-10-21 13:00:00,956.3078765869141,39688.477310180664
2020-10-21 14:00:00,944.9888687133789,35990.61306762695
2020-10-21 15:00:00,961.6355972290039,29749.768264770508
2020-10-21 16:00:00,962.4472045898438,31204.2384185791
2020-10-21 17:00:00,956.2349243164062,32423.28988647461
2020-10-21 18:00:00,959.403076171875,38737.7110748291
2020-10-21 19:00:00,962.0497436523436,46803.57794189453
2020-10-21 20:00:00,960.6387176513672,48007.55810546875
2020-10-21 21:00:00,942.6522216796875,43289.02227020264
2020-10-21 22:00:00,939.2576599121093,40602.011238098145
2020-10-21 23:00:00,940.3217163085938,41803.41931152344
2020-10-22 00:00:00,936.7835922241211,46485.09924316406
2020-10-22 01:00:00,933.1670989990234,45177.64394378662
2020-10-22 02:00:00,954.6100006103516,48656.362937927246
2020-10-22 03:00:00,960.757568359375,46656.37731933594
2020-10-22 04:00:00,953.5652923583984,50976.63230133057
2020-10-22 05:00:00,960.087890625,53734.22360992432
2020-10-22 06:00:00,959.6469116210938,54045.03645324707
2020-10-22 07:00:00,945.1185302734375,53397.707946777344
2020-10-22 08:00:00,948.6475067138672,53212.634674072266
2020-10-22 09:00:00,944.5409774780273,52832.362731933594
2020-10-22 10:00:00,926.2313156127929,52800.75086212158
2020-10-22 11:00:00,957.2622604370117,53267.73258972168
2020-10-22 12:00:00,958.5526275634766,53373.165786743164
2020-10-22 13:00:00,913.2649765014648,52006.82637023926
2020-10-22 14:00:00,917.1926193237305,52444.41431427002
2020-10-22 15:00:00,939.5846481323242,52620.523376464844
2020-10-22 16:00:00,944.9069747924805,51687.20112609863
2020-10-22 17:00:00,930.0637969970703,52596.684562683105
2020-10-22 18:00:00,894.4028549194336,50775.58769226074
2020-10-22 19:00:00,916.1564788818359,50620.94594955444
2020-10-22 20:00:00,943.0002212524414,48612.877643585205
2020-10-22 21:00:00,769.1302642822266,43586.02282142639
2020-10-22 22:00:00,746.1558036804199,42911.835525512695
2020-10-22 23:00:00,708.2341194152832,35684.23082733154
2020-10-23 00:00:00,619.060631275177,28766.514203576837
2020-10-23 01:00:00,516.2479000091553,22598.30866241455
2020-10-23 02:00:00,511.63731145858765,19285.559376358986
2020-10-23 03:00:00,344.24233984947205,16330.191163539886
2020-10-23 04:00:00,470.21531867980957,20406.614428520203
2020-10-23 05:00:00,439.45701026916504,18397.091636180878
2020-10-23 06:00:00,447.59099197387695,18969.49594974518
2020-10-23 07:00:00,367.3894863128662,15880.731657981873
2020-10-23 08:00:00,260.55863189697266,12658.485975265503
2020-10-23 09:00:00,308.5788993835449,14853.99728012085
2020-10-23 10:00:00,303.8581609725952,16128.880879878998
2020-10-23 11:00:00,446.90015268325806,19860.342104911804
2020-10-23 12:00:00,487.07750701904297,31079.300786972046
2020-10-23 13:00:00,589.1215744018555,37072.190757751465
2020-10-23 14:00:00,754.563793182373,38383.73711395264
2020-10-23 15:00:00,813.7084426879883,36969.251640319824
2020-10-23 16:00:00,855.1776733398438,40356.23030471802
2020-10-23 17:00:00,894.7754364013672,40321.46172332764
2020-10-23 18:00:00,909.1332702636719,36057.21321105957
2020-10-23 19:00:00,952.6874694824219,34092.212326049805
2020-10-23 20:00:00,934.6679916381836,37635.51022338867
2020-10-23 21:00:00,420.6572799682617,38680.977394104004
2020-10-23 22:00:00,824.1613922119141,45023.68241882324
2020-10-23 23:00:00,888.783935546875,35577.46812438965
2020-10-24 00:00:00,687.5520629882812,24187.79044342041
2020-10-24 01:00:00,516.8593559265137,17201.052619934082
2020-10-24 02:00:00,558.8375663757324,20121.144748687744
2020-10-24 03:00:00,523.8377456665039,22853.65199279785
2020-10-24 04:00:00,636.9280776977539,28802.60743713379
2020-10-24 05:00:00,720.7436752319336,31630.71485519409
2020-10-24 06:00:00,660.5890731811523,38258.45394515991
2020-10-24 07:00:00,723.1494216918945,43118.00672149658
2020-10-24 08:00:00,835.2358512878418,48806.47826004028
2020-10-24 09:00:00,952.6037063598633,50460.0760345459
2020-10-24 10:00:00,908.6412734985352,53730.98021697998
2020-10-24 11:00:00,962.5784606933594,54058.697898864746
2020-10-24 12:00:00,962.7062377929688,54342.17643737793
2020-10-24 13:00:00,963.2578430175781,54309.374366760254
2020-10-24 14:00:00,963.6138916015625,54210.99465942383
2020-10-24 15:00:00,962.6151733398438,54279.90729522705
2020-10-24 16:00:00,963.223991394043,54207.25932312012
2020-10-24 17:00:00,961.6777648925781,54165.57106781006
2020-10-24 18:00:00,962.1171112060547,54151.73229980469
2020-10-24 19:00:00,961.2789688110352,54033.4931640625
2020-10-24 20:00:00,960.6296539306641,53954.89574432373
2020-10-24 21:00:00,961.2108154296875,53822.28303527832
2020-10-24 22:00:00,962.4543075561523,53834.2912979126
2020-10-24 23:00:00,961.7849197387695,45677.79140472412
2020-10-25 00:00:00,964.5046081542969,47217.14981842041
2020-10-25 01:00:00,964.0814971923828,53352.44539642334
2020-10-25 02:00:00,965.7775192260742,54155.42615509033
2020-10-25 03:00:00,965.6605606079102,51903.62423706055
2020-10-25 04:00:00,964.3731231689453,39744.15453338623
2020-10-25 05:00:00,953.5453262329102,31130.22442626953
2020-10-25 06:00:00,913.6616439819336,35528.853034973145
2020-10-25 07:00:00,945.3134231567383,43320.139698028564
2020-10-25 08:00:00,924.1340026855469,45054.34420013428
2020-10-25 09:00:00,937.2135543823242,46536.48587036133
2020-10-25 10:00:00,961.1167373657227,48577.12203979492
2020-10-25 11:00:00,949.138557434082,47267.553161621094
2020-10-25 12:00:00,957.5081558227539,45275.214920043945
2020-10-25 13:00:00,956.1900939941405,43419.949142456055
2020-10-25 14:00:00,921.2729873657227,44110.95629119873
2020-10-25 15:00:00,955.4041976928711,41632.92346954346
2020-10-25 16:00:00,958.6713943481445,41076.48384094238
2020-10-25 17:00:00,942.1133117675781,39239.086853027344
2020-10-25 18:00:00,956.6378326416016,38456.63331604004
2020-10-25 19:00:00,952.3142013549805,42326.55760192871
2020-10-25 20:00:00,962.0420913696289,44105.97142791748
2020-10-25 21:00:00,960.2796173095703,41638.77268218994
2020-10-25 22:00:00,957.4042663574219,41010.62682342529
2020-10-25 23:00:00,931.482208251953,40074.23407745361
2020-10-26 00:00:00,943.0881271362305,37735.40188598633
2020-10-26 01:00:00,951.9158477783203,36812.02323913574
2020-10-26 02:00:00,878.1353912353516,32347.085304260254
2020-10-26 03:00:00,924.6694793701172,32186.468627929688
2020-10-26 04:00:00,959.1072311401367,30155.35765838623
2020-10-26 05:00:00,957.1493453979492,31482.984817504883
2020-10-26 06:00:00,930.3522872924805,28969.365768432617
2020-10-26 07:00:00,963.9129638671875,31142.583030700684
2020-10-26 08:00:00,960.7162475585938,32793.273666381836
2020-10-26 09:00:00,962.9038314819336,35584.16395568848
2020-10-26 10:00:00,963.0496139526367,43325.51156616211
2020-10-26 11:00:00,963.1591491699219,42779.44017791748
2020-10-26 12:00:00,963.0301284790039,45574.947326660156
2020-10-26 13:00:00,957.1550064086914,47483.73011779785
2020-10-26 14:00:00,907.1309432983398,46076.298011779785
2020-10-26 15:00:00,955.266471862793,46007.81647491455
2020-10-26 16:00:00,960.9216156005859,51085.38565826416
2020-10-26 17:00:00,962.5533447265625,49295.51850128174
2020-10-26 18:00:00,925.2158584594727,48076.65147399902
2020-10-26 19:00:00,880.8276748657227,47480.01104736328
2020-10-26 20:00:00,895.9687118530273,47224.44665145874
2020-10-26 21:00:00,854.8954811096191,49651.023021698
2020-10-26 22:00:00,844.8659763336182,49641.614654541016
2020-10-26 23:00:00,864.1012725830078,51021.03269195557
2020-10-27 00:00:00,931.06689453125,51036.233253479004
2020-10-27 01:00:00,890.5166931152344,49342.56826019287
2020-10-27 02:00:00,916.6275100708008,50995.04430389404
2020-10-27 03:00:00,860.7111740112305,47783.86709976196
2020-10-27 04:00:00,857.0564498901367,46435.13945770264
2020-10-27 05:00:00,903.9878616333008,48409.25582122803
2020-10-27 06:00:00,927.7844390869141,48548.172843933105
2020-10-27 07:00:00,906.0700912475586,44052.05080413818
2020-10-27 08:00:00,894.9626083374023,44327.647327423096
2020-10-27 09:00:00,962.2017974853516,45519.70552062988
2020-10-27 10:00:00,940.8902053833008,44964.7082901001
2020-10-27 11:00:00,963.171257019043,43347.45106506348
2020-10-27 12:00:00,962.9145126342773,46298.31594848633
2020-10-27 13:00:00,962.0331726074219,44238.053649902344
2020-10-27 14:00:00,960.4454498291016,42604.69040679932
2020-10-27 15:00:00,963.1700134277344,40289.596046447754
2020-10-27 16:00:00,963.0200119018555,41954.64977264404
2020-10-27 17:00:00,962.9855499267578,48251.67621612549
2020-10-27 18:00:00,960.9138565063477,51874.47057342529
2020-10-27 19:00:00,962.8718032836914,54163.613594055176
2020-10-27 20:00:00,965.305908203125,54200.511154174805
2020-10-27 21:00:00,965.6366119384766,54196.260734558105
2020-10-27 22:00:00,963.7430953979492,54067.04667663574
2020-10-27 23:00:00,954.3932723999023,53979.01356506348
2020-10-28 00:00:00,956.3693161010742,53647.559661865234
2020-10-28 01:00:00,958.1241683959961,53240.09354400635
2020-10-28 02:00:00,934.8351669311523,53236.814224243164
2020-10-28 03:00:00,928.4157562255859,52515.99899291992
2020-10-28 04:00:00,925.230339050293,51326.80707550049
2020-10-28 05:00:00,942.5500259399414,51258.12038421631
2020-10-28 06:00:00,950.7898559570312,52512.98947906494
2020-10-28 07:00:00,947.4217758178711,53796.41803741455
2020-10-28 08:00:00,962.057487487793,53270.84154510498
2020-10-28 09:00:00,926.6421127319336,53097.33791351318
2020-10-28 10:00:00,962.4736328125,53556.66864013672
2020-10-28 11:00:00,962.5292663574219,53567.89878845215
2020-10-28 12:00:00,961.5914001464844,53246.0883102417
2020-10-28 13:00:00,962.0711822509766,53544.123138427734
2020-10-28 14:00:00,963.5739822387695,52546.31010437012
2020-10-28 15:00:00,964.0703201293945,52076.8201751709
2020-10-28 16:00:00,961.7826919555664,52856.17280578613
2020-10-28 17:00:00,941.5660171508789,49483.42272186279
2020-10-28 18:00:00,961.202522277832,48565.28520965576
2020-10-28 19:00:00,961.2785568237305,41792.073974609375
2020-10-28 20:00:00,959.7231292724609,43041.55807495117
2020-10-28 21:00:00,961.2903671264648,41822.985763549805
2020-10-28 22:00:00,664.6830062866211,43731.20106506348
2020-10-28 23:00:00,886.5156631469727,49643.52488708496
2020-10-29 00:00:00,963.4542694091797,49597.77429962158
2020-10-29 01:00:00,960.4446716308594,51209.282859802246
2020-10-29 02:00:00,947.8334350585938,51414.68370819092
2020-10-29 03:00:00,956.3749694824219,52350.8147277832
2020-10-29 04:00:00,957.3477630615234,50980.355308532715
2020-10-29 05:00:00,957.5806121826172,49226.43647003174
2020-10-29 06:00:00,952.1531829833984,49354.795234680176
2020-10-29 07:00:00,918.9333648681641,50108.76747894287
2020-10-29 08:00:00,773.4393539428711,51692.302673339844
2020-10-29 09:00:00,899.0508804321289,47331.37462615967
2020-10-29 10:00:00,918.594123840332,48065.528175354004
2020-10-29 11:00:00,912.559455871582,45607.95265960693
2020-10-29 12:00:00,906.4066772460938,42659.7131729126
2020-10-29 13:00:00,845.1594924926758,37503.16428375244
2020-10-29 14:00:00,795.8184661865234,30015.34493637085
2020-10-29 15:00:00,781.5694351196289,27567.135696411133
2020-10-29 16:00:00,804.5999908447266,32216.5913772583
2020-10-29 17:00:00,579.353157043457,36634.35837554932
2020-10-29 18:00:00,828.7776641845703,44231.84763336182
2020-10-29 19:00:00,949.7969207763672,47382.37763977051
2020-10-29 20:00:00,947.3063735961914,49748.853118896484
2020-10-29 21:00:00,962.4628143310547,49218.77070617676
2020-10-29 22:00:00,949.3289642333983,51562.541847229004
2020-10-29 23:00:00,963.2464370727539,53242.233459472656
2020-10-30 00:00:00,963.4292449951172,53332.636863708496
2020-10-30 01:00:00,963.1547164916992,54103.00810241699
2020-10-30 02:00:00,964.0228652954102,54176.30905914307
2020-10-30 03:00:00,963.8560562133789,54173.41452026367
2020-10-30 04:00:00,963.7624969482422,54139.28421020508
2020-10-30 05:00:00,963.9484176635742,54320.53741455078
2020-10-30 06:00:00,964.1364135742188,54269.07308959961
2020-10-30 07:00:00,963.1199493408203,54294.83864593506
2020-10-30 08:00:00,963.5479202270508,54169.66310119629
2020-10-30 09:00:00,963.5848617553711,54233.768730163574
2020-10-30 10:00:00,963.7688522338867,54156.5481338501
2020-10-30 11:00:00,963.3615493774414,54136.416427612305
2020-10-30 12:00:00,963.805305480957,53841.56157684326
2020-10-30 13:00:00,918.1027984619141,52451.00263977051
2020-10-30 14:00:00,816.8654632568359,48689.7229385376
2020-10-30 15:00:00,849.532112121582,46149.36609649658
2020-10-30 16:00:00,861.6249923706055,45175.79977416992
2020-10-30 17:00:00,794.3560791015625,40146.024421691895
2020-10-30 18:00:00,762.45694732666,34591.621826171875
2020-10-30 19:00:00,750.698844909668,28088.03687286377
2020-10-30 20:00:00,643.5294952392578,23507.391807556152
2020-10-30 21:00:00,675.4818115234375,19569.730047225952
2020-10-30 22:00:00,552.6608963012695,13719.328770160675
2020-10-30 23:00:00,320.2987403869629,9589.49957728386
2020-10-31 00:00:00,244.7917947769165,7466.858322143555
2020-10-31 01:00:00,267.23033332824707,6650.81678044796
2020-10-31 02:00:00,284.52295541763306,8134.497982680798
2020-10-31 03:00:00,285.9925949573517,9185.252516895533
2020-10-31 04:00:00,261.0396957397461,12250.338857650757
2020-10-31 05:00:00,229.4406635761261,18218.57724571228
2020-10-31 06:00:00,309.85229873657227,25553.244289398193
2020-10-31 07:00:00,489.4956512451172,34105.178466796875
2020-10-31 08:00:00,642.49462890625,41837.90855026245
2020-10-31 09:00:00,832.1391296386719,49873.65613555908
2020-10-31 10:00:00,885.0722198486328,53518.437812805176
2020-10-31 11:00:00,932.1784210205078,54200.0962600708
2020-10-31 12:00:00,947.8067855834961,54289.77745819092
2020-10-31 13:00:00,939.9878692626953,54372.31890106201
2020-10-31 14:00:00,953.7347259521484,54172.79000854492
2020-10-31 15:00:00,960.9470443725586,54118.192054748535
2020-10-31 16:00:00,961.8669204711914,54207.57627868652
2020-10-31 17:00:00,963.5189437866211,54203.206230163574
2020-10-31 18:00:00,963.1416320800781,54197.12570953369
2020-10-31 19:00:00,963.290542602539,54115.575340270996
2020-10-31 20:00:00,958.9765319824219,53434.871910095215
2020-10-31 21:00:00,955.622917175293,53151.49038696289
2020-10-31 22:00:00,921.9190521240234,49896.40525817871
2020-10-31 23:00:00,922.6316070556641,48660.18537902832
2020-11-01 00:00:00,892.1289138793945,42389.961334228516
2020-11-01 01:00:00,773.8189468383789,38653.27628326416
2020-11-01 02:00:00,767.1230621337891,38698.751750946045
2020-11-01 03:00:00,781.9810371398926,43192.73807144165
2020-11-01 04:00:00,586.6571426391602,39720.5912361145
2020-11-01 05:00:00,733.3759078979492,44474.269943237305
2020-11-01 06:00:00,911.3036270141602,49906.06438446045
2020-11-01 07:00:00,957.7297821044922,51463.6343460083
2020-11-01 08:00:00,958.2040252685547,54001.20722198486
2020-11-01 09:00:00,963.6935119628906,54435.01671600342
2020-11-01 10:00:00,963.0571136474609,54407.22673034668
2020-11-01 11:00:00,963.7613372802734,54192.20821380615
2020-11-01 12:00:00,963.1964416503906,54257.6891708374
2020-11-01 13:00:00,961.6221542358398,54163.290840148926
2020-11-01 14:00:00,960.7383193969727,54172.8429107666
2020-11-01 15:00:00,961.6633911132812,54175.04875946045
2020-11-01 16:00:00,963.2397308349609,54208.92754364014
2020-11-01 17:00:00,962.2141876220703,53951.11331176758
2020-11-01 18:00:00,961.4120941162109,54079.55410003662
2020-11-01 19:00:00,960.9980392456055,54215.20706939697
2020-11-01 20:00:00,962.2123947143555,54110.67832183838
2020-11-01 21:00:00,964.8929901123047,47920.45330810547
2020-11-01 22:00:00,965.563606262207,51187.69981384277
2020-11-01 23:00:00,958.2531280517578,36154.847343444824
2020-11-02 00:00:00,957.3569564819336,36450.68592071533
2020-11-02 01:00:00,957.1795654296874,28332.111785888672
2020-11-02 02:00:00,962.9977722167969,20137.054322242737
2020-11-02 03:00:00,962.381591796875,13215.627281188965
2020-11-02 04:00:00,963.9626007080078,13977.208587646484
2020-11-02 05:00:00,957.9026336669922,31887.113655090332
2020-11-02 06:00:00,957.0481491088867,39398.144802093506
2020-11-02 07:00:00,957.3184967041016,46507.67037963867
2020-11-02 08:00:00,958.038459777832,42792.167110443115
2020-11-02 09:00:00,944.2856750488281,50272.274971961975
2020-11-02 10:00:00,957.0879974365234,53670.36298370361
2020-11-02 11:00:00,958.4251403808594,53209.24166870117
2020-11-02 12:00:00,958.632698059082,49501.87961578369
2020-11-02 13:00:00,963.6277160644531,52730.75084686279
2020-11-02 14:00:00,962.9997787475586,53274.002128601074
2020-11-02 15:00:00,962.7049789428711,53816.27941894531
2020-11-02 16:00:00,962.18017578125,54391.04482269287
2020-11-02 17:00:00,964.14697265625,54437.009284973145
2020-11-02 18:00:00,963.8544158935547,54431.74835205078
2020-11-02 19:00:00,963.3107223510742,54293.92323303223
2020-11-02 20:00:00,962.5668640136719,54225.14423370361
2020-11-02 21:00:00,960.6716613769531,54227.82354736328
2020-11-02 22:00:00,961.7697448730468,54327.70179748535
2020-11-02 23:00:00,961.419303894043,54150.83882904053
2020-11-03 00:00:00,960.2370452880859,54227.45253753662
2020-11-03 01:00:00,962.0877304077148,54329.324851989746
2020-11-03 02:00:00,961.6967697143555,53931.5510635376
2020-11-03 03:00:00,961.3526763916016,53462.797050476074
2020-11-03 04:00:00,946.5546188354492,52889.9342880249
2020-11-03 05:00:00,931.5515670776367,52705.04862213135
2020-11-03 06:00:00,928.0748443603516,51087.93767929077
2020-11-03 07:00:00,823.4581909179688,41432.81771850586
2020-11-03 08:00:00,784.0009994506836,35190.338607788086
2020-11-03 09:00:00,818.1208267211914,31757.299404144287
2020-11-03 10:00:00,710.0996208190918,39329.408348083496
2020-11-03 11:00:00,782.3662567138672,36947.88837432861
2020-11-03 12:00:00,870.1611175537109,35585.28002166748
2020-11-03 13:00:00,947.7249374389648,34019.25476074219
2020-11-03 14:00:00,963.367431640625,39975.34157562256
2020-11-03 15:00:00,960.9042282104492,40541.25065612793
2020-11-03 16:00:00,964.341194152832,46821.4800491333
2020-11-03 17:00:00,959.5342864990234,49728.65776824951
2020-11-03 18:00:00,955.4636077880858,52986.52847290039
2020-11-03 19:00:00,959.3614196777344,50683.538230895996
2020-11-03 20:00:00,960.7834701538086,49516.2407913208
2020-11-03 21:00:00,961.1229553222656,49246.96145629883
2020-11-03 22:00:00,960.338752746582,49761.686935424805
2020-11-03 23:00:00,904.2515487670898,49766.28101348877
2020-11-04 00:00:00,931.5627365112305,42869.60941314697
2020-11-04 01:00:00,917.7426528930664,41832.24893951416
2020-11-04 02:00:00,885.4855194091797,41368.91026306152
2020-11-04 03:00:00,839.4129104614258,35150.60478210449
2020-11-04 04:00:00,700.366828918457,29068.053337097168
2020-11-04 05:00:00,634.8739070892334,28052.0851726532
2020-11-04 06:00:00,625.0740661621094,28083.989072799683
2020-11-04 07:00:00,565.9095325469971,29658.7317237854
2020-11-04 08:00:00,516.4856338500977,29296.687719345093
2020-11-04 09:00:00,432.4584197998047,23327.19242286682
2020-11-04 10:00:00,476.1722221374512,25702.814277648926
2020-11-04 11:00:00,455.2712707519531,21149.857624053955
2020-11-04 12:00:00,504.68037033081055,20107.944024682045
2020-11-04 13:00:00,461.326524734497,16714.430752277374
2020-11-04 14:00:00,486.8559761047363,15625.725212097168
2020-11-04 15:00:00,294.6938123703003,16127.194414138794
2020-11-04 16:00:00,316.2610445022583,13993.345074653625
2020-11-04 17:00:00,374.145058631897,10683.812145233154
2020-11-04 18:00:00,301.0980167388916,9170.784843616188
2020-11-04 19:00:00,266.1255340576172,10719.314033806324
2020-11-04 20:00:00,200.98986673355103,9509.742561463267
2020-11-04 21:00:00,188.81280517578125,9134.573784828186
2020-11-04 22:00:00,275.7608947753906,10588.3287961483
2020-11-04 23:00:00,223.99647998809817,11816.217649638653
2020-11-05 00:00:00,226.2990231513977,14573.499023325741
2020-11-05 01:00:00,225.29855531454086,13975.169096025638
2020-11-05 02:00:00,233.3937315940857,18450.824538428336
2020-11-05 03:00:00,254.38955330848694,22673.364931464195
2020-11-05 04:00:00,311.86021399497986,25372.85336613655
2020-11-05 05:00:00,437.7464060783386,27838.837767601013
2020-11-05 06:00:00,466.59939432144165,29432.683726165444
2020-11-05 07:00:00,408.8111171722412,25950.328353405
2020-11-05 08:00:00,420.3159580230713,23043.49671936035
2020-11-05 09:00:00,474.9646511077881,23286.019879341125
2020-11-05 10:00:00,591.6906561851501,24864.190860807896
2020-11-05 11:00:00,604.5866827964783,23140.765027046204
2020-11-05 12:00:00,639.3030891418457,24700.315320968628
2020-11-05 13:00:00,621.0132312774658,20878.840253829956
2020-11-05 14:00:00,555.9162044525146,18739.64413168095
2020-11-05 15:00:00,447.2911138534546,16581.757937788963
2020-11-05 16:00:00,443.4242696762085,13076.23177909851
2020-11-05 17:00:00,326.5309410095215,9303.96843636036
2020-11-05 18:00:00,246.61545133590695,7623.850212097168
2020-11-05 19:00:00,158.38536548614502,5294.174577318132
2020-11-05 20:00:00,117.53292655944824,3527.0574372187257
2020-11-05 21:00:00,120.44492042064668,2273.6586669385433
2020-11-05 22:00:00,85.75194129347801,1582.807285947958
2020-11-05 23:00:00,57.97484424710274,1773.9139068424702
2020-11-06 00:00:00,45.212942123413086,2100.4716560360976
2020-11-06 01:00:00,56.951229095458984,2249.187102250755
2020-11-06 02:00:00,48.159210205078125,2234.2554371356964
2020-11-06 03:00:00,44.28239634633064,1809.5949205718935
2020-11-06 04:00:00,39.165496826171875,1718.0179853364825
2020-11-06 05:00:00,16.72338953614235,1137.4714476168156
2020-11-06 06:00:00,15.523086309432983,895.2590396180749
2020-11-06 07:00:00,21.493488490581512,609.7427234183997
2020-11-06 08:00:00,22.444117307662967,687.7472740411758
2020-11-06 09:00:00,10.172020081430674,875.7854126188904
2020-11-06 10:00:00,23.37345314025879,1209.0466030836105
2020-11-06 11:00:00,31.479525089263916,2166.4936507940292
2020-11-06 12:00:00,15.466217160224915,2645.614475607872
2020-11-06 13:00:00,11.20926284790039,1988.8429362680763
2020-11-06 14:00:00,21.90643870830536,1552.2503410577774
2020-11-06 15:00:00,59.99380111694336,2915.9634754657745
2020-11-06 16:00:00,70.6902003288269,3766.6985964775085
2020-11-06 17:00:00,113.85302639007568,5513.425981402397
2020-11-06 18:00:00,202.4051342010498,8623.410645484924
2020-11-06 19:00:00,279.3827438354492,10163.08998298645
2020-11-06 20:00:00,282.479944229126,12956.533058166504
2020-11-06 21:00:00,362.55575942993164,15178.681671142578
2020-11-06 22:00:00,323.1888313293457,14160.91248703003
2020-11-06 23:00:00,323.6377830505371,12058.405893325806
2020-11-07 00:00:00,356.88891983032227,11885.39189338684
2020-11-07 01:00:00,325.92788314819336,10383.441381454468
2020-11-07 02:00:00,331.77397632598877,6724.805419921875
2020-11-07 03:00:00,485.41556167602533,5942.37589263916
2020-11-07 04:00:00,351.80123805999756,5247.2549700737
2020-11-07 05:00:00,190.60367965698242,3092.4568705558777
2020-11-07 06:00:00,170.9392910003662,1991.640303850174
2020-11-07 07:00:00,177.52509307861328,1343.684887856245
2020-11-07 08:00:00,98.50866270065308,770.5481095314026
2020-11-07 09:00:00,72.42276203632355,299.433464913629
2020-11-07 10:00:00,35.507057189941406,597.2568148449063
2020-11-07 11:00:00,16.055813036859035,207.55303998291492
2020-11-07 12:00:00,2.84550435654819,77.3241264373064
2020-11-07 13:00:00,0.1993734985589981,31.163477452471852
2020-11-07 14:00:00,1.091111183166504,301.4395573735237
2020-11-07 15:00:00,1.3922872208058834,830.6505456268787
2020-11-07 16:00:00,2.752683997154236,863.7590573728085
2020-11-07 17:00:00,21.285807609558105,1415.6782524585724
2020-11-07 18:00:00,21.121505737304688,1617.1981793642044
2020-11-07 19:00:00,22.267406940460205,2317.402861714363
2020-11-07 20:00:00,21.389427185058594,1995.60590018332
2020-11-07 21:00:00,27.142923831939697,1852.0117558315396
2020-11-07 22:00:00,41.21793174743652,2100.317161142826
2020-11-07 23:00:00,60.33955001831055,2541.416426420212
2020-11-08 00:00:00,59.15566968917847,3576.6159395575523
2020-11-08 01:00:00,47.676146030426025,4179.356091976166
2020-11-08 02:00:00,62.16531252861023,5170.388318955898
2020-11-08 03:00:00,69.70932674407959,6546.3058894872665
2020-11-08 04:00:00,73.6211085319519,7056.349520921707
2020-11-08 05:00:00,143.02932929992676,8403.789256095886
2020-11-08 06:00:00,140.65522480010986,10472.093287467957
2020-11-08 07:00:00,175.66525077819824,11877.528129577637
2020-11-08 08:00:00,228.64811420440674,12204.498857975006
2020-11-08 09:00:00,211.5838680267334,11968.857786655426
2020-11-08 10:00:00,211.57821559906006,12146.92007637024
2020-11-08 11:00:00,207.49215936660767,12278.544464588165
2020-11-08 12:00:00,209.8101978302002,11697.316391944885
2020-11-08 13:00:00,158.77538633346558,11766.982824802399
2020-11-08 14:00:00,149.43432331085205,11505.964262485504
2020-11-08 15:00:00,188.07136917114258,14144.588593482971
2020-11-08 16:00:00,207.4002447128296,15987.163595199585
2020-11-08 17:00:00,290.391170501709,17882.254066467285
2020-11-08 18:00:00,337.6272716522217,18720.96275138855
2020-11-08 19:00:00,296.94598388671875,16904.51739501953
2020-11-08 20:00:00,199.96060371398926,15036.647695541382
2020-11-08 21:00:00,193.79448318481445,14680.466544151306
2020-11-08 22:00:00,191.05158615112305,14575.816059112549
2020-11-08 23:00:00,229.0317039489746,11048.767411231995
2020-11-09 00:00:00,152.5998239517212,8618.754253387451
2020-11-09 01:00:00,175.74316692352295,7593.531716346741
2020-11-09 02:00:00,161.5831184387207,7837.32802772522
2020-11-09 03:00:00,191.9330348968506,9341.822575569153
2020-11-09 04:00:00,94.99751472473145,8086.659071445465
2020-11-09 05:00:00,117.1779637336731,7300.441512346268
2020-11-09 06:00:00,212.00052738189697,6559.852460861206
2020-11-09 07:00:00,149.9775676727295,7134.803601264954
2020-11-09 08:00:00,122.90637683868407,8261.719279050827
2020-11-09 09:00:00,157.8210792541504,7589.793014287949
2020-11-09 10:00:00,169.77353477478027,7913.796308517456
2020-11-09 11:00:00,172.30535793304443,6583.431808948517
2020-11-09 12:00:00,127.45400476455688,7002.704243063927
2020-11-09 13:00:00,160.0752409696579,6167.9597131200135
2020-11-09 14:00:00,138.024869479239,7767.444640159607
2020-11-09 15:00:00,125.97048238292336,8091.427996426821
2020-11-09 16:00:00,228.94978880882263,8423.033153235912
2020-11-09 17:00:00,242.93414497375488,7993.399181604385
2020-11-09 18:00:00,220.3457145690918,8813.641920089722
2020-11-09 19:00:00,237.50485134124753,9015.370079040527
2020-11-09 20:00:00,215.74771690368652,8672.528910636902
2020-11-09 21:00:00,215.52210998535156,6802.285905838013
2020-11-09 22:00:00,233.8193483352661,5213.591324806213
2020-11-09 23:00:00,257.4321393966675,6058.877528190613
2020-11-10 00:00:00,243.84213638305664,5472.222169756889
2020-11-10 01:00:00,171.0815544128418,4797.679150804877
2020-11-10 02:00:00,80.37780380249023,4948.222039381973
2020-11-10 03:00:00,94.6504259109497,4963.2778606414795
2020-11-10 04:00:00,97.19011402130127,3844.612830400467
2020-11-10 05:00:00,148.72586345672607,3919.6412305384874
2020-11-10 06:00:00,123.87511014938354,4321.956208653748
2020-11-10 07:00:00,111.33512257086113,3768.9031546376646
2020-11-10 08:00:00,123.89058551006019,5170.743603767827
2020-11-10 09:00:00,247.15430442802608,5296.8020787239075
2020-11-10 10:00:00,237.24129712581635,7292.346319194883
2020-11-10 11:00:00,165.12023031711578,8267.32147412002
2020-11-10 12:00:00,34.67620897293091,6633.438039988279
2020-11-10 13:00:00,50.12256145477295,6348.256951123476
2020-11-10 14:00:00,61.05198431015015,5310.248191252351
2020-11-10 15:00:00,61.34029737114906,5136.862379722297
2020-11-10 16:00:00,76.41004814207554,5397.584147199988
2020-11-10 17:00:00,112.71388405561447,5000.779961409047
2020-11-10 18:00:00,135.9039763212204,4649.521430313354
2020-11-10 19:00:00,98.37082123756409,4344.6605306863785
2020-11-10 20:00:00,82.38277244567871,4039.293046474457
2020-11-10 21:00:00,75.09814023971558,3229.1599230766296
2020-11-10 22:00:00,67.05057334899902,2400.94895029068
2020-11-10 23:00:00,52.28993511199951,2668.915586948395
2020-11-11 00:00:00,63.65571594238281,2912.101810902357
2020-11-11 01:00:00,56.03819799423218,3364.4874082803726
2020-11-11 02:00:00,63.42096996307373,2924.9993262290955
2020-11-11 03:00:00,71.82804155349731,2965.9581370055676
2020-11-11 04:00:00,97.51555728912354,4455.577858090401
2020-11-11 05:00:00,113.32070541381836,5593.253159701824
2020-11-11 06:00:00,83.14410591125488,7940.49306678772
2020-11-11 07:00:00,146.2876148223877,8933.096319675446
2020-11-11 08:00:00,124.07211303710938,11113.79125404358
2020-11-11 09:00:00,143.01496696472168,14954.440560340881
2020-11-11 10:00:00,166.97215843200684,14648.90012550354
2020-11-11 11:00:00,155.93894386291504,15665.35092830658
2020-11-11 12:00:00,208.88340187072754,17337.193758010864
2020-11-11 13:00:00,224.84761428833008,21379.275428771973
2020-11-11 14:00:00,218.99975204467773,20200.15887260437
2020-11-11 15:00:00,253.8525447845459,22861.084774017334
2020-11-11 16:00:00,298.40999603271484,26833.939460754395
2020-11-11 17:00:00,374.12038803100586,34149.87502670288
2020-11-11 18:00:00,537.8800315856934,39478.3900680542
2020-11-11 19:00:00,745.5608291625977,46539.59381484985
2020-11-11 20:00:00,839.1713943481445,50867.98520278931
2020-11-11 21:00:00,860.6207809448242,52519.58963012695
2020-11-11 22:00:00,818.6105880737305,53473.5357131958
2020-11-11 23:00:00,922.4529724121094,53680.36181640625
2020-11-12 00:00:00,941.0173950195312,53937.842613220215
2020-11-12 01:00:00,930.2273254394531,53876.05158996582
2020-11-12 02:00:00,951.6717529296875,53979.28858947754
2020-11-12 03:00:00,959.5257263183594,54070.45787811279
2020-11-12 04:00:00,955.9605941772461,53813.91724395752
2020-11-12 05:00:00,949.8273010253906,53713.6188583374
2020-11-12 06:00:00,958.7477035522461,52222.09147644043
2020-11-12 07:00:00,914.1506500244141,51890.50762176514
2020-11-12 08:00:00,906.4831237792969,44850.65660858154
2020-11-12 09:00:00,916.4508666992188,44044.846366882324
2020-11-12 10:00:00,934.6884765625,44219.379554748535
2020-11-12 11:00:00,884.1870651245117,37086.493965148926
2020-11-12 12:00:00,635.3706436157227,33596.34127044678
2020-11-12 13:00:00,619.9129867553711,34791.33166503906
2020-11-12 14:00:00,568.2292785644531,31856.175415039062
2020-11-12 15:00:00,498.0061378479004,31087.412200927734
2020-11-12 16:00:00,599.2074966430664,24673.50449371338
2020-11-12 17:00:00,675.3160781860352,22541.1330909729
2020-11-12 18:00:00,653.7869987487793,22316.033485412598
2020-11-12 19:00:00,487.410888671875,23287.57774734497
2020-11-12 20:00:00,391.99030685424805,24282.18935775757
2020-11-12 21:00:00,380.2538642883301,23942.447607040405
2020-11-12 22:00:00,464.8975486755371,24461.87627029419
2020-11-12 23:00:00,400.3229694366455,21743.661394119263
2020-11-13 00:00:00,409.9683036804199,21310.528675079346
2020-11-13 01:00:00,494.32117462158203,24715.270362854004
2020-11-13 02:00:00,450.4218444824219,31583.407958984375
2020-11-13 03:00:00,618.4628486633301,36392.42303085327
2020-11-13 04:00:00,687.1485214233398,39528.82015991211
2020-11-13 05:00:00,567.2414245605469,39429.44678115845
2020-11-13 06:00:00,649.609260559082,42762.640869140625
2020-11-13 07:00:00,703.5395889282227,46705.339363098145
2020-11-13 08:00:00,904.7084579467773,49795.68627166748
2020-11-13 09:00:00,896.557487487793,51651.190284729004
2020-11-13 10:00:00,896.6536560058594,51544.62684631348
2020-11-13 11:00:00,882.7600479125977,51819.46530914307
2020-11-13 12:00:00,938.1802368164062,52640.680908203125
2020-11-13 13:00:00,912.417839050293,51482.80659484863
2020-11-13 14:00:00,953.9895324707031,50975.662185668945
2020-11-13 15:00:00,909.3433303833008,42260.384506225586
2020-11-13 16:00:00,929.0347366333008,34914.196491241455
2020-11-13 17:00:00,929.3043212890625,24600.258323669434
2020-11-13 18:00:00,659.8221988677979,20942.999156951904
2020-11-13 19:00:00,385.9427185058594,20402.162115097046
2020-11-13 20:00:00,275.8965492248535,16501.541570663452
2020-11-13 21:00:00,204.27073764801025,18436.258094787598
2020-11-13 22:00:00,252.61270141601562,23710.046959400177
2020-11-13 23:00:00,249.46100616455078,20927.163093566895
2020-11-14 00:00:00,228.00459671020508,16144.691410064697
2020-11-14 01:00:00,166.72858238220215,10041.70652961731
2020-11-14 02:00:00,136.66946697235107,9341.27785396576
2020-11-14 03:00:00,130.36416053771973,10143.235966682434
2020-11-14 04:00:00,149.24068546295166,11852.937151908875
2020-11-14 05:00:00,205.16016578674316,14225.576628684998
2020-11-14 06:00:00,235.85359573364258,16490.01671218872
2020-11-14 07:00:00,310.18280029296875,20209.528512954712
2020-11-14 08:00:00,327.6215476989746,24878.26601600647
2020-11-14 09:00:00,432.52120208740234,29685.531955718994
2020-11-14 10:00:00,643.8659057617188,40048.951179504395
2020-11-14 11:00:00,751.7069473266602,44375.057037353516
2020-11-14 12:00:00,818.5399017333984,48383.86162567139
2020-11-14 13:00:00,696.0521545410156,49536.51650238037
2020-11-14 14:00:00,910.2582855224609,52476.81438446045
2020-11-14 15:00:00,915.8163223266602,53436.37145996094
2020-11-14 16:00:00,939.2114868164062,53885.79956817627
2020-11-14 17:00:00,953.0911865234375,54211.11818695068
2020-11-14 18:00:00,954.6338577270508,54307.30541229248
2020-11-14 19:00:00,960.6833343505859,54343.43248748779
2020-11-14 20:00:00,963.9168090820312,54247.35259246826
2020-11-14 21:00:00,964.2593154907227,54287.79350280762
2020-11-14 22:00:00,963.6577606201172,54272.25227355957
2020-11-14 23:00:00,963.5570983886719,54256.77283477783
2020-11-15 00:00:00,962.8900146484375,54211.21686553955
2020-11-15 01:00:00,963.1975326538086,54293.78249359131
2020-11-15 02:00:00,963.4946517944336,54340.6129989624
2020-11-15 03:00:00,963.4966430664062,54227.53783416748
2020-11-15 04:00:00,961.1084823608398,54073.00575256348
2020-11-15 05:00:00,963.4106597900391,54020.2292098999
2020-11-15 06:00:00,963.2249908447266,54231.13807678223
2020-11-15 07:00:00,962.7783584594727,54278.673583984375
2020-11-15 08:00:00,962.8076019287109,54191.095443725586
2020-11-15 09:00:00,961.8555297851562,54168.332695007324
2020-11-15 10:00:00,961.6344909667969,54058.63695526123
2020-11-15 11:00:00,961.8376541137695,53943.95259857178
2020-11-15 12:00:00,960.1893157958984,54078.49208831787
2020-11-15 13:00:00,960.4706192016602,54099.5676651001
2020-11-15 14:00:00,960.0189361572266,54065.55849456787
2020-11-15 15:00:00,963.0987396240234,53737.084396362305
2020-11-15 16:00:00,964.1235580444336,53943.141273498535
2020-11-15 17:00:00,957.7366104125977,54117.54926300049
2020-11-15 18:00:00,945.3801193237305,54047.54504394531
2020-11-15 19:00:00,835.9578399658203,51867.074935913086
2020-11-15 20:00:00,963.5544204711914,53375.680030822754
2020-11-15 21:00:00,961.8184051513672,52252.33070373535
2020-11-15 22:00:00,940.0876770019531,52307.603507995605
2020-11-15 23:00:00,959.9606170654297,52410.403884887695
2020-11-16 00:00:00,960.7861862182617,52274.006996154785
2020-11-16 01:00:00,961.0438690185547,52960.70319366455
2020-11-16 02:00:00,961.2650756835938,52565.008071899414
2020-11-16 03:00:00,960.6769180297852,53369.707260131836
2020-11-16 04:00:00,965.8539276123047,54172.244285583496
2020-11-16 05:00:00,965.6152267456055,54258.15393066406
2020-11-16 06:00:00,963.2474365234375,54328.23720550537
2020-11-16 07:00:00,961.6375427246094,54477.576171875
2020-11-16 08:00:00,961.1241989135742,54626.64535522461
2020-11-16 09:00:00,962.8304138183594,54453.2409362793
2020-11-16 10:00:00,963.1593933105469,54323.576904296875
2020-11-16 11:00:00,963.3940200805664,54118.239349365234
2020-11-16 12:00:00,956.4120407104492,54173.352699279785
2020-11-16 13:00:00,903.5693588256836,52283.0299987793
2020-11-16 14:00:00,904.8888473510741,51404.52530670166
2020-11-16 15:00:00,866.1089172363281,49061.9368057251
2020-11-16 16:00:00,887.4067993164062,51916.82540893555
2020-11-16 17:00:00,884.9714202880859,46633.981773376465
2020-11-16 18:00:00,884.4335861206054,47215.40251159668
2020-11-16 19:00:00,785.1556930541992,47981.794204711914
2020-11-16 20:00:00,856.8973083496094,50006.84339141846
2020-11-16 21:00:00,880.3048095703125,49158.34725189209
2020-11-16 22:00:00,915.8631286621093,49886.855964660645
2020-11-16 23:00:00,929.1094436645508,49191.85330963135
2020-11-17 00:00:00,939.7881774902344,50451.48405456543
2020-11-17 01:00:00,963.0272674560547,52831.47919464111
2020-11-17 02:00:00,961.5620193481445,52786.60210418701
2020-11-17 03:00:00,963.2498092651367,52621.97263336182
2020-11-17 04:00:00,963.3050079345703,53085.453605651855
2020-11-17 05:00:00,958.5474243164062,53981.51503753662
2020-11-17 06:00:00,963.3605422973633,54124.82940673828
2020-11-17 07:00:00,962.0265274047852,54119.69009399414
2020-11-17 08:00:00,963.8596496582031,54098.720527648926
2020-11-17 09:00:00,961.871223449707,54362.00076293945
2020-11-17 10:00:00,963.0537567138672,54564.51432800293
2020-11-17 11:00:00,962.56103515625,54530.293548583984
2020-11-17 12:00:00,961.6044082641602,54288.915519714355
2020-11-17 13:00:00,963.0830154418945,54244.08043670654
2020-11-17 14:00:00,963.6304244995117,54144.619972229004
2020-11-17 15:00:00,960.1076736450195,54098.88112640381
2020-11-17 16:00:00,960.5536270141602,54040.42287445068
2020-11-17 17:00:00,960.572380065918,53979.48918914795
2020-11-17 18:00:00,960.7721328735352,53918.31999206543
2020-11-17 19:00:00,956.8874282836914,53526.39507293701
2020-11-17 20:00:00,939.1748580932617,52230.804847717285
2020-11-17 21:00:00,932.1348876953125,51770.04774475098
2020-11-17 22:00:00,958.5588531494141,53278.51946258545
2020-11-17 23:00:00,955.8714065551758,52964.89603424072
2020-11-18 00:00:00,934.3729095458984,52812.07448577881
2020-11-18 01:00:00,910.2797546386719,52691.749813079834
2020-11-18 02:00:00,938.8326187133789,52794.644187927246
2020-11-18 03:00:00,933.4726486206055,52753.0510635376
2020-11-18 04:00:00,930.8791809082031,52100.543449401855
2020-11-18 05:00:00,924.6393814086914,52163.360260009766
2020-11-18 06:00:00,932.6714630126953,51757.7165145874
2020-11-18 07:00:00,952.4720077514648,53219.19704437256
2020-11-18 08:00:00,943.7810974121094,53706.36099243164
2020-11-18 09:00:00,958.7286529541016,53873.98668670654
2020-11-18 10:00:00,960.9574279785156,53731.10408782959
2020-11-18 11:00:00,957.5873413085938,53448.43244934082
2020-11-18 12:00:00,952.6555328369141,53516.91449737549
2020-11-18 13:00:00,954.4706192016602,53728.036445617676
2020-11-18 14:00:00,949.5753326416016,54007.79344177246
2020-11-18 15:00:00,956.2367324829102,54291.57151031494
2020-11-18 16:00:00,961.1189956665039,54087.21936035156
2020-11-18 17:00:00,960.5627136230469,54051.29933166504
2020-11-18 18:00:00,961.7140121459961,54129.518226623535
2020-11-18 19:00:00,961.8146057128906,54300.42637634277
2020-11-18 20:00:00,964.248306274414,54148.05039215088
2020-11-18 21:00:00,964.7528533935547,54104.397537231445
2020-11-18 22:00:00,939.7758178710938,54230.82521057129
2020-11-18 23:00:00,962.6490325927734,54269.303146362305
2020-11-19 00:00:00,961.736442565918,54184.42956542969
2020-11-19 01:00:00,961.6079711914062,54305.05052947998
2020-11-19 02:00:00,962.335693359375,54403.96911621094
2020-11-19 03:00:00,960.627311706543,54213.91802215576
2020-11-19 04:00:00,961.0471496582031,54125.14393615723
2020-11-19 05:00:00,962.8176803588867,54227.737716674805
2020-11-19 06:00:00,963.382568359375,54223.3419342041
2020-11-19 07:00:00,963.5277557373047,54384.55944061279
2020-11-19 08:00:00,964.6218490600586,54286.49907684326
2020-11-19 09:00:00,960.7396697998047,54148.32872009277
2020-11-19 10:00:00,950.3071517944336,53396.3740234375
2020-11-19 11:00:00,956.8473968505859,53442.73351287842
2020-11-19 12:00:00,948.4286956787109,52510.73678588867
2020-11-19 13:00:00,924.2286224365234,52042.312644958496
2020-11-19 14:00:00,949.7558746337891,52889.1364440918
2020-11-19 15:00:00,950.2693481445312,53536.164459228516
2020-11-19 16:00:00,961.7737274169922,53663.947914123535
2020-11-19 17:00:00,955.323486328125,53478.95023345947
2020-11-19 18:00:00,913.9834671020508,49555.0248336792
2020-11-19 19:00:00,888.6193008422852,50972.11061859131
2020-11-19 20:00:00,876.3048934936523,49615.07748794556
2020-11-19 21:00:00,878.1277770996094,49607.749114990234
2020-11-19 22:00:00,906.5254440307617,49339.04284286499
2020-11-19 23:00:00,890.0086059570312,50454.85557937622
2020-11-20 00:00:00,889.0890960693359,46773.29114151001
2020-11-20 01:00:00,796.4299125671387,42082.40525054932
2020-11-20 02:00:00,808.1397323608398,37260.33795928955
2020-11-20 03:00:00,550.6619453430176,28874.60398864746
2020-11-20 04:00:00,734.9683570861816,26226.6735496521
2020-11-20 05:00:00,685.4981327056885,19239.125511169434
2020-11-20 06:00:00,474.8739433288574,14004.377017974854
2020-11-20 07:00:00,399.8505611419678,13672.572692871094
2020-11-20 08:00:00,401.78832817077637,12781.308687210083
2020-11-20 09:00:00,206.10177612304688,7474.637011528015
2020-11-20 10:00:00,189.3263454437256,6070.355105400085
2020-11-20 11:00:00,117.51341772079466,6122.685981273651
2020-11-20 12:00:00,149.34918212890625,8574.674918174744
2020-11-20 13:00:00,114.25629329681396,10850.484838962555
2020-11-20 14:00:00,269.6008949279785,24023.84592437744
2020-11-20 15:00:00,397.96434783935547,31597.69323348999
2020-11-20 16:00:00,354.3653926849365,33203.05770111084
2020-11-20 17:00:00,646.207145690918,43587.271617889404
2020-11-20 18:00:00,832.2468948364258,49548.86991119385
2020-11-20 19:00:00,956.0770568847656,53544.64115142822
2020-11-20 20:00:00,962.6023712158203,53842.9743347168
2020-11-20 21:00:00,963.0670547485352,54151.172103881836
2020-11-20 22:00:00,963.1586532592773,54452.221450805664
2020-11-20 23:00:00,961.0743179321289,54221.77391052246
2020-11-21 00:00:00,963.5396347045898,54206.23361206055
2020-11-21 01:00:00,962.931266784668,53724.04930114746
2020-11-21 02:00:00,964.4815292358398,54032.73863983154
2020-11-21 03:00:00,965.3002853393555,54076.40227508545
2020-11-21 04:00:00,961.627815246582,53179.07376098633
2020-11-21 05:00:00,961.6272735595703,54365.85643005371
2020-11-21 06:00:00,961.7964096069336,54543.6858215332
2020-11-21 07:00:00,962.4871597290039,54404.79618835449
2020-11-21 08:00:00,963.3528747558594,54351.26697540283
2020-11-21 09:00:00,962.1573791503905,54234.93521118164
2020-11-21 10:00:00,962.628791809082,54272.26639556885
2020-11-21 11:00:00,961.6990509033203,54233.422035217285
2020-11-21 12:00:00,961.2742309570312,54367.50442504883
2020-11-21 13:00:00,962.5290756225586,54203.48553466797
2020-11-21 14:00:00,963.85888671875,54296.762130737305
2020-11-21 15:00:00,961.2580718994141,54305.094970703125
2020-11-21 16:00:00,957.8394622802734,53663.43817138672
2020-11-21 17:00:00,957.2602005004883,53818.329750061035
2020-11-21 18:00:00,955.7865142822266,53852.21710205078
2020-11-21 19:00:00,946.8995590209961,53524.93096160889
2020-11-21 20:00:00,950.9996337890625,53586.673889160156
2020-11-21 21:00:00,956.6674423217773,53158.749267578125
2020-11-21 22:00:00,957.2864837646484,53182.208724975586
2020-11-21 23:00:00,958.2199096679688,52405.018226623535
2020-11-22 00:00:00,943.9874114990234,51517.01345062256
2020-11-22 01:00:00,960.0814056396484,50240.82225036621
2020-11-22 02:00:00,958.1114273071289,51027.65815734863
2020-11-22 03:00:00,940.6540679931641,49689.30108642578
2020-11-22 04:00:00,927.3833084106445,49745.85478210449
2020-11-22 05:00:00,874.287281036377,50139.07402801514
2020-11-22 06:00:00,851.8986511230469,50272.26795196533
2020-11-22 07:00:00,882.3726425170898,49660.5700340271
2020-11-22 08:00:00,847.6015014648438,49456.73509979248
2020-11-22 09:00:00,837.263355255127,48252.39839935303
2020-11-22 10:00:00,826.6172790527344,46887.699142456055
2020-11-22 11:00:00,797.5430755615234,44912.94332122803
2020-11-22 12:00:00,793.3190765380859,43701.606311798096
2020-11-22 13:00:00,800.4010429382324,43138.38718032837
2020-11-22 14:00:00,734.063232421875,39287.071491241455
2020-11-22 15:00:00,701.6306800842285,37438.33411312103
2020-11-22 16:00:00,598.8340492248534,36353.47809410095
2020-11-22 17:00:00,608.2934074401855,36587.65789413452
2020-11-22 18:00:00,651.7545013427734,39587.22166252136
2020-11-22 19:00:00,631.1831703186035,38797.98206138611
2020-11-22 20:00:00,716.3224906921387,41786.264221191406
2020-11-22 21:00:00,757.106014251709,42606.52936553955
2020-11-22 22:00:00,752.499340057373,44294.5379486084
2020-11-22 23:00:00,749.7303924560547,44001.24411010742
2020-11-23 00:00:00,756.2398719787598,43566.45882797241
2020-11-23 01:00:00,837.1207542419434,46504.907318115234
2020-11-23 02:00:00,812.3083534240723,42845.72276687622
2020-11-23 03:00:00,788.9293251037598,41227.46710586548
2020-11-23 04:00:00,775.3644180297852,39380.45528411865
2020-11-23 05:00:00,734.2461700439453,35280.31698799133
2020-11-23 06:00:00,672.3945198059082,30766.748472213745
2020-11-23 07:00:00,677.5577621459961,27251.66965790838
2020-11-23 08:00:00,572.8998985290527,20945.54602587223
2020-11-23 09:00:00,394.4924736022949,16369.088415622711
2020-11-23 10:00:00,376.940580368042,18769.37871170044
2020-11-23 11:00:00,405.81015968322754,21090.766848802567
2020-11-23 12:00:00,472.4341621398926,24035.91579389572
2020-11-23 13:00:00,519.8703422546387,32633.055225372314
2020-11-23 14:00:00,615.6959743499756,37580.95841598511
2020-11-23 15:00:00,718.3994560241699,40819.71417236328
2020-11-23 16:00:00,779.8018112182617,41951.94178390503
2020-11-23 17:00:00,746.3189544677734,42873.82926940918
2020-11-23 18:00:00,820.8216552734375,46527.4715385437
2020-11-23 19:00:00,894.2401809692383,50100.65249633789
2020-11-23 20:00:00,911.7710494995117,50441.13009643555
2020-11-23 21:00:00,939.3275527954102,51553.330238342285
2020-11-23 22:00:00,929.1948165893555,51977.261070251465
2020-11-23 23:00:00,878.5425338745117,51013.689445495605
2020-11-24 00:00:00,860.8028564453125,50697.76835632324
2020-11-24 01:00:00,890.8532409667969,51728.10997390747
2020-11-24 02:00:00,927.8208847045898,52443.19445037842
2020-11-24 03:00:00,923.861328125,51880.49229431152
2020-11-24 04:00:00,934.6022720336914,50267.97541809082
2020-11-24 05:00:00,875.4124908447266,47004.963859558105
2020-11-24 06:00:00,837.1858749389648,46823.0685005188
2020-11-24 07:00:00,912.7731628417969,46389.3035736084
2020-11-24 08:00:00,899.0494995117188,46204.82971191406
2020-11-24 09:00:00,921.1752014160156,45961.63288116455
2020-11-24 10:00:00,894.6526260375977,45809.791816711426
2020-11-24 11:00:00,900.975212097168,46369.823570251465
2020-11-24 12:00:00,919.2634887695312,46396.63451385498
2020-11-24 13:00:00,919.8757629394531,47316.44388580322
2020-11-24 14:00:00,846.9679260253906,46547.66088485718
2020-11-24 15:00:00,829.1510162353516,45183.646896362305
2020-11-24 16:00:00,845.5617790222168,47269.1826133728
2020-11-24 17:00:00,818.6697273254395,45559.32465362549
2020-11-24 18:00:00,839.3721466064453,47959.71535873413
2020-11-24 19:00:00,910.1554718017578,52106.20706176758
2020-11-24 20:00:00,895.4382171630859,52464.6266784668
2020-11-24 21:00:00,926.3822250366211,51763.27784729004
2020-11-24 22:00:00,911.6626663208008,51266.98727416992
2020-11-24 23:00:00,894.3973007202148,48950.455238342285
2020-11-25 00:00:00,869.2794494628906,44977.88726043701
2020-11-25 01:00:00,895.537956237793,44020.79457092285
2020-11-25 02:00:00,787.3331718444824,39710.48305130005
2020-11-25 03:00:00,721.5043067932129,35939.18898773193
2020-11-25 04:00:00,792.9258613586426,36789.904582977295
2020-11-25 05:00:00,663.0385780334473,30502.352535247803
2020-11-25 06:00:00,570.3106880187988,25942.339904785156
2020-11-25 07:00:00,632.5940742492676,24904.568817138672
2020-11-25 08:00:00,699.2046699523926,25429.50914001465
2020-11-25 09:00:00,714.0745697021484,26813.13212966919
2020-11-25 10:00:00,557.2793350219727,22717.037223815918
2020-11-25 11:00:00,496.44127655029297,17799.972145080566
2020-11-25 12:00:00,483.17562103271484,14659.723098754883
2020-11-25 13:00:00,472.9748954772949,21006.298454284668
2020-11-25 14:00:00,450.2994804382324,18593.376384735107
2020-11-25 15:00:00,496.6204490661621,17527.826011657715
2020-11-25 16:00:00,553.7339019775391,17922.402854919434
2020-11-25 17:00:00,547.4095993041992,19601.60361480713
2020-11-25 18:00:00,577.2212867736816,21394.81565093994
2020-11-25 19:00:00,638.8425178527832,21821.31492996216
2020-11-25 20:00:00,728.3288040161133,19724.514110565186
2020-11-25 21:00:00,718.0643424987793,16510.41093826294
2020-11-25 22:00:00,718.705940246582,19480.63360977173
2020-11-25 23:00:00,810.5766334533691,17920.050696611404
2020-11-26 00:00:00,438.1045227050781,14882.98264438659
2020-11-26 01:00:00,271.9191083908081,10329.551812648773
2020-11-26 02:00:00,362.99596118927,8751.80800819397
2020-11-26 03:00:00,177.4294261932373,8393.65993821621
2020-11-26 04:00:00,140.0170021057129,6031.959774821997
2020-11-26 05:00:00,138.9465479850769,4965.7788779735565
2020-11-26 06:00:00,215.70080852508545,4260.8034455776215
2020-11-26 07:00:00,128.02657288312912,2693.5313854813576
2020-11-26 08:00:00,77.02911677956581,2316.068096756935
2020-11-26 09:00:00,86.04816341213882,2226.8330008441117
2020-11-26 10:00:00,67.37865686416626,2903.896638505161
2020-11-26 11:00:00,48.86820030212402,2205.5813748016953
2020-11-26 12:00:00,37.08368932828307,1709.6684382050298
2020-11-26 13:00:00,19.71823024749756,821.0173080854584
2020-11-26 14:00:00,20.117902755737305,863.4442109689116
2020-11-26 15:00:00,18.094523429870605,755.8904675245285
2020-11-26 16:00:00,4.666724920272827,437.0604097209871
2020-11-26 17:00:00,0.0,253.15340983122587
2020-11-26 18:00:00,0.0,213.94663953781128
2020-11-26 19:00:00,0.0,276.1276314854622
2020-11-26 20:00:00,0.0182115938514471,323.20538479089737
2020-11-26 21:00:00,0.0065523264929652,316.46261951327324
2020-11-26 22:00:00,1.9978492259979248,89.27680791099556
2020-11-26 23:00:00,1.9129726886749268,110.69542798399925
2020-11-27 00:00:00,0.459052562713623,90.45858585834503
2020-11-27 01:00:00,1.3113446235656738,40.49823948740959
2020-11-27 02:00:00,4.070138931274414,43.697284907102585
2020-11-27 03:00:00,0.0,77.98454284667969
2020-11-27 04:00:00,0.0,72.51143664121628
2020-11-27 05:00:00,0.0,49.305504865944386
2020-11-27 06:00:00,2.484175741672516,73.55793538689613
2020-11-27 07:00:00,6.377242863178253,72.61298118159175
2020-11-27 08:00:00,21.89301824569702,269.0817331671715
2020-11-27 09:00:00,38.84613251686096,857.3037790060043
2020-11-27 10:00:00,26.971920236945152,706.4812818467617
2020-11-27 11:00:00,4.4761087745428085,876.7147401571274
2020-11-27 12:00:00,5.6121071288362145,1451.633900821209
2020-11-27 13:00:00,39.555296540260315,1443.730886220932
2020-11-27 14:00:00,58.50502967834473,1157.9200731515884
2020-11-27 15:00:00,87.79571866989136,1969.3255248069763
2020-11-27 16:00:00,86.11082315444948,2047.065559566021
2020-11-27 17:00:00,183.07227325439453,2482.071293115616
2020-11-27 18:00:00,356.24828222393984,3270.294585585594
2020-11-27 19:00:00,368.53217029571533,3724.213244944811
2020-11-27 20:00:00,302.0055179595947,5297.924153804779
2020-11-27 21:00:00,353.25839710235596,6423.198440551758
2020-11-27 22:00:00,220.75245571136475,6031.024269580841
2020-11-27 23:00:00,200.90201616287231,5605.310303688049
2020-11-28 00:00:00,234.26146507263184,6422.088170528412
2020-11-28 01:00:00,213.0428307056427,5622.522894620895
2020-11-28 02:00:00,167.4086618423462,4381.46568107605
2020-11-28 03:00:00,161.56524085998535,4169.985507011414
2020-11-28 04:00:00,120.20606756210327,3677.9359641075134
2020-11-28 05:00:00,122.2318127155304,4055.962679386139
2020-11-28 06:00:00,147.7090711593628,4834.85409116745
2020-11-28 07:00:00,128.54865741729736,6056.248408794403
2020-11-28 08:00:00,140.95829248428345,6648.646406173706
2020-11-28 09:00:00,161.22222328186035,7905.7445731163025
2020-11-28 10:00:00,229.98101043701175,9372.204931259155
2020-11-28 11:00:00,227.25331687927246,8331.520307540894
2020-11-28 12:00:00,268.5781555175781,7484.640298843384
2020-11-28 13:00:00,208.75440979003906,7595.009202957153
2020-11-28 14:00:00,147.97657585144043,6584.35841178894
2020-11-28 15:00:00,183.1208095550537,8262.260983467102
2020-11-28 16:00:00,227.67777252197266,9573.364988327026
2020-11-28 17:00:00,327.66482162475586,12302.416236877441
2020-11-28 18:00:00,408.30079650878906,14990.766460418701
2020-11-28 19:00:00,430.4930953979492,16486.858348846436
2020-11-28 20:00:00,450.2231559753418,17607.98281097412
2020-11-28 21:00:00,517.8966445922852,17904.82967376709
2020-11-28 22:00:00,433.0863494873047,14206.948390960693
2020-11-28 23:00:00,354.83055114746094,12211.002420425415
2020-11-29 00:00:00,273.9308891296387,9747.221097946167
2020-11-29 01:00:00,186.88460159301758,8530.725478172302
2020-11-29 02:00:00,176.8558292388916,7236.074622631073
2020-11-29 03:00:00,148.70476245880127,7091.93322467804
2020-11-29 04:00:00,148.93259048461914,5916.457070350647
2020-11-29 05:00:00,196.59534454345703,6104.561255455017
2020-11-29 06:00:00,207.82745170593262,6242.455267906189
2020-11-29 07:00:00,173.72802734375,3768.746519088745
2020-11-29 08:00:00,185.1312551498413,3445.222682952881
2020-11-29 09:00:00,177.45594692230225,3992.307400226593
2020-11-29 10:00:00,210.1529587507248,3607.8381181955338
2020-11-29 11:00:00,170.3244571685791,4407.463336348534
2020-11-29 12:00:00,174.25012731552124,3553.2869895398617
2020-11-29 13:00:00,132.89852753281593,2245.5103631690145
2020-11-29 14:00:00,61.80389404296875,1486.0523546007462
2020-11-29 15:00:00,48.47816848754883,864.841714836657
2020-11-29 16:00:00,25.222406398504976,1164.0518517494202
2020-11-29 17:00:00,47.51219155266881,1740.8744571125135
2020-11-29 18:00:00,30.766126453876495,2123.885520107113
2020-11-29 19:00:00,44.24484622478485,4437.1774370372295
2020-11-29 20:00:00,74.14094686508179,5517.439769886434
2020-11-29 21:00:00,120.22032499313354,6650.754499107599
2020-11-29 22:00:00,103.7969126701355,6457.677505594213
2020-11-29 23:00:00,154.38818383216858,8623.91612035036
2020-11-30 00:00:00,154.43632555007935,9200.34090623958
2020-11-30 01:00:00,179.36506605148315,9489.694323539734
2020-11-30 02:00:00,265.03108501434326,10415.87172460556
2020-11-30 03:00:00,316.51894664764404,12049.277554988861
2020-11-30 04:00:00,334.2131690979004,14140.796025276184
2020-11-30 05:00:00,344.346923828125,14854.633869171143
2020-11-30 06:00:00,436.0411376953125,17717.701305389404
2020-11-30 07:00:00,442.55242919921875,20259.1634349823
2020-11-30 08:00:00,491.38997650146484,22644.174324035645
2020-11-30 09:00:00,586.9753189086914,26832.616844177246
2020-11-30 10:00:00,699.2010726928711,31143.270153045654
2020-11-30 11:00:00,806.1098327636719,38792.125007629395
2020-11-30 12:00:00,897.7993316650391,41911.91524887085
2020-11-30 13:00:00,913.5262756347656,47734.770347595215
2020-11-30 14:00:00,904.2776947021484,48969.29056549072
2020-11-30 15:00:00,953.19970703125,53062.8002243042
2020-11-30 16:00:00,906.0350189208984,51864.00420379639
2020-11-30 17:00:00,945.0538177490234,50934.91258239746
2020-11-30 18:00:00,911.6155700683594,50363.759620666504
2020-11-30 19:00:00,679.1790771484375,50148.07684326172
2020-11-30 20:00:00,509.8256301879883,51545.67371749878
2020-11-30 21:00:00,505.47850036621094,52909.13525390625
2020-11-30 22:00:00,948.9878005981445,50837.72206115723
2020-11-30 23:00:00,963.7432022094727,50704.71199798584
2020-12-01 00:00:00,852.7525024414062,52415.579277038574
2020-12-01 01:00:00,647.5285797119141,53145.699867248535
2020-12-01 02:00:00,878.3864288330078,53682.9782333374
2020-12-01 03:00:00,962.0801086425781,54047.333724975586
2020-12-01 04:00:00,955.2685852050781,53986.016746520996
2020-12-01 05:00:00,963.3300323486328,54036.6692199707
2020-12-01 06:00:00,961.7442779541016,54113.49941253662
2020-12-01 07:00:00,961.1179733276367,54364.68883514404
2020-12-01 08:00:00,961.8260192871094,54396.089363098145
2020-12-01 09:00:00,962.981330871582,54386.68272399902
2020-12-01 10:00:00,963.6795654296875,54471.12944793701
2020-12-01 11:00:00,964.8250961303711,54529.328201293945
2020-12-01 12:00:00,954.0148773193359,54193.341972351074
2020-12-01 13:00:00,883.8032531738281,53585.29512023926
2020-12-01 14:00:00,723.1980133056641,52695.35875701904
2020-12-01 15:00:00,618.3202819824219,51338.6024017334
2020-12-01 16:00:00,505.7807388305664,49813.28339385986
2020-12-01 17:00:00,475.01277923583984,43186.09184265137
2020-12-01 18:00:00,480.67293548583984,36535.37705993652
2020-12-01 19:00:00,307.8089084625244,28739.792865753174
2020-12-01 20:00:00,241.92048835754395,21558.715171813965
2020-12-01 21:00:00,260.7865676879883,14092.02452468872
2020-12-01 22:00:00,138.66134691238403,11582.794486999512
2020-12-01 23:00:00,148.14518904685974,7509.035840988159
2020-12-02 00:00:00,106.504141330719,4626.738634586334
2020-12-02 01:00:00,79.28649711608887,2711.6121582984924
2020-12-02 02:00:00,72.77214908599854,1557.398855984211
2020-12-02 03:00:00,56.85857915878296,1150.3761729002
2020-12-02 04:00:00,37.714982986450195,967.6809655427933
2020-12-02 05:00:00,36.08939456939697,763.0318087339401
2020-12-02 06:00:00,54.51780438423157,669.5265174806118
2020-12-02 07:00:00,40.079328775405884,991.118099719286
2020-12-02 08:00:00,35.515709705650806,1572.3018853887916
2020-12-02 09:00:00,58.38674736022949,2196.269447296858
2020-12-02 10:00:00,59.037681579589844,3266.376072406769
2020-12-02 11:00:00,36.66101264953613,4237.137113928795
2020-12-02 12:00:00,30.2108154296875,5149.869096049108
2020-12-02 13:00:00,67.25666148215532,5920.594280441292
2020-12-02 14:00:00,91.87275862693787,8365.733385443687
2020-12-02 15:00:00,141.20423984527588,9790.474416553974
2020-12-02 16:00:00,200.0075740814209,11526.61679649353
2020-12-02 17:00:00,243.27001190185547,14124.794515609741
2020-12-02 18:00:00,316.2379951477051,15596.081424713135
2020-12-02 19:00:00,354.8570308685303,16639.082555770874
2020-12-02 20:00:00,450.6963233947754,19147.039527893066
2020-12-02 21:00:00,531.8307933807373,17591.514963150024
2020-12-02 22:00:00,647.4546070098877,20096.99343109131
2020-12-02 23:00:00,754.9226188659668,21524.7817401886
2020-12-03 00:00:00,697.7543907165527,17824.308645248413
2020-12-03 01:00:00,685.6487979888916,13388.784986495972
2020-12-03 02:00:00,715.7747745513916,15160.80062866211
2020-12-03 03:00:00,659.0513134002686,14164.9172539711
2020-12-03 04:00:00,422.74709129333496,11072.59244799614
2020-12-03 05:00:00,126.66018009185791,10355.665965080261
2020-12-03 06:00:00,270.85825538635254,14598.76894569397
2020-12-03 07:00:00,434.89502143859863,16313.613040924072
2020-12-03 08:00:00,605.0536670684814,17540.81289291382
2020-12-03 09:00:00,687.7178192138672,21916.225399017334
2020-12-03 10:00:00,809.0052185058594,25088.22425842285
2020-12-03 11:00:00,825.8278732299805,29221.402256011963
2020-12-03 12:00:00,844.7636337280273,30608.85179901123
2020-12-03 13:00:00,829.2847518920898,34015.58681488037
2020-12-03 14:00:00,895.5467681884766,35546.83257293701
2020-12-03 15:00:00,890.2570953369141,40018.87959289551
2020-12-03 16:00:00,958.7414169311523,41746.75072479248
2020-12-03 17:00:00,960.6142959594727,46431.05075836182
2020-12-03 18:00:00,960.6472396850586,52488.161476135254
2020-12-03 19:00:00,963.0750122070312,54228.80625152588
2020-12-03 20:00:00,963.0225219726562,54298.408294677734
2020-12-03 21:00:00,962.0017547607422,54343.50582885742
2020-12-03 22:00:00,962.5363922119141,54118.166847229004
2020-12-03 23:00:00,962.1175155639648,54323.494888305664
2020-12-04 00:00:00,961.5127410888672,54273.191581726074
2020-12-04 01:00:00,961.6304244995117,54013.371406555176
2020-12-04 02:00:00,963.1420593261719,53920.113288879395
2020-12-04 03:00:00,961.8783340454102,53927.01461791992
2020-12-04 04:00:00,963.2566299438477,53953.474365234375
2020-12-04 05:00:00,961.7428359985352,54034.360122680664
2020-12-04 06:00:00,960.8708267211914,54083.203269958496
2020-12-04 07:00:00,959.197624206543,53381.8402633667
2020-12-04 08:00:00,958.6659317016602,50083.71802902222
2020-12-04 09:00:00,960.4996566772461,52625.83067321777
2020-12-04 10:00:00,960.2995376586914,53251.16932678223
2020-12-04 11:00:00,962.3867721557617,54125.423400878906
2020-12-04 12:00:00,963.9856033325195,54137.692207336426
2020-12-04 13:00:00,963.6403732299805,54301.98390960693
2020-12-04 14:00:00,963.1916809082031,54393.49978637695
2020-12-04 15:00:00,963.9604110717773,54284.77660369873
2020-12-04 16:00:00,951.1885528564453,54065.99248504639
2020-12-04 17:00:00,956.1578598022461,53949.52075958252
2020-12-04 18:00:00,870.8493499755859,54131.477294921875
2020-12-04 19:00:00,753.26416015625,54035.44564819336
2020-12-04 20:00:00,869.8732528686523,53002.97246551514
2020-12-04 21:00:00,594.6949005126953,50604.23380279541
2020-12-04 22:00:00,461.9324607849121,50066.27526855469
2020-12-04 23:00:00,313.31433868408203,44066.91679382324
2020-12-05 00:00:00,341.2926216125488,34191.95550918579
2020-12-05 01:00:00,312.35114669799805,26688.980323791504
2020-12-05 02:00:00,202.98648834228516,23149.897481918335
2020-12-05 03:00:00,129.95406532287598,20739.31345653534
2020-12-05 04:00:00,114.88094162940979,19301.15417537093
2020-12-05 05:00:00,83.19689750671387,11098.491974040866
2020-12-05 06:00:00,62.1909491866827,9486.04641811829
2020-12-05 07:00:00,48.25264120101929,9052.842212766409
2020-12-05 08:00:00,104.05654764175415,6554.235767841339
2020-12-05 09:00:00,116.71515810489655,7604.012616246939
2020-12-05 10:00:00,152.84919261932373,6984.468816295266
2020-12-05 11:00:00,145.0178406238556,5736.282189428806
2020-12-05 12:00:00,162.23889541625977,3484.4596993923187
2020-12-05 13:00:00,293.61287117004395,4355.09762263298
2020-12-05 14:00:00,325.04250144958496,4117.2372879087925
2020-12-05 15:00:00,383.17891693115234,3852.1624665260315
2020-12-05 16:00:00,422.70629119873047,6503.252710342407
2020-12-05 17:00:00,480.1309509277344,10286.5671043396
2020-12-05 18:00:00,445.19452476501465,12543.616333007812
2020-12-05 19:00:00,634.2441730499268,16606.289142608643
2020-12-05 20:00:00,649.9092445373535,18160.379210472107
2020-12-05 21:00:00,513.397087097168,17952.46252346039
2020-12-05 22:00:00,364.28352212905884,17322.585817337036
2020-12-05 23:00:00,256.31877517700195,14029.408400535583
2020-12-06 00:00:00,186.84644508361816,11205.928182125092
2020-12-06 01:00:00,65.13288879394531,6444.382375985384
2020-12-06 02:00:00,156.59105587005615,5636.545929908752
2020-12-06 03:00:00,41.22054481506348,4348.690600395203
2020-12-06 04:00:00,47.054216116666794,5062.537923574448
2020-12-06 05:00:00,69.32156801223755,6575.625967025757
2020-12-06 06:00:00,127.84036064147949,5630.047933757305
2020-12-06 07:00:00,65.19101858139038,4936.972447872162
2020-12-06 08:00:00,106.54307460784912,4590.053399562836
2020-12-06 09:00:00,159.84364891052246,4890.989307194948
2020-12-06 10:00:00,170.06753587722778,3754.8011010643095
2020-12-06 11:00:00,228.12020778656006,1626.59401512146
2020-12-06 12:00:00,219.06216603517532,1061.4415469169617
2020-12-06 13:00:00,151.90324676036835,2010.7414961755276
2020-12-06 14:00:00,113.23254525661469,1978.2107220441103
2020-12-06 15:00:00,214.1866273880005,3406.841928958893
2020-12-06 16:00:00,374.9872188568115,3962.472849369049
2020-12-06 17:00:00,386.67182540893555,6467.472760677338
2020-12-06 18:00:00,408.08974838256836,8438.345287322998
2020-12-06 19:00:00,339.394006729126,7035.254220962524
2020-12-06 20:00:00,350.4967794418335,10219.042561531067
2020-12-06 21:00:00,317.9027843475342,14342.883937835693
2020-12-06 22:00:00,244.6524887084961,15147.135668516159
2020-12-06 23:00:00,162.294451713562,13638.789851158857
2020-12-07 00:00:00,122.10629081726074,11746.7763189096
2020-12-07 01:00:00,157.2700481414795,14673.90175999701
2020-12-07 02:00:00,162.9692668914795,18868.413888331503
2020-12-07 03:00:00,165.23073387145996,18954.08738148585
2020-12-07 04:00:00,229.3404140472412,17862.63264285028
2020-12-07 05:00:00,284.2950038909912,25454.66433906555
2020-12-07 06:00:00,287.16026496887207,28105.6339263916
2020-12-07 07:00:00,408.0074462890625,31567.240703582764
2020-12-07 08:00:00,356.585391998291,30697.282314300537
2020-12-07 09:00:00,359.0548801422119,30722.744401931763
2020-12-07 10:00:00,409.7819290161133,29742.837096214294
2020-12-07 11:00:00,444.41414642333984,28674.758861541748
2020-12-07 12:00:00,366.8163070678711,28352.690589904785
2020-12-07 13:00:00,298.71741485595703,24486.086168289185
2020-12-07 14:00:00,650.4849624633789,28217.626251220703
2020-12-07 15:00:00,691.1440410614014,31778.84968799725
2020-12-07 16:00:00,659.1158208847046,33932.356506347656
2020-12-07 17:00:00,658.8527603149414,36178.78894460201
2020-12-07 18:00:00,705.1212997436523,36436.18400192261
2020-12-07 19:00:00,821.2982635498047,38844.05038833618
2020-12-07 20:00:00,821.6296463012695,38765.26932144165
2020-12-07 21:00:00,804.7203750610352,36367.20669555664
2020-12-07 22:00:00,689.5421409606934,37197.60523605347
2020-12-07 23:00:00,502.66647720336914,34518.744302749634
2020-12-08 00:00:00,388.98143196105957,30945.28019475937
2020-12-08 01:00:00,179.83191108703613,22856.844715595245
2020-12-08 02:00:00,96.26745176315308,18626.19067543745
2020-12-08 03:00:00,137.58059061318636,15890.01129263267
2020-12-08 04:00:00,123.11960220336914,13114.800748873502
2020-12-08 05:00:00,204.51984465122223,11396.964967608452
2020-12-08 06:00:00,195.53611612319946,9732.117528483272
2020-12-08 07:00:00,276.5765552520752,9656.187914580107
2020-12-08 08:00:00,197.02335739135742,12727.00923261419
2020-12-08 09:00:00,133.27151155471802,15020.05803898722
2020-12-08 10:00:00,169.82097744941711,14184.877757430077
2020-12-08 11:00:00,83.39955675601959,10808.819874934852
2020-12-08 12:00:00,56.8336852863431,8258.165455773473
2020-12-08 13:00:00,143.45218658447266,9753.523465615232
2020-12-08 14:00:00,111.26347732543945,10274.128606081009
2020-12-08 15:00:00,120.62945169210434,9077.137661382556
2020-12-08 16:00:00,102.0686356574297,6759.5588718652725
2020-12-08 17:00:00,86.70792692061514,6155.196472313255
2020-12-08 18:00:00,87.1159919500351,7016.965572765097
2020-12-08 19:00:00,76.55754750035703,9574.773637769744
2020-12-08 20:00:00,91.62348246574402,9375.84227534756
2020-12-08 21:00:00,81.7521882019937,9031.140369176865
2020-12-08 22:00:00,64.73367142677307,9175.047148942947
2020-12-08 23:00:00,56.98661661148071,8138.6151014864445
2020-12-09 00:00:00,40.049710154533386,7562.842200368643
2020-12-09 01:00:00,47.460769176483154,6357.259844779968
2020-12-09 02:00:00,54.733641624450684,6026.53616809845
2020-12-09 03:00:00,99.15604496002197,5948.4693521261215
2020-12-09 04:00:00,120.11222743988037,7821.592867985368
2020-12-09 05:00:00,125.62072896957397,8778.41683101654
2020-12-09 06:00:00,132.41451454162598,11325.402848482132
2020-12-09 07:00:00,134.73208904266357,11063.148671865463
2020-12-09 08:00:00,201.38117027282715,13461.489429473877
2020-12-09 09:00:00,204.1424617767334,14332.881538391113
2020-12-09 10:00:00,181.74333572387695,12816.583253860474
2020-12-09 11:00:00,185.37407112121582,12390.622093200684
2020-12-09 12:00:00,206.5348243713379,13194.605690002441
2020-12-09 13:00:00,303.8141403198242,18560.455459594727
2020-12-09 14:00:00,300.6045608520508,19276.54092979431
2020-12-09 15:00:00,332.2887954711914,21745.723316192627
2020-12-09 16:00:00,351.56884765625,21362.97197341919
2020-12-09 17:00:00,378.78704833984375,23935.752334594727
2020-12-09 18:00:00,426.44277572631836,25852.24058532715
2020-12-09 19:00:00,619.7333221435547,30233.074180603027
2020-12-09 20:00:00,514.4979591369629,28189.716804504395
2020-12-09 21:00:00,496.07766342163086,26069.406463623047
2020-12-09 22:00:00,569.4425086975098,32510.104824066162
2020-12-09 23:00:00,591.0253105163574,32429.151111602783
2020-12-10 00:00:00,578.250617980957,27745.508544921875
2020-12-10 01:00:00,441.95414543151855,24452.014720916748
2020-12-10 02:00:00,382.15501976013184,24204.846132278442
2020-12-10 03:00:00,370.2579040527344,22902.604974746704
2020-12-10 04:00:00,373.59749031066895,21912.113006591797
2020-12-10 05:00:00,314.4432830810547,20789.663679122925
2020-12-10 06:00:00,246.6919403076172,21154.06314086914
2020-12-10 07:00:00,270.7611389160156,23851.232959747314
2020-12-10 08:00:00,213.57522773742676,23282.914447784424
2020-12-10 09:00:00,228.91052055358887,23256.76526260376
2020-12-10 10:00:00,235.8848533630371,25125.81827545166
2020-12-10 11:00:00,210.91765213012695,20578.163013458252
2020-12-10 12:00:00,168.7369155883789,19421.06558227539
2020-12-10 13:00:00,155.43636894226074,16007.203035354614
2020-12-10 14:00:00,149.09833812713623,15434.653394699097
2020-12-10 15:00:00,135.03473472595215,15507.564321517944
2020-12-10 16:00:00,186.97393226623535,17878.87476348877
2020-12-10 17:00:00,324.55162811279297,23485.752841949463
2020-12-10 18:00:00,347.18234634399414,29799.359436035156
2020-12-10 19:00:00,346.66012954711914,29918.439262390137
2020-12-10 20:00:00,391.3808059692383,34344.62285232544
2020-12-10 21:00:00,511.6325988769531,36753.135192871094
2020-12-10 22:00:00,571.0656814575195,44411.230365753174
2020-12-10 23:00:00,714.4389610290527,45809.01712799072
2020-12-11 00:00:00,713.7638854980469,46185.70807647705
2020-12-11 01:00:00,768.2149925231934,44159.31358718872
2020-12-11 02:00:00,829.3369598388672,47608.41710662842
2020-12-11 03:00:00,900.5431365966797,51799.0274810791
2020-12-11 04:00:00,944.9275817871094,52649.24940490723
2020-12-11 05:00:00,929.8228912353516,52776.37452697754
2020-12-11 06:00:00,950.2728576660156,52765.10886383057
2020-12-11 07:00:00,956.0255661010742,51766.49514007568
2020-12-11 08:00:00,947.9652633666992,51352.17830657959
2020-12-11 09:00:00,944.5344467163086,50549.94330596924
2020-12-11 10:00:00,950.4661636352539,51178.48921203613
2020-12-11 11:00:00,925.4065856933594,48930.018005371094
2020-12-11 12:00:00,923.066291809082,47790.661544799805
2020-12-11 13:00:00,932.56982421875,47244.89574432373
2020-12-11 14:00:00,926.9478302001953,48658.19309234619
2020-12-11 15:00:00,915.9542846679688,46911.06497192383
2020-12-11 16:00:00,880.0043411254883,40641.532413482666
2020-12-11 17:00:00,899.5963592529297,39055.74519729614
2020-12-11 18:00:00,891.1300315856934,36741.264488220215
2020-12-11 19:00:00,867.6101226806641,32705.61095237732
2020-12-11 20:00:00,825.7879638671875,29622.683820724487
2020-12-11 21:00:00,746.141414642334,26008.174290657043
2020-12-11 22:00:00,648.3119049072266,26662.818223953247
2020-12-11 23:00:00,575.6650390625,22685.76858997345
2020-12-12 00:00:00,535.2104215621948,20321.738904953003
2020-12-12 01:00:00,576.7626352310181,17833.8212518692
2020-12-12 02:00:00,542.465030670166,17626.280178904533
2020-12-12 03:00:00,420.1652660369873,17165.68195950985
2020-12-12 04:00:00,349.21870398521423,13643.548299014568
2020-12-12 05:00:00,359.01302909851074,12586.959657140076
2020-12-12 06:00:00,359.2712998390198,12526.202991247177
2020-12-12 07:00:00,299.8010711669922,10432.01290896535
2020-12-12 08:00:00,282.5431089401245,9345.23237670958
2020-12-12 09:00:00,270.10929453372955,8455.029473360628
2020-12-12 10:00:00,227.96055267751217,8592.72056388855
2020-12-12 11:00:00,195.82358777523038,7082.165261149406
2020-12-12 12:00:00,162.1636242866516,5466.7046093940735
2020-12-12 13:00:00,153.38863807171583,5076.9133087694645
2020-12-12 14:00:00,81.66996383666992,3614.691047489643
2020-12-12 15:00:00,67.65273070335388,2873.558420142159
2020-12-12 16:00:00,38.85795998573303,1481.2790946811438
2020-12-12 17:00:00,24.88698899745941,1451.2226976454258
2020-12-12 18:00:00,12.966397166252136,1456.932400651276
2020-12-12 19:00:00,17.946544334292412,1753.5088531449437
2020-12-12 20:00:00,16.851227641105652,1628.4783438816667
2020-12-12 21:00:00,6.77319672703743,1212.3768429160118
2020-12-12 22:00:00,0.0101698255166411,1102.5216586589813
2020-12-12 23:00:00,0.0,1016.1533127129078
2020-12-13 00:00:00,0.0177912171930074,706.9309320487082
2020-12-13 01:00:00,2.3229302912950516,976.2085633575916
2020-12-13 02:00:00,0.4153389502316713,1012.6541972775012
2020-12-13 03:00:00,4.738927841186523,813.1383104026318
2020-12-13 04:00:00,5.425274876877666,1102.5422333180904
2020-12-13 05:00:00,50.49662268161774,1389.8472662568092
2020-12-13 06:00:00,67.03124618530273,1087.6596117764711
2020-12-13 07:00:00,84.68891084194183,1965.7743002474308
2020-12-13 08:00:00,134.8079595565796,4627.175363987684
2020-12-13 09:00:00,196.44027519226074,8058.990783154964
2020-12-13 10:00:00,261.5857162475586,11024.464838027954
2020-12-13 11:00:00,385.86362075805664,16821.653064727783
2020-12-13 12:00:00,358.3786506652832,18812.27142715454
2020-12-13 13:00:00,456.56946182250977,20029.397548675537
2020-12-13 14:00:00,492.80979919433594,25948.05654144287
2020-12-13 15:00:00,582.7793960571289,36779.72483062744
2020-12-13 16:00:00,735.8605728149414,43325.19509887695
2020-12-13 17:00:00,929.3933410644531,51157.394706726074
2020-12-13 18:00:00,957.7032928466797,53671.24530792236
2020-12-13 19:00:00,963.8515396118164,54355.066467285156
2020-12-13 20:00:00,963.6368637084961,54339.41835021973
2020-12-13 21:00:00,964.0599365234375,54220.96445465088
2020-12-13 22:00:00,962.3247680664062,54225.10762023926
2020-12-13 23:00:00,961.4240417480469,54321.69989776611
2020-12-14 00:00:00,960.6020278930664,54322.69142150879
2020-12-14 01:00:00,960.5998306274414,54269.367904663086
2020-12-14 02:00:00,957.1775436401367,54276.959129333496
2020-12-14 03:00:00,947.5968933105469,54278.140197753906
2020-12-14 04:00:00,952.7354507446289,54116.946212768555
2020-12-14 05:00:00,960.9263916015625,54230.87636566162
2020-12-14 06:00:00,959.9158096313477,54294.846519470215
2020-12-14 07:00:00,964.4712829589844,54206.11038970947
2020-12-14 08:00:00,963.8004760742188,54279.12822723389
2020-12-14 09:00:00,963.1234283447266,54380.72206115723
2020-12-14 10:00:00,963.5202407836914,54333.78865814209
2020-12-14 11:00:00,963.3862075805664,54079.584297180176
2020-12-14 12:00:00,961.4021759033202,53953.81481170654
2020-12-14 13:00:00,943.9225387573242,53695.09060668945
2020-12-14 14:00:00,944.5810699462891,53468.429107666016
2020-12-14 15:00:00,942.0362167358398,52522.566551208496
2020-12-14 16:00:00,872.0330581665039,50892.379402160645
2020-12-14 17:00:00,891.3671875,51417.30854034424
2020-12-14 18:00:00,927.3335494995117,52927.859230041504
2020-12-14 19:00:00,941.5891952514648,52579.041816711426
2020-12-14 20:00:00,905.6717529296875,50975.03705596924
2020-12-14 21:00:00,863.9858436584473,50124.832763671875
2020-12-14 22:00:00,828.8040313720703,48156.54095077515
2020-12-14 23:00:00,848.6063117980957,42649.21301651001
2020-12-15 00:00:00,790.0675506591797,34174.1612701416
2020-12-15 01:00:00,848.0485534667969,26005.835971832275
2020-12-15 02:00:00,873.8374938964844,23814.42854309082
2020-12-15 03:00:00,845.7399597167969,20609.611991882324
2020-12-15 04:00:00,834.4044494628906,19267.32635116577
2020-12-15 05:00:00,743.4627227783203,17604.10107421875
2020-12-15 06:00:00,703.8194923400879,15148.316396713257
2020-12-15 07:00:00,630.062931060791,17987.61367034912
2020-12-15 08:00:00,537.2239208221436,18690.93369102478
2020-12-15 09:00:00,416.45214653015137,15404.758224487305
2020-12-15 10:00:00,388.26794052124023,16467.04772567749
2020-12-15 11:00:00,306.15743255615234,14948.687096595764
2020-12-15 12:00:00,308.78293800354004,12577.61873626709
2020-12-15 13:00:00,216.85859489440918,11881.15103340149
2020-12-15 14:00:00,235.868745803833,13166.494993209839
2020-12-15 15:00:00,296.56685638427734,16150.599626541138
2020-12-15 16:00:00,292.0379047393799,17175.52768421173
2020-12-15 17:00:00,344.0908374786377,18887.505340576172
2020-12-15 18:00:00,520.0266647338867,20624.154176712036
2020-12-15 19:00:00,647.7163009643555,27396.78575515747
2020-12-15 20:00:00,638.9163055419922,31358.880882263184
2020-12-15 21:00:00,598.3508987426758,30676.17401123047
2020-12-15 22:00:00,617.5289459228516,32590.21403694153
2020-12-15 23:00:00,542.4416465759277,27871.477661132812
2020-12-16 00:00:00,455.92101287841797,24077.55633163452
2020-12-16 01:00:00,395.08161544799805,15973.628665924072
2020-12-16 02:00:00,290.4527130126953,12893.011962890625
2020-12-16 03:00:00,250.30907249450684,13236.03161239624
2020-12-16 04:00:00,293.5253028869629,17659.172870635986
2020-12-16 05:00:00,336.24364471435547,23114.936252593994
2020-12-16 06:00:00,381.46484756469727,27670.61173248291
2020-12-16 07:00:00,562.6972961425781,36472.44444656372
2020-12-16 08:00:00,663.5021057128906,43369.93618774414
2020-12-16 09:00:00,667.5441131591797,46926.96932601929
2020-12-16 10:00:00,788.3817825317383,51526.38980102539
2020-12-16 11:00:00,813.5374946594238,51638.131675720215
2020-12-16 12:00:00,792.7445449829102,51568.267921447754
2020-12-16 13:00:00,721.8533821105957,51052.42116546631
2020-12-16 14:00:00,679.5614318847656,49535.87915802002
2020-12-16 15:00:00,734.4425849914551,50855.80266952515
2020-12-16 16:00:00,861.6505737304688,52241.96043777466
2020-12-16 17:00:00,925.9012222290039,53465.1741104126
2020-12-16 18:00:00,954.1086883544922,54099.008850097656
2020-12-16 19:00:00,921.5804672241211,53913.681953430176
2020-12-16 20:00:00,934.1492919921875,53849.33490753174
2020-12-16 21:00:00,940.1943893432617,53470.454818725586
2020-12-16 22:00:00,916.9978103637695,53606.602363586426
2020-12-16 23:00:00,932.2793579101562,53226.54708099365
2020-12-17 00:00:00,927.1811294555664,49500.33971405029
2020-12-17 01:00:00,901.4813003540039,42281.60375213623
2020-12-17 02:00:00,805.2903213500977,32016.789764404297
2020-12-17 03:00:00,719.8861846923828,23785.09410095215
2020-12-17 04:00:00,644.2724304199219,16069.580806732178
2020-12-17 05:00:00,652.4938430786133,15993.519533157349
2020-12-17 06:00:00,661.2419662475586,20548.57967567444
2020-12-17 07:00:00,669.2264862060547,26887.99526977539
2020-12-17 08:00:00,823.5075225830078,30406.363594055176
2020-12-17 09:00:00,872.9499282836914,37433.29536437988
2020-12-17 10:00:00,936.414909362793,38341.15468597412
2020-12-17 11:00:00,849.6828308105469,40940.97652435303
2020-12-17 12:00:00,759.255615234375,38176.429458618164
2020-12-17 13:00:00,663.3932266235352,36441.55771636963
2020-12-17 14:00:00,832.4025344848633,35338.92087554932
2020-12-17 15:00:00,822.0253601074219,32952.55322647095
2020-12-17 16:00:00,859.3629112243652,29657.27730178833
2020-12-17 17:00:00,800.0864410400391,31635.830322265625
2020-12-17 18:00:00,891.8330001831055,35099.418395996094
2020-12-17 19:00:00,846.1875915527344,37953.769287109375
2020-12-17 20:00:00,834.1020431518555,42045.49055480957
2020-12-17 21:00:00,875.0751113891602,44976.039405822754
2020-12-17 22:00:00,945.0488128662109,46276.26389312744
2020-12-17 23:00:00,955.6030883789062,49163.138832092285
2020-12-18 00:00:00,939.9297180175781,51903.54109954834
2020-12-18 01:00:00,944.6253433227539,52415.10934448242
2020-12-18 02:00:00,943.6280822753905,53313.30220794678
2020-12-18 03:00:00,942.9934768676758,53608.60305023193
2020-12-18 04:00:00,953.2025451660156,54057.08984375
2020-12-18 05:00:00,958.6515960693359,54308.80578613281
2020-12-18 06:00:00,959.7783432006836,54364.19941711426
2020-12-18 07:00:00,962.8723449707031,54389.240074157715
2020-12-18 08:00:00,962.7977676391602,54297.03806304932
2020-12-18 09:00:00,963.5478134155273,54362.04993438721
2020-12-18 10:00:00,962.8441314697266,54390.191413879395
2020-12-18 11:00:00,961.8125686645508,54365.72246551514
2020-12-18 12:00:00,958.8273620605469,54193.39646911621
2020-12-18 13:00:00,943.0083923339844,54098.083419799805
2020-12-18 14:00:00,956.4428863525391,54217.0472946167
2020-12-18 15:00:00,954.3029327392578,54153.7707901001
2020-12-18 16:00:00,953.989387512207,54289.03392791748
2020-12-18 17:00:00,961.5184326171875,54273.68297576904
2020-12-18 18:00:00,957.7177886962891,54297.65988922119
2020-12-18 19:00:00,952.3763732910156,54405.431159973145
2020-12-18 20:00:00,952.9453887939453,54434.7085647583
2020-12-18 21:00:00,958.4962844848633,54332.79039001465
2020-12-18 22:00:00,947.4090347290039,54076.94189453125
2020-12-18 23:00:00,944.440055847168,54170.94460296631
2020-12-19 00:00:00,945.3787689208984,54211.59044647217
2020-12-19 01:00:00,942.1692733764648,54174.57063293457
2020-12-19 02:00:00,947.0999069213867,54157.2587890625
2020-12-19 03:00:00,931.6276092529297,54134.58792114258
2020-12-19 04:00:00,959.8424606323242,54287.905532836914
2020-12-19 05:00:00,958.7865219116211,54184.94864654541
2020-12-19 06:00:00,959.5929641723633,54095.65673828125
2020-12-19 07:00:00,961.6042861938477,54085.42342376709
2020-12-19 08:00:00,960.8873977661133,54192.206214904785
2020-12-19 09:00:00,957.2350845336914,54305.07933807373
2020-12-19 10:00:00,958.3132934570312,54230.85666656494
2020-12-19 11:00:00,961.0895233154297,54487.685119628906
2020-12-19 12:00:00,961.4846420288086,54366.75290679932
2020-12-19 13:00:00,956.4588470458984,54293.13831329346
2020-12-19 14:00:00,961.3621292114258,54216.17314147949
2020-12-19 15:00:00,956.9100723266602,54162.43095397949
2020-12-19 16:00:00,959.9617309570312,54092.56407165527
2020-12-19 17:00:00,959.8805160522461,53978.054748535156
2020-12-19 18:00:00,959.8106994628906,54061.945640563965
2020-12-19 19:00:00,962.3596115112305,54190.231994628906
2020-12-19 20:00:00,959.4437866210938,54011.18069458008
2020-12-19 21:00:00,960.7106475830078,53941.36292266846
2020-12-19 22:00:00,963.0384979248047,54024.09696960449
2020-12-19 23:00:00,961.1969757080078,53963.732261657715
2020-12-20 00:00:00,952.5023651123047,53486.65103149414
2020-12-20 01:00:00,951.9728469848633,52438.02989959717
2020-12-20 02:00:00,946.4406051635742,52381.60163116455
2020-12-20 03:00:00,951.9694213867188,52096.101249694824
2020-12-20 04:00:00,933.0870666503906,48496.117835998535
2020-12-20 05:00:00,938.7479858398438,47138.67547607422
2020-12-20 06:00:00,913.1902465820312,48337.4260635376
2020-12-20 07:00:00,918.2837753295898,48715.18377685547
2020-12-20 08:00:00,893.9446258544922,49818.29740142822
2020-12-20 09:00:00,918.3794174194336,49469.66931152344
2020-12-20 10:00:00,909.1857528686523,46379.09526062012
2020-12-20 11:00:00,924.1657180786133,42340.91851043701
2020-12-20 12:00:00,919.1384353637695,44445.71398925781
2020-12-20 13:00:00,955.3247451782227,46117.41279602051
2020-12-20 14:00:00,944.0901947021484,44627.12121582031
2020-12-20 15:00:00,948.8362808227539,45052.57999420166
2020-12-20 16:00:00,939.1581344604492,43389.09037017822
2020-12-20 17:00:00,953.3080291748047,45973.29202270508
2020-12-20 18:00:00,960.2509765625,46915.08299255371
2020-12-20 19:00:00,961.8318023681641,45614.4821472168
2020-12-20 20:00:00,963.4784622192383,42792.3272857666
2020-12-20 21:00:00,926.0657424926758,41294.33688354492
2020-12-20 22:00:00,953.9463653564453,45257.95023345947
2020-12-20 23:00:00,938.5835800170898,44318.10990905762
2020-12-21 00:00:00,805.5288543701172,39174.815689086914
2020-12-21 01:00:00,840.0422973632812,35327.86109161377
2020-12-21 02:00:00,879.0619049072266,30786.035606384277
2020-12-21 03:00:00,732.246524810791,25217.947288513184
2020-12-21 04:00:00,680.5584335327148,22308.45817565918
2020-12-21 05:00:00,720.6284255981445,23552.043575286865
2020-12-21 06:00:00,826.0950393676758,25550.150203704834
2020-12-21 07:00:00,832.3189430236816,25709.142948150635
2020-12-21 08:00:00,889.444206237793,29914.366584777832
2020-12-21 09:00:00,907.6550827026367,36292.34516906738
2020-12-21 10:00:00,793.1716995239258,40932.69644165039
2020-12-21 11:00:00,878.8610229492188,45843.82069396973
2020-12-21 12:00:00,939.2886047363281,50760.23757171631
2020-12-21 13:00:00,941.8791198730469,49340.29636383057
2020-12-21 14:00:00,957.3997802734375,51650.56866455078
2020-12-21 15:00:00,960.5438766479492,53478.83899688721
2020-12-21 16:00:00,963.3812561035156,54297.81262969971
2020-12-21 17:00:00,962.3737487792969,54266.10006713867
2020-12-21 18:00:00,964.0044555664062,53400.74028778076
2020-12-21 19:00:00,963.9720001220703,53663.99423980713
2020-12-21 20:00:00,963.1027450561523,51199.49247741699
2020-12-21 21:00:00,963.4626693725586,49504.819343566895
2020-12-21 22:00:00,963.1356048583984,48342.322006225586
2020-12-21 23:00:00,962.6071166992188,50504.94871520996
2020-12-22 00:00:00,962.7699508666992,47599.367446899414
2020-12-22 01:00:00,962.9653701782227,45140.10799407959
2020-12-22 02:00:00,963.2345581054688,40236.63360595703
2020-12-22 03:00:00,963.7951049804688,37081.378021240234
2020-12-22 04:00:00,962.3244018554688,31011.324913024902
2020-12-22 05:00:00,718.2268447875977,32383.316162109375
2020-12-22 06:00:00,520.6132278442383,35057.718521118164
2020-12-22 07:00:00,604.0225296020508,33735.35732269287
2020-12-22 08:00:00,614.9373722076416,32756.007293701172
2020-12-22 09:00:00,409.45727920532227,24790.673194885254
2020-12-22 10:00:00,622.2490825653076,22019.1109085083
2020-12-22 11:00:00,464.9956512451172,18523.399856507778
2020-12-22 12:00:00,422.4407420158386,16998.259193599224
2020-12-22 13:00:00,357.604453086853,14496.271575450897
2020-12-22 14:00:00,260.28739166259766,11468.803391754627
2020-12-22 15:00:00,278.34699523448944,8146.699422806501
2020-12-22 16:00:00,129.0556640625,5863.019802801311
2020-12-22 17:00:00,112.15076446533203,5968.694929041434
2020-12-22 18:00:00,69.03494644165039,3758.4258468642365
2020-12-22 19:00:00,35.97536087036133,2452.030808446929
2020-12-22 20:00:00,43.86656475067139,1853.9152299202979
2020-12-22 21:00:00,28.67971444129944,1829.7834034860134
2020-12-22 22:00:00,39.39826735854149,1241.9438878521323
2020-12-22 23:00:00,21.44813370704651,666.800427377224
2020-12-23 00:00:00,23.455079317092896,968.2031746208668
2020-12-23 01:00:00,8.741030216217041,682.0912787616253
2020-12-23 02:00:00,37.568135261535645,1385.7169098854065
2020-12-23 03:00:00,47.933199882507324,2015.8824099302292
2020-12-23 04:00:00,54.91959190368652,3429.12997341156
2020-12-23 05:00:00,56.85416603088379,4737.2405462265015
2020-12-23 06:00:00,72.74205160140991,5562.424680128694
2020-12-23 07:00:00,66.1986894607544,5803.621492981911
2020-12-23 08:00:00,77.5015332698822,7029.917972639203
2020-12-23 09:00:00,141.6259787082672,8073.593527436256
2020-12-23 10:00:00,208.50474452972412,10754.954049110413
2020-12-23 11:00:00,236.75743865966797,12060.251679956913
2020-12-23 12:00:00,217.50517463684082,13327.027801275253
2020-12-23 13:00:00,299.845365524292,17723.79591846466
2020-12-23 14:00:00,486.8502883911133,24578.905442118645
2020-12-23 15:00:00,604.2202434539795,29964.632570266724
2020-12-23 16:00:00,780.4009971618652,29987.508234024048
2020-12-23 17:00:00,722.8601570129395,32764.11813735962
2020-12-23 18:00:00,590.847534775734,37764.73819732666
2020-12-23 19:00:00,626.4771978128701,39725.32848739624
2020-12-23 20:00:00,653.8742666821926,42842.17672920227
2020-12-23 21:00:00,720.9884605407715,45381.13768708706
2020-12-23 22:00:00,780.4399909973145,46058.10777282715
2020-12-23 23:00:00,658.7053161859512,49240.01575088501
2020-12-24 00:00:00,671.8441438674927,51053.541580200195
2020-12-24 01:00:00,722.7458343505859,51374.792488098145
2020-12-24 02:00:00,837.3095932006836,52228.73146057129
2020-12-24 03:00:00,931.2664642333984,50674.400886535645
2020-12-24 04:00:00,844.4817047119141,50988.75434875488
2020-12-24 05:00:00,796.6143035888672,50380.79524040222
2020-12-24 06:00:00,796.5203895568848,51532.401288986206
2020-12-24 07:00:00,721.7935161590576,51454.67434692383
2020-12-24 08:00:00,960.5143661499023,53568.07074737549
2020-12-24 09:00:00,962.7483978271484,53856.18225097656
2020-12-24 10:00:00,943.366241455078,53918.36447906494
2020-12-24 11:00:00,950.7138366699219,53815.368576049805
2020-12-24 12:00:00,946.2870559692383,53952.890480041504
2020-12-24 13:00:00,962.456672668457,54249.17980957031
2020-12-24 14:00:00,963.7228775024414,54522.64505004883
2020-12-24 15:00:00,964.2467422485352,54181.127029418945
2020-12-24 16:00:00,963.637451171875,53614.92673492432
2020-12-24 17:00:00,962.0246276855469,52611.13439941406
2020-12-24 18:00:00,962.1620101928711,52737.52653503418
2020-12-24 19:00:00,957.3334426879883,51845.55249786377
2020-12-24 20:00:00,956.2455520629883,53368.28583526611
2020-12-24 21:00:00,957.245849609375,53887.19231414795
2020-12-24 22:00:00,958.7371368408203,53772.30449676514
2020-12-24 23:00:00,934.8491287231445,53622.144706726074
2020-12-25 00:00:00,912.6680603027344,53326.91670227051
2020-12-25 01:00:00,887.6574096679688,52190.113609313965
2020-12-25 02:00:00,934.8016128540039,53003.56653594971
2020-12-25 03:00:00,938.4039077758789,52157.25942993164
2020-12-25 04:00:00,905.2770614624023,48233.05191040039
2020-12-25 05:00:00,901.7577743530273,46954.07793426514
2020-12-25 06:00:00,902.9943008422852,43982.75801086426
2020-12-25 07:00:00,818.4683532714844,41884.1169052124
2020-12-25 08:00:00,867.743049621582,41244.83299255371
2020-12-25 09:00:00,824.4087600708008,37866.5804977417
2020-12-25 10:00:00,728.7891311645508,37622.91550445557
2020-12-25 11:00:00,687.1142196655273,31800.626274108887
2020-12-25 12:00:00,563.9367828369141,28125.781539916992
2020-12-25 13:00:00,593.0251502990723,25594.401767730713
2020-12-25 14:00:00,485.16687393188477,22801.738731384277
2020-12-25 15:00:00,454.5317039489746,21603.716438293457
2020-12-25 16:00:00,477.53952407836914,19266.95980834961
2020-12-25 17:00:00,524.0242881774902,16384.70525741577
2020-12-25 18:00:00,384.39047622680664,12658.913549423218
2020-12-25 19:00:00,288.37099266052246,8782.88918685913
2020-12-25 20:00:00,181.33485317230225,9515.823715209961
2020-12-25 21:00:00,128.11109352111816,15632.221105575562
2020-12-25 22:00:00,161.2291774749756,25050.539797782898
2020-12-25 23:00:00,432.54199600219727,26739.94221687317
2020-12-26 00:00:00,434.468505859375,25739.83628463745
2020-12-26 01:00:00,448.98645401000977,35079.643535614014
2020-12-26 02:00:00,542.9642486572266,36761.737522125244
2020-12-26 03:00:00,614.1483039855957,40905.33797454834
2020-12-26 04:00:00,733.3208084106445,47550.05474090576
2020-12-26 05:00:00,920.2348785400391,51020.503257751465
2020-12-26 06:00:00,944.4540710449219,52750.20990753174
2020-12-26 07:00:00,951.8107070922852,52429.22317504883
2020-12-26 08:00:00,946.0708312988281,51307.1689453125
2020-12-26 09:00:00,958.5360641479492,51589.908447265625
2020-12-26 10:00:00,961.6754913330078,53616.36016082764
2020-12-26 11:00:00,962.7716598510742,53745.013008117676
2020-12-26 12:00:00,962.267936706543,53775.23220062256
2020-12-26 13:00:00,960.9522552490234,54034.6217956543
2020-12-26 14:00:00,961.8806457519531,54501.8367767334
2020-12-26 15:00:00,961.3311614990234,54310.54527282715
2020-12-26 16:00:00,961.7843627929688,54208.20648956299
2020-12-26 17:00:00,961.7251815795898,54337.59896850586
2020-12-26 18:00:00,962.1814346313477,54198.23091125488
2020-12-26 19:00:00,959.4591751098632,53990.599029541016
2020-12-26 20:00:00,960.6775283813477,54050.6746673584
2020-12-26 21:00:00,958.7348937988281,53965.21343231201
2020-12-26 22:00:00,957.7272491455078,52774.658515930176
2020-12-26 23:00:00,909.8347854614258,28500.003692150116
2020-12-27 00:00:00,75.28446388244629,6304.672341823578
2020-12-27 01:00:00,0.0,445.02735900878906
2020-12-27 02:00:00,0.0,1341.3728332519531
2020-12-27 03:00:00,0.0,1409.7810974121094
2020-12-27 04:00:00,0.0,229.57327485084537
2020-12-27 05:00:00,0.0,8469.250370025635
2020-12-27 06:00:00,0.0,11124.777709960938
2020-12-27 07:00:00,0.0,25531.923095703125
2020-12-27 08:00:00,0.0,34915.9287109375
2020-12-27 09:00:00,0.0,37325.58895111084
2020-12-27 10:00:00,0.0,41946.20162963867
2020-12-27 11:00:00,228.15638732910156,36804.61692714691
2020-12-27 12:00:00,892.0967254638672,36975.53839111328
2020-12-27 13:00:00,492.7905912399292,31638.290294647217
2020-12-27 14:00:00,477.5204801559448,28275.76878130436
2020-12-27 15:00:00,334.6306838989258,21495.047271728516
2020-12-27 16:00:00,485.7307949066162,16383.325721740723
2020-12-27 17:00:00,463.99965953826904,13114.46939754486
2020-12-27 18:00:00,352.35563945770264,13040.991645336151
2020-12-27 19:00:00,417.5152151584625,11741.515929937363
2020-12-27 20:00:00,437.35983657836914,9411.607192635536
2020-12-27 21:00:00,321.824773311615,8104.499968528748
2020-12-27 22:00:00,193.39381408691406,7037.750453948975
2020-12-27 23:00:00,138.2046194076538,4780.024546634406
2020-12-28 00:00:00,55.809454798698425,3265.357361316681
2020-12-28 01:00:00,41.34993839263916,3064.8041137754917
2020-12-28 02:00:00,66.63612271845341,3891.2177923992276
2020-12-28 03:00:00,77.9941635131836,3808.8095420598984
2020-12-28 04:00:00,88.88532066345215,5577.971441268921
2020-12-28 05:00:00,259.14083671569824,7236.163304746151
2020-12-28 06:00:00,185.7908535003662,8729.60492515564
2020-12-28 07:00:00,169.71406364440918,7323.095670700073
2020-12-28 08:00:00,198.4346752166748,11353.362564086914
2020-12-28 09:00:00,266.0450096130371,16498.415153503418
2020-12-28 10:00:00,193.08665657043457,13643.791255950928
2020-12-28 11:00:00,170.18640518188477,12676.36188697815
2020-12-28 12:00:00,211.21784782409668,12595.093055725098
2020-12-28 13:00:00,189.49448204040527,14859.693574905396
2020-12-28 14:00:00,185.67001724243164,11438.721168518066
2020-12-28 15:00:00,155.55205154418945,9177.371806904674
2020-12-28 16:00:00,122.6920223236084,7744.1187953948975
2020-12-28 17:00:00,190.22348976135254,8118.608748435974
2020-12-28 18:00:00,136.47669219970703,7272.05325217545
2020-12-28 19:00:00,129.63656616210938,10527.356574058533
2020-12-28 20:00:00,77.33179020881653,8441.37607485056
2020-12-28 21:00:00,66.11003732681274,5711.920761227608
2020-12-28 22:00:00,58.90908133983612,6784.682271164842
2020-12-28 23:00:00,35.19824159145355,5408.4499811637215
2020-12-29 00:00:00,14.53423540527001,3074.6059485813603
2020-12-29 01:00:00,18.711822032928467,1011.9131624102592
2020-12-29 02:00:00,25.969194412231445,1091.1035195589066
2020-12-29 03:00:00,50.11675691604614,1594.6591443121433
2020-12-29 04:00:00,84.24022841453552,1252.4836245775223
2020-12-29 05:00:00,116.87076115608215,3080.8714973144233
2020-12-29 06:00:00,150.28418631106615,4315.725867547095
2020-12-29 07:00:00,71.7326431274414,3151.9480994343758
2020-12-29 08:00:00,45.56497383117676,3988.593233346939
2020-12-29 09:00:00,86.18972265720367,3829.8791755654383
2020-12-29 10:00:00,38.527297765016556,4563.347328543663
2020-12-29 11:00:00,83.3359489440918,5938.9732729792595
2020-12-29 12:00:00,117.08779478818178,6681.561996459961
2020-12-29 13:00:00,3.3661852926015854,5403.488028287888
2020-12-29 14:00:00,54.22216486930848,6240.59485822916
2020-12-29 15:00:00,31.754709243774414,5570.091895772843
2020-12-29 16:00:00,33.70256878435612,6217.755115419626
2020-12-29 17:00:00,40.252844870090485,9276.92678463459
2020-12-29 18:00:00,68.1204981803894,12236.417733669281
2020-12-29 19:00:00,163.83978652954102,11860.003516197205
2020-12-29 20:00:00,196.100191116333,13747.253645896912
2020-12-29 21:00:00,290.493860244751,14642.721603393555
2020-12-29 22:00:00,346.5985040664673,14867.434063911438
2020-12-29 23:00:00,378.9247508049011,14668.270942687988
2020-12-30 00:00:00,413.2826519012451,13185.368040084839
2020-12-30 01:00:00,162.4686393737793,8207.745844364166
2020-12-30 02:00:00,250.96921920776367,7828.297348022461
2020-12-30 03:00:00,227.36760234832764,7945.531018257141
2020-12-30 04:00:00,272.6604459285736,8664.913979530334
2020-12-30 05:00:00,296.4597652107477,10262.956669807434
2020-12-30 06:00:00,262.78357887268066,12357.614588737488
2020-12-30 07:00:00,228.83894634246826,15019.03131389618
2020-12-30 08:00:00,283.0487365722656,14906.52503156662
2020-12-30 09:00:00,339.98148822784424,15985.847696781158
2020-12-30 10:00:00,447.12903022766113,18126.500896453857
2020-12-30 11:00:00,429.85603189468384,19329.705347657204
2020-12-30 12:00:00,572.2394981384277,22090.820814609528
2020-12-30 13:00:00,505.25695991516113,26762.120885849
2020-12-30 14:00:00,540.3697891235352,24474.962558746338
2020-12-30 15:00:00,448.24235916137695,20837.93574142456
2020-12-30 16:00:00,415.5825614929199,18362.6124458313
2020-12-30 17:00:00,438.7747039794922,16061.423164367676
2020-12-30 18:00:00,270.3909721374512,13809.501747131348
2020-12-30 19:00:00,363.45623779296875,16989.818977355957
2020-12-30 20:00:00,345.78856468200684,16518.319423675537
2020-12-30 21:00:00,341.56678771972656,16499.952432632446
2020-12-30 22:00:00,367.31808280944824,13785.928069114685
2020-12-30 23:00:00,442.1181106567383,14226.553159713745
2020-12-31 00:00:00,373.618408203125,14491.493428230286
2020-12-31 01:00:00,332.94535541534424,15097.720615386963
2020-12-31 02:00:00,421.3683166503906,13468.182773590088
2020-12-31 03:00:00,254.21395421028137,11755.713568687439
2020-12-31 04:00:00,179.13913464546204,10571.149799466133
2020-12-31 05:00:00,254.89638644456863,11522.267782628536
2020-12-31 06:00:00,182.2979965209961,11594.78693819046
2020-12-31 07:00:00,194.6634292602539,12394.781511172652
2020-12-31 08:00:00,192.72708129882812,10900.7580742836
2020-12-31 09:00:00,132.46082305908203,8345.845726013184
2020-12-31 10:00:00,135.07264709472656,8459.355177879333
2020-12-31 11:00:00,136.13980102539062,8480.886081695557
2020-12-31 12:00:00,146.97640311717987,8626.374614238739
2020-12-31 13:00:00,259.03409678768367,10856.74317175895
2020-12-31 14:00:00,276.0553810596466,10745.406430959702
2020-12-31 15:00:00,266.93017292022705,10586.174384832382
2020-12-31 16:00:00,282.973641872406,9483.903313837945
2020-12-31 17:00:00,391.0962448120117,9619.437870979309
2020-12-31 18:00:00,417.3093452453613,8447.827735900879
2020-12-31 19:00:00,259.0448250770569,5146.208147928119
2020-12-31 20:00:00,179.87154820328578,4453.737096473575
2020-12-31 21:00:00,137.60818350315094,4462.228323872201
2020-12-31 22:00:00,78.9801926612854,5543.0138211250305
2020-12-31 23:00:00,57.8244743347168,5727.287585258484
